0.09658,0.024439,0.0078283,0.055266,0.11784,0.66698,0.27806,0.78716,0.53708,0.49334,1.9018,3.2748,1.0357,5.3938,4.1881,7.1176,5.3237,2.3618,0.97951,5.2263,4.3777,3.1467,5.9613,6.7013,10.023,15.055,13.388,12.462,11.926,6.6787,6.5657,4.0973,4.3233,1.7496,0.99794,2.7573,4.6499,12.132,12.279,6.5802,7.9007,10.154,11.325,11.281,11.223,9.3875,7.8581,11.155,18.347,21.368,21.524,13.806,11.943,8.5566,6.9729,13.208,10.737,15.205,19.477,12.787,3.6047,4.0878,6.999,5.3886,5.7608,6.3432,7.6716,10.294,10.979,5.7598,4.3324,5.9201,10.477,8.5459,8.2347,17.469,22.996,10.822,8.4916,11.272,14.091,9.6795,10.323,6.1349,6.8267,12.637,6.9287,7.5645,15.107,15.326,11.075,11.401,7.0538,6.6905,9.3856,13.242,16.33,9.2173,5.3052,11.037,7.3203,6.8406,10.379,9.8258,4.943,3.7228,6.519,3.8442,5.0686,1.9855,1.9012,2.1682,1.2013,1.9642,4.2209,6.8083,7.3175,7.3151,6.0271,4.8083,2.5597,4.0973
3.6366,4.9072,5.3425,3.1252,2.2647,2.2482,2.2901,2.8332,7.0772,7.3535,4.9569,0.34811,0.24628,0.67999,0.55485,0.41925,0.4585,0.60413,1.0582,0.77195,1.1516,1.7932,1.1631,3.7792,9.3205,6.5984,6.3534,4.6927,3.6797,6.8816,10.107,4.3047,5.3385,4.7639,10.277,14.022,16.619,13.601,7.6192,6.995,9.5125,17.28,13.902,7.0795,6.3136,12.433,15.258,10.667,10.885,16.349,9.9272,9.1367,14.671,12.665,10.66,7.658,7.5677,6.1719,10.778,11.078,12.094,14.75,21.264,21.01,12.962,12.236,8.4073,7.138,7.4317,9.3959,9.7763,7.5822,7.2342,7.7766,10.279,11.388,10.839,6.536,5.3783,4.05,2.1077,3.2196,2.5723,3.0812,2.549,2.6301,1.0669,2.1414,5.791,4.4129,2.3635,3.3832,10.534,14.472,7.5006,10.896,10.577,10.098,9.4779,6.4185,15.801,11.894,7.1339,4.4474,9.3933,9.7391,13.577,20.56,17.029,8.085,2.9728,2.2186,4.3316,2.9941,3.1758,4.3601,5.677,3.9162,8.3268,7.6979,3.8143,3.5729
0.43835,0.75296,0.50364,0.58084,1.9446,0.91961,1.2126,0.75088,0.68338,2.6152,3.245,2.9618,5.5372,4.1253,3.43,3.1028,3.1539,1.8242,1.7897,1.2657,0.46176,1.6768,4.4932,4.643,5.0194,6.9531,4.0909,3.6809,3.3564,6.5327,6.1394,1.8608,1.6384,5.0118,6.7234,7.585,14.243,16.183,12.083,14.498,19.277,21.85,16.17,13.13,13.32,11.768,11.569,15.594,14.088,13.974,13.425,9.6214,10.814,12.899,15.468,15.87,22.13,21.454,18.707,13.995,9.6145,12.125,14.433,9.7307,15.197,20.151,12.58,6.9479,7.5593,11.513,10.583,10.073,14.312,11.192,8.7749,2.6591,1.6689,1.0941,0.6659,1.0017,0.28591,0.39196,1.0306,1.4996,1.2761,1.1603,2.3473,2.8201,9.803,8.1299,16.61,15.927,14.141,11.468,5.793,4.5863,4.1948,2.8124,3.426,6.8158,2.1096,1.69,1.5956,3.0871,7.9377,11.721,19.866,21.977,19.624,15.984,6.14,1.55,0.33418,0.36002,3.352,0.54579,0.40241,0.064634,0.47612,1.6765,0.31911,0.45283
1.9248,2.1749,2.4622,2.3504,0.69315,1.3874,0.95993,0.10924,0.35743,1.182,0.57825,2.0226,4.0785,2.3812,6.6873,6.9454,1.1199,0.43336,0.30936,1.3848,1.7112,2.6567,4.9956,2.7662,4.5716,6.8132,14.321,6.9802,4.1781,17.308,13.452,11.326,10.741,6.3033,2.6918,2.8565,6.2363,6.4847,4.8329,2.7007,2.3355,1.4753,5.4718,3.0535,4.1057,4.1237,5.5218,5.3375,9.082,5.1698,4.4897,4.5811,2.9659,3.2393,9.1367,25.814,19.466,7.187,6.2155,7.7472,15.092,9.5179,13.783,10.755,9.4442,9.771,14.421,21.663,15.163,10.025,8.0497,9.3606,10.64,8.6313,9.2653,6.9474,15.768,11.379,14.529,5.4751,2.7711,9.0632,9.731,9.8872,2.1887,1.7471,1.2482,1.121,0.076236,0.2055,1.6941,3.4363,6.1629,8.6262,4.8126,3.7348,5.1071,5.6325,7.6157,6.9224,9.9883,6.6922,11.676,10.718,4.4041,1.4833,1.6103,0.47168,0.25971,1.1626,0.729,1.0892,0.37106,0.38821,0.10039,0.25978,0.30819,0.93762,0.55618,0.36325,1.0926,2.4504
0.0080566,0.093916,0.52941,0.84256,0.18681,0.77955,0.23323,0.056747,0.31868,0.36625,0.26234,0.65701,1.0716,1.1195,2.2073,1.8027,3.5657,6.4305,8.1087,9.2832,12.924,17.333,12.01,7.5564,10.371,14.913,15.48,9.5869,8.732,8.4843,1.8597,0.529,2.5731,6.254,10.604,18.571,11.686,5.164,2.0462,2.404,0.67364,1.0371,1.4582,2.9559,3.3883,7.3128,14.055,11.601,12.492,9.4787,16.317,14.316,16.4,22.198,23.132,20.064,17.458,23.27,26.087,18.529,15.439,8.1955,5.4524,19.428,22.864,10.571,5.8907,4.5632,5.4179,8.6212,8.9349,8.8795,12.486,7.3995,10.508,10.21,9.7649,6.9964,13.936,12.687,6.7928,7.1605,11.228,4.6947,6.5051,18.634,14.831,5.9323,3.3774,3.7046,2.2115,5.4187,8.6227,3.4076,5.1356,5.1764,10.055,2.9962,4.2877,3.3966,3.0777,4.0151,7.2198,5.8618,3.761,0.97397,1.0346,3.8134,3.6472,1.6647,0.66299,1.7458,3.0315,4.4334,6.3038,2.6986,1.7322,0.73706,0.26171,0.48589,1.1028,1.0203
0,0,0.0027521,0.32586,0,0.0021054,0,0.001069,0.0057452,0.0095162,0.11419,0.11006,1.5214,1.6739,4.9692,7.8163,4.7977,8.1702,10.336,9.8288,8.4852,7.3979,7.85,6.5896,3.7902,5.5589,4.9998,1.2501,1.5344,5.0697,7.2109,8.7686,13.144,17.593,18.235,15.47,15.085,10.105,9.2063,10.614,12.33,8.5542,10.13,17.895,10.119,3.9246,4.6897,11.161,13.571,6.921,4.5324,10.885,8.9769,8.2416,5.1574,7.7192,10.471,10.635,8.3815,7.3223,9.5421,7.0765,9.0756,21.209,30.372,28.788,12.682,4.0211,8.7361,11.627,15.968,10.51,10.058,7.1085,15.56,18.69,16.811,17.627,23.238,10.474,11.727,8.6003,8.8502,13.007,9.6816,4.4464,3.393,3.8997,5.519,5.5696,4.8444,6.2427,8.6284,10.627,9.2408,6.8796,6.3025,3.3663,6.6565,9.9092,11.498,9.0839,8.4371,4.3865,4.5562,4.0761,4.056,4.7169,2.8951,1.5227,1.5827,1.2237,0.41709,2.1036,1.3722,2.0844,2.8539,3.2854,6.2308,7.2529,4.4707,3.8157
0.9149,1.0315,0.48494,0.71291,2.0097,1.9005,1.1374,1.9699,2.3553,2.7307,2.5532,3.358,4.2693,1.9335,3.6313,5.0085,4.5581,7.2384,5.8535,4.5217,2.4683,5.105,2.9117,0.86986,2.0472,2.9878,7.6379,1.9697,3.2811,2.1949,7.4302,12.531,9.6895,9.3532,12.568,13.991,9.771,6.8106,8.7955,9.9563,19.886,15.001,9.406,11.649,23.274,13.671,8.7518,3.5152,6.3662,5.0962,7.0902,5.5433,9.3495,6.3099,4.0713,4.4943,5.4047,7.695,7.5175,6.7812,4.4742,8.623,16.801,7.6048,2.0944,3.8095,5.8922,9.2454,11.188,21.697,18.893,14.421,18.6,7.8706,5.7937,9.6426,7.9455,3.378,4.7938,7.4055,6.2901,6.1779,1.7064,1.2244,0.19467,0.48545,0.032838,0.73096,0.72016,2.5467,6.8772,10.602,11.751,10.44,11.14,17.791,16.982,12.999,5.6388,23.463,17.664,8.9301,5.4273,5.7435,12.367,10.027,10.811,16.326,18.377,12.099,7.5965,4.4853,4.9884,12.592,16.762,11.015,4.7757,4.2889,3.3283,4.7596,13.862,18.308
0.025441,0.0015833,0.060708,0.27755,0.22483,0.45065,0.13881,0.86925,1.5951,1.1879,0.60207,1.3431,1.0565,0.91519,3.1349,5.3404,12.138,9.5232,8.5205,8.6093,5.3969,5.3781,5.5319,5.8852,5.9323,8.8979,14.495,25.968,15.499,18.007,7.6033,5.856,4.0637,9.9181,7.3445,7.1668,7.2879,6.5943,5.7708,4.4092,9.9088,5.9145,4.7069,6.9604,10.163,7.9167,10.202,8.6009,10.699,6.9976,6.6169,8.5889,3.5325,3.3273,2.4286,1.8836,3.4467,10.344,3.6696,6.7955,5.6662,6.8059,9.8444,6.7467,8.2224,10.852,16.805,14.263,16.286,15.924,16.009,12.489,9.9639,7.6662,6.9826,13.528,13.623,17.512,13.318,7.9001,11.102,8.8362,6.5356,9.7313,18.337,10.21,6.5257,6.6442,10.751,12.136,20.286,21.05,15.225,12.574,13.257,20.336,16.91,14.17,8.2923,5.7803,7.6906,11.988,12.837,15.701,12.009,12.847,8.9682,2.717,1.4756,1.4188,2.6282,2.8292,2.1914,5.2247,9.7794,7.8371,2.1566,3.7288,4.121,3.1995,2.1038,5.3829
5.1352,3.6888,6.775,6.2602,2.4122,1.3122,1.0125,2.8176,5.5306,8.9877,7.6135,4.8691,2.5755,0.8981,1.6633,2.0803,7.0987,7.0286,6.516,5.3369,8.5497,6.7145,7.1448,9.4809,6.0468,6.8689,12.488,6.1455,4.4888,3.7096,13.054,17.378,25.547,23.029,18.38,14.786,16.959,14.243,16.632,12.201,11.968,19.361,26.241,21.134,13.024,10.786,8.856,9.0486,3.5956,9.5514,10.534,9.3426,16.416,13.099,4.6729,9.2974,11.343,9.2625,5.7669,4.0588,9.4884,13.922,16.169,17.393,21.956,21.502,7.9906,8.6584,16.126,15.95,12.896,6.6528,5.7631,9.7139,9.3156,6.4692,9.3132,9.9834,5.1384,7.2697,11.052,7.1367,3.7137,4.08,2.7777,2.7071,1.2497,1.7828,2.605,1.9549,2.0382,6.0237,7.7478,6.3683,6.9265,6.5105,8.8035,8.9679,6.0493,3.9501,7.9371,5.8581,8.3688,10.22,5.9419,4.4891,4.3346,2.9932,0.68121,0.53336,1.8233,3.7832,5.1608,4.9356,8.9697,8.4044,5.4527,6.6234,8.9333,5.802,4.8693,4.4798
1.8457,1.8345,2.5778,1.6789,1.127,0.47816,0.69825,0.84025,0.79654,0.77829,0.37172,0.03036,0.094331,0.33504,0.56629,0.66739,0.34677,0.90284,1.1232,1.1539,2.3579,3.228,4.3573,7.0377,6.932,6.0078,10.733,10.238,15.277,9.2499,2.9872,6.6199,9.917,9.3621,6.8837,4.1946,4.3437,8.8188,10.597,14.907,10.499,11.42,22.308,15.537,7.3278,4.4111,10.57,12.736,15.936,10.885,13.109,19.236,12.093,8.3049,10.855,8.5245,4.6702,2.0338,5.1891,6.2465,5.295,6.0016,7.8534,4.8876,5.2561,4.1723,9.1817,10.095,9.8194,9.8689,7.7799,6.5048,14.32,17.455,9.6527,7.1313,5.2625,5.8534,11.365,12.622,15.088,10.428,10.038,24.004,14.725,5.1003,5.304,16.293,9.6343,9.8028,11.586,9.0375,7.9121,8.9579,8.8527,5.0903,1.6077,0.56313,1.3152,1.522,2.7347,5.2188,7.2325,7.8654,12.149,13.306,4.2376,0.37679,0.65883,0.40398,0.03553,0.20246,0.24427,0.30783,0.28061,0.33142,0.80915,1.2581,0.89564,0.67818,0.062009,0.0095837
0.0030354,0.0068498,0.21356,0.19715,0.15959,0.23699,0.51497,0.27445,0.13152,0.11928,0.3107,0.23042,0.090479,0.061655,0.077249,0.072166,0.97566,1.1308,2.2572,4.4935,5.6209,5.9633,8.4524,5.4465,5.6723,7.758,5.339,8.4898,6.6436,8.6026,6.5252,3.0516,4.7982,7.5953,9.0132,3.5196,8.6644,21.403,25.505,26.774,17.996,11.945,9.9241,10.007,11.81,14.045,14.946,16.782,12.603,11.481,7.3896,8.9043,13.394,15.004,14.668,14.746,7.6088,8.7603,6.3041,3.2758,7.8991,9.7534,11.008,12.619,9.6622,10.832,11.077,7.732,7.1408,8.0638,10.539,6.2485,7.0622,9.4574,6.2788,6.7778,7.9561,10.933,15.375,8.8757,7.0807,7.5529,5.3339,2.6698,4.8506,5.9147,11.256,8.5822,8.3013,7.0422,9.9957,11.864,22.166,15.597,6.0813,3.4003,0.71714,5.1566,6.9277,10.043,14.287,18.896,14.749,9.7932,7.4957,7.2391,7.9281,8.5989,3.0792,2.2916,1.7335,2.5182,3.199,5.683,6.8212,9.5105,13.457,11.349,7.3253,7.9447,5.7941,5.8912
2.6827,4.6063,3.3291,3.3602,4.8475,2.6465,3.4802,0.96551,0.44528,0.91527,2.5972,1.4709,0.99894,1.5765,0.83813,1.2792,0.81283,0.57227,0.67971,2.8717,1.3001,3.1125,1.0545,2.6234,1.4508,2.6209,6.5258,5.5714,6.1109,16.502,23.657,8.1755,2.2343,7.0698,16.074,14.986,9.3355,7.6115,5.6939,11.626,11.245,18.66,20.377,11.818,4.3891,5.4819,6.0832,8.8543,17.455,17.515,15.523,13.02,7.5283,6.3455,7.4587,15.323,23.931,19.77,17.989,13.271,9.9322,17.659,14.192,8.9577,9.15,15.339,12.152,7.1482,5.6933,10.426,13.626,6.5407,5.973,12.717,13.175,8.879,5.9665,3.7397,2.3943,6.7069,7.692,4.2928,6.469,5.5041,12.981,9.5746,11.984,16.272,12.285,11.487,10.226,12.667,14.385,13.215,11.652,12.883,12.592,8.2605,13.17,12.111,14.851,14.165,10.505,11.504,13.832,16.722,18.002,4.7336,1.5624,1.0282,2.1423,1.2358,0.71319,0.3225,0.95062,1.1228,2.3455,3.448,3.1579,3.5146,4.5278,5.5242
0.094225,0.22876,0.32656,0.54485,0.43974,0.42156,0.37894,0.16763,0.70086,1.611,2.4853,0.78643,1.4632,1.5138,7.1625,9.9844,9.9326,8.3582,3.4444,5.4382,5.402,7.6828,11.241,4.9094,6.127,5.077,6.7452,6.718,7.91,9.6534,6.4962,12.017,15.906,20.942,15.784,10.037,11.63,16.606,12.321,11.158,10.005,8.3741,9.7605,11.198,9.0193,6.1998,10.604,7.0297,5.3301,3.3442,2.8476,2.9223,1.2897,4.2911,6.598,9.7036,16.368,9.765,7.5253,8.5498,12.074,19.258,11.883,9.4623,18.211,17.965,8.3914,6.4665,13.685,14.532,16.926,10.486,7.8804,9.125,12.901,10.923,22.811,21.325,18.473,11.522,6.7359,6.6679,14.184,9.0071,7.0409,7.7476,10.147,8.8208,3.4025,1.4304,2.0694,1.9715,1.8446,1.3289,2.2062,0.95211,1.0227,1.8062,2.013,4.7726,7.3771,10.78,10.21,5.087,3.3195,2.207,0.4233,1.6006,0.78393,1.2573,0.9925,0.86543,0.47117,1.5235,1.6127,1.8862,3.7277,7.8254,5.5861,1.2564,0.54726,0.86543
0.22984,0.2098,0.42447,1.0148,2.202,6.1271,3.3076,1.7815,4.3501,11.143,21.968,17.031,10.882,4.9103,0.26326,0.11645,1.044,1.7007,4.4325,3.7101,4.2376,3.1932,6.2563,5.7379,9.718,5.9363,2.6529,5.4309,4.497,8.5176,10.361,12.673,12.134,8.9471,13.007,18.806,14.823,17.138,30.641,19.529,9.2037,8.0464,16.853,13.413,6.734,15.37,24.009,17.157,6.2628,5.9058,11.533,7.797,7.631,6.2228,4.1524,7.1532,3.5609,3.2303,7.7242,7.6444,6.4129,9.679,14.561,8.2861,12.537,18.485,14.073,9.3674,11.543,8.6869,6.2261,4.1614,3.2737,2.7279,6.5566,13.639,12.447,7.2166,8.3799,7.7313,6.2407,16.17,12.303,11.295,15.673,18.243,15.168,6.039,3.7246,5.4593,10.714,8.6509,11.966,21.808,19.864,18.127,15.348,12.096,10.572,21.741,20.225,12.53,12.547,12.413,6.7982,14.891,17.62,15.176,7.0947,2.499,1.953,3.8342,6.4397,7.5089,8.4841,8.503,11.554,15.166,13.712,9.0163,5.3653,7.3187
0.74705,0.71271,0.14229,0.93753,0.94311,2.3349,1.6979,1.0668,0.27307,0.12325,1.4075,2.9271,2.2929,2.0329,2.0033,1.3348,0.51884,0.7858,1.8963,2.065,2.5324,6.886,6.0072,2.393,1.8434,0.69862,1.0267,0.53456,0.66366,2.0593,2.8611,2.4333,3.9833,4.0542,5.554,6.4008,9.2895,12.093,6.1999,3.506,4.3532,11.248,16.81,5.7787,4.6706,19.5,23.318,21.038,15.867,14.504,10.792,18.758,16.941,8.1695,8.1732,10.198,3.8955,3.9044,4.1741,9.4185,8.7959,3.8501,4.0368,7.1944,7.3885,8.5631,7.9743,6.5418,6.1726,7.598,4.6471,7.7961,17.782,23.987,14.607,8.1051,5.1794,4.8376,10.962,11.241,4.9779,2.0564,4.1373,3.2554,6.2579,3.6471,4.8333,5.967,7.0717,5.3034,7.8387,8.0559,3.7879,4.0835,7.9514,9.0013,7.686,10.644,7.3782,6.5648,4.3331,7.9088,8.6465,7.5827,5.9361,6.2917,5.4108,9.0903,4.8584,7.8132,19.062,21.673,15.444,4.5913,11.298,6.8069,4.0308,2.1909,0.71515,0.55129,0.38525,0.17311
1.397,1.6432,1.3165,2.2597,3.1254,5.1468,7.8031,6.1552,5.075,2.7335,4.7398,4.7888,5.6736,5.8811,5.4476,3.824,4.1719,4.3919,3.8519,0.25019,0.042569,0.065533,0.43924,1.1639,2.1968,2.7431,3.9367,4.4298,6.3103,4.3497,7.3437,4.4075,6.2159,5.2039,9.0227,17.441,18.453,13.708,11.584,15.081,13.604,8.1755,8.6375,6.125,6.0384,5.0735,3.1223,2.7729,2.7691,4.8494,3.5174,2.546,1.8723,6.0906,7.6352,6.154,8.8372,9.7622,12.409,16.551,13.011,12.269,8.9551,8.5997,10.59,9.3419,6.0044,9.4378,15.179,14.329,16.771,22.436,18.428,9.2857,7.2168,6.9809,9.0587,12.896,5.7864,6.6945,10.506,8.4723,4.8606,8.8216,5.3181,6.6779,12.449,9.7102,16.205,13.026,6.2073,5.6139,5.6784,8.2262,9.1771,10.41,13.244,15.789,10.261,7.5233,5.1303,4.5789,3.6876,12.357,20.6,12.399,12.466,3.967,1.4517,0.59541,0.50563,0.47399,0.49723,0.53843,0.99261,0.52516,0.077584,0.046344,1.1822,2.2669,2.2123,0.46362
0.50228,0.6307,0.1371,0.090099,0.042894,0.13847,0.071664,0.97379,1.2676,2.7215,1.9706,1.5505,2.007,2.1042,2.3111,1.6967,2.7533,1.5259,3.0902,3.3995,5.2317,8.1018,9.7181,9.5308,10.121,11.865,10.425,11.834,14.105,18.371,23.602,13.33,6.9394,10.254,25.007,23.818,20.898,8.4587,6.7642,15.079,12.988,12.854,9.0498,6.881,6.8291,6.1298,7.5241,5.1565,7.2862,6.8566,7.7629,6.0329,7.0795,15.073,12.504,8.2148,6.0913,5.702,4.3743,5.3379,3.6012,2.3348,4.415,3.1772,2.6705,4.4629,7.9056,10.348,9.2964,6.3081,8.0207,15.044,23.644,14.32,8.9408,20.603,21.019,19.498,10.491,9.1488,14.16,10.158,8.748,13.795,15.421,14.858,9.9279,10.014,6.5435,3.8751,5.0386,7.989,13.088,9.3818,8.9493,3.153,1.2653,1.439,1.7371,3.758,6.8223,7.3517,4.3489,3.4786,4.8164,1.614,4.3392,3.3032,3.7327,6.6461,11.103,14.153,11.978,6.4498,8.471,11.982,14.393,4.1754,0.57383,0.68701,0.45756,1.4594
0.22047,0.12234,0.17734,0.054488,0.24362,1.1222,0.72981,0.12898,0.38045,0.3638,0.53599,0.68002,1.04,0.83115,1.4583,1.5138,1.9914,1.8555,2.1527,2.9538,3.1849,5.3318,2.7017,2.1744,4.3017,2.1184,4.4368,1.8241,1.2828,0.7184,1.7699,4.4896,10.91,7.8697,6.4173,2.9308,2.6453,4.0304,1.0963,1.2435,1.4552,3.3018,4.4888,3.6802,7.2015,15.764,11.047,9.2521,13.203,18.636,8.6903,4.9941,4.511,8.8503,17.182,17.189,20.351,23.863,20.918,18.697,11.614,5.4376,3.0001,3.1121,1.9792,2.0392,1.3736,0.37779,0.46596,0.21985,1.0974,4.2611,3.0494,3.6461,3.4028,6.3602,4.952,3.7407,3.897,2.4225,5.9024,13.588,7.9306,9.6152,11.231,17.344,13.715,10.972,10.016,4.5732,7.8634,4.1443,8.0289,13.774,12.788,6.941,4.2362,9.7776,14.468,10.119,7.9505,3.8698,1.5096,0.92046,0.31019,0.38206,0.068914,0.37682,0.34048,0.25753,0.20687,1.3053,7.4404,6.8952,12.084,4.5131,1.3493,0.97031,0.32406,0.4107,0.27152,0.33394
0.38887,0.071582,0.099619,0.062224,0.57486,0.17192,0.41015,0.36179,0.13731,0.38101,1.6548,1.0085,3.6989,2.85,5.3853,3.2905,3.0577,7.9002,10.943,10.127,11.327,8.2269,9.2586,8.4242,12.149,9.8991,6.5269,9.0517,8.3116,8.2732,7.6582,2.1569,1.488,0.45549,1.4,1.5353,1.9362,2.0353,0.67259,1.4253,1.8236,2.5735,5.6864,8.9314,8.1607,12.397,12.871,9.3978,12.696,11.001,8.7728,8.546,9.8347,4.9037,6.7946,11.906,14.155,15.07,17.156,19.474,13.32,13.245,11.934,7.6337,7.2092,12.393,10.058,13.629,14.389,11.788,7.8433,5.4862,4.9195,5.6909,11.65,9.9398,6.9842,8.8672,3.8334,9.4861,9.4772,4.1439,4.3042,4.6446,1.4259,0.32001,0.025699,0.75494,1.0284,0.75603,0.97021,1.2923,4.6207,5.9142,8.4235,9.5027,14.101,17.68,19.087,11.059,2.0016,0.9119,0.31325,0.60082,0.3988,0.32647,0.11896,0.071114,0.29115,0.71263,0.59066,1.2455,0.33309,0.3055,0.43085,0.22598,0.29817,1.2421,0.21526,0.55828,0.2367,0
0,0,0,0.15139,0.018388,0.010843,0,0.050242,0.51349,0.20872,0.056898,0.39672,1.0904,1.6506,3.38,7.7507,5.5594,5.0234,10.204,8.3756,4.3002,4.5433,5.1409,6.0018,7.2537,6.7168,9.0866,13.422,8.3972,11.114,16.4,16.459,16.06,10.015,8.4298,5.5955,4.6959,5.2091,2.9311,0.81555,0.525,0.71278,1.4825,3.4999,4.6725,7.6992,9.8475,6.658,9.8598,4.8988,3.9787,3.7692,10.545,14.784,15.76,15.122,16.404,24.527,22.386,11.567,14.303,11.434,12.872,17.666,13.159,9.0693,10.116,7.1466,9.4385,7.4082,5.5908,14.294,12.376,10.115,5.546,3.5353,7.9854,10.704,10.706,9.408,20.071,11.197,5.7496,9.9661,13.984,12.056,9.6287,7.6117,5.1545,7.8093,13.887,17.669,12.916,10.972,10.858,12.499,20.271,14.902,7.3622,3.2855,2.4741,4.2387,6.2459,6.655,4.4514,6.419,11.091,10.695,9.1777,5.3866,4.8103,2.7154,0.68853,0.67094,1.0641,2.1452,1.2924,2.9972,4.1204,1.4938,0.49805,0.028868
0.62584,0.67403,0.69933,0.62792,0.4689,0.18637,0.39994,1.2544,0.68557,0.44317,2.4614,0.73846,1.98,2.3954,4.1647,5.8361,3.1244,1.8843,1.8704,1.0209,1.4891,1.5095,2.7335,4.7857,5.6295,6.6946,9.5499,5.4564,2.3353,2.339,2.3043,4.0351,8.0602,7.7738,12.011,10.805,16.108,19.023,21.364,16.397,13.351,6.828,5.9275,4.2215,4.1176,4.3763,8.8506,8.8969,7.828,7.6872,9.72,10.966,9.9198,6.3612,5.7789,4.1906,4.8328,12.598,19.796,19.708,20.251,14.199,13.106,12.152,18.799,25.661,22.866,8.5764,5.1997,5.5229,6.6466,8.1023,13.453,13.394,11.858,9.444,10.169,8.4804,8.1053,9.4825,5.8673,4.6715,2.9119,3.1666,2.9322,2.1183,0.83227,0.37806,0.20077,0.22965,0.63685,0.33416,0.16819,0.4688,0.27172,0.72559,1.0249,0.93585,0.47687,0.60846,0.49848,0.4161,0.62085,2.5035,6.5397,7.6391,9.2478,10.672,12.595,10.198,4.9325,1.1644,0.72309,2.4682,2.7191,1.6154,0.99728,0.67508,2.3306,1.3164,3.6398,6.2665
0.25115,0.78317,1.9243,1.4441,3.6407,4.76,4.7481,4.2145,0.7227,0.38926,0.54916,0.46253,2.8539,1.4246,2.0829,2.0393,1.9317,1.5778,2.6733,3.6549,3.0545,1.5036,1.977,0.85537,1.7434,2.5021,2.1545,3.9238,4.3821,5.6024,5.1983,6.8893,6.4588,11.644,17.572,10.924,10.799,12.675,9.5006,9.9097,9.8232,9.3255,5.2692,6.7376,7.7534,11.762,23.271,16.35,14.284,20.997,18.775,7.482,3.8518,8.1331,8.9935,9.006,9.8983,13.111,13.559,14.291,18.083,18.789,14.407,17.21,18.388,10.081,6.9169,8.2182,13.933,11.803,11.632,8.9095,11.824,8.7318,14.492,19.059,17.098,11.688,5.3536,4.7425,4.2481,4.1388,3.37,4.6678,2.8544,4.0973,4.1353,4.604,3.3098,3.0378,2.0624,2.6458,3.3846,3.4509,5.5152,4.7594,7.3863,10.411,13.696,17.606,15.646,19.485,9.7966,7.5857,3.8495,2.6013,2.5133,3.0173,4.2278,4.9685,3.4303,6.6531,9.3312,12.16,7.1234,2.1558,0.16071,0.71577,0.62581,0.53408,0.027523,0.040055
4.7364,8.6306,5.9838,6.2964,3.8508,5.3359,3.0145,2.959,2.2397,7.456,13.637,8.0779,7.7385,11.698,14.376,15.389,9.8391,4.226,0.74362,0.73533,0.34005,2.0343,3.2276,4.0957,2.8382,4.3453,11.193,9.3783,12.083,9.7676,16.458,21.129,19.225,10.292,5.9538,7.8991,9.2352,11.355,10.77,12.636,13.095,9.1423,6.8035,0.81612,0.55876,0.61797,0.82936,0.90883,3.6496,6.9863,6.727,6.8745,2.8962,3.1227,2.6668,1.5869,4.5312,7.1914,6.8723,7.2378,9.0848,11.211,11.341,11.074,14.164,6.4858,4.7681,5.8635,7.9943,10.938,11.223,10.167,9.9348,14.044,11.343,7.4545,10.05,11.283,12.681,11.349,13.603,8.3097,10.883,14.187,10.411,16.444,11.322,15.905,20.078,16.284,9.7638,14.279,17.381,12.915,11.305,13.667,15.377,23.809,20.477,4.5627,6.4746,5.7776,9.5613,13.258,10.535,7.2324,10.848,8.4648,5.5522,2.0596,1.4259,1.5779,3.9958,7.1261,6.1912,5.2472,4.4775,2.8031,4.2242,3.2384,2.5087,1.1348
4.0048,4.8347,11.072,9.2575,9.5374,12.379,12.167,14.257,9.5106,3.0199,0.15222,0.15884,0.15657,0.5955,1.5609,2.513,6.4475,1.925,0.58196,2.1724,9.2363,15.9,19.927,11.239,10.469,14.169,17.507,13.477,9.9578,3.6601,4.1742,7.6485,7.0466,5.4418,5.6607,7.7635,10.7,5.0032,2.2764,2.1662,9.3976,7.4537,8.711,12.969,14.952,12.821,10.102,12.444,20.848,20.453,19.808,16.239,12.741,10.495,4.2089,7.0121,23.634,18.013,12.715,10.493,5.1897,10.12,14.494,13.044,11.739,4.5355,5.4984,2.4679,14.314,16.287,7.6498,5.3215,7.509,9.7957,8.0573,6.5298,6.1621,5.5962,4.135,3.304,3.1859,3.7975,4.1691,5.2486,4.5961,4.5825,10.802,14.253,13.925,15.274,17.109,18.014,17.771,9.4024,7.8203,8.3091,13.386,12.197,11.68,11.548,6.923,4.2603,2.3161,0.53241,0.58369,0.26417,0.3493,0.07737,0.032192,0.24538,0,0.073463,0.57203,1.7448,2.1922,2.4436,1.5596,5.2953,9.4073,8.1658,6.4536,5.2995
0.088283,0.044454,0.013585,0.017812,0.21359,0.34474,0.41094,1.1948,0.78004,0.47138,1.2067,0.58487,0.13337,0.58555,0.29559,0.52378,0.41962,0.46663,0.23115,0.62629,1.1309,4.8737,6.6833,6.3122,5.9476,4.2182,9.7633,11.163,8.2028,8.2042,14.869,7.9818,5.7628,10.606,18.053,15.464,19.659,13.183,11.427,5.9979,5.5359,3.4301,1.5689,1.1663,11.204,7.1936,7.8947,5.2684,3.081,1.9473,0.74004,2.457,1.7318,0.37585,0.80937,1.2412,0.75021,1.3557,1.4559,0.68197,0.60871,1.8119,2.4776,2.5438,5.5325,8.217,8.8894,7.5312,14.189,15.334,10.677,9.8591,8.5902,7.1289,14.006,12.688,17.482,19.864,21.494,12.942,11.365,6.3191,8.0339,14.978,11.922,11.295,10.251,13.877,10.95,10.679,11.104,3.5633,4.3241,1.8279,1.2823,2.1458,0.99238,2.0968,2.7603,1.2727,2.4517,4.3958,8.5064,19.233,18.055,8.0962,1.911,1.6395,0.21213,0.11068,0.067255,0.017545,0.038805,0.20806,1.5191,5.9539,5.8632,2.5994,0.050662,0.010341,0.099268,0.020919
0.97966,0.041221,0.41146,0.66792,1.4571,1.5556,1.8367,2.1005,3.2848,4.3183,5.2918,9.5214,12.6,7.6276,3.249,0.74372,0.29397,0.36587,1.014,0.35414,0.39668,0.23077,0.23955,0.35437,0.96526,1.0887,1.2135,4.5595,4.4692,3.2153,4.5044,9.8,10.078,6.6435,14.942,11.545,9.007,20.971,22.804,12.156,15.821,9.3124,14.769,17.787,18.312,11.577,10.443,17.267,14.446,8.6749,21.325,19.969,10.841,3.6811,3.9013,2.962,6.2129,7.7382,6.9652,8.1472,3.5048,5.1136,4.8277,3.9388,5.7012,7.4049,5.8148,6.3845,13.382,13.36,8.1494,7.3573,21.167,20.063,18.724,11.069,7.1943,10.929,15.638,16.501,16.684,10.145,11.558,15.728,8.8255,6.9849,13.919,20.309,17.486,19.018,26.128,18.944,12.136,9.1986,12.911,16.883,13.588,14.158,14.583,9.7975,6.3788,4.3313,4.0643,6.9887,9.0743,5.4967,4.0798,2.8339,4.5175,7.1782,2.3467,6.0614,11.072,13.85,10.118,15.255,17.824,15.352,7.7487,3.5571,2.3021,2.4677
0.75213,0.28137,0.48576,0.58812,1.3186,0.53638,0.25925,2.1485,2.3707,0.41565,0.54599,0.15804,0.48097,0.1682,0.50544,0.77447,3.9485,10.163,7.7106,1.8235,0.49698,0.70273,0.6602,0.58122,2.4794,2.7201,3.6438,3.7591,1.8419,3.1248,4.8423,10.003,11.01,5.2044,5.4343,4.2596,3.7747,4.8497,6.5724,9.9277,12.04,12.62,11.784,11.732,12.125,17.003,5.2214,7.1575,11.013,8.0285,4.3874,6.7734,6.2486,12.104,12.009,5.8553,3.2482,4.5495,7.741,7.7686,7.1964,5.1367,4.0994,5.5961,7.3227,9.6248,13.39,12.19,9.5884,5.3468,11.981,12.738,10.257,8.6872,8.1239,11.21,14.636,18.559,18.731,16.493,17.476,9.4398,4.9863,8.6601,3.4891,5.3737,2.9539,5.1535,1.9593,1.3325,0.47606,0.29903,0.48905,0.86432,1.1993,0.84294,1.031,0.7629,0.28898,0.77475,1.4304,4.3194,3.0512,2.1186,0.79273,0.76954,2.1433,0.46765,0.55952,1.7279,2.3753,1.4374,2.0826,1.2118,2.8063,3.2076,5.9078,4.3688,4.465,3.3035,4.7972,4.0161
2.4066,0.90935,2.043,3.2602,0.99354,0.59384,0.042269,0.32046,1.1087,1.2346,1.0051,0.1895,0.15264,0.37631,1.2713,1.6263,1.6948,6.5259,12.63,15.921,14.293,6.9561,8.1086,4.3914,5.1672,5.9148,7.804,10.503,16.301,15.66,11.112,8.531,7.4129,10.512,7.7774,4.5743,5.624,12.188,9.6539,10.164,8.1154,10.445,17.371,19.522,15.83,17.657,12.787,13.701,20.299,13.793,12.395,11.116,6.7894,5.7265,4.2649,7.1062,3.5288,4.6797,3.7377,6.1774,5.7775,6.108,3.5887,7.7887,10.473,6.0641,10.12,15.272,15.954,15.168,14.282,11.439,17.042,19.021,16.981,20.67,8.0695,7.2703,9.4884,14.142,17.132,13.942,15.474,11.722,8.1387,7.4778,3.8031,5.6673,11.796,10.135,6.2232,6.9055,6.129,8.4764,9.3075,9.7381,12.866,11.242,10.958,12.29,10.435,11.792,14.178,16.457,13.911,6.9065,5.3514,3.5971,2.1799,1.7061,1.7018,2.0842,2.2607,3.9374,2.655,5.4541,4.1213,6.0782,6.9043,4.25,3.5581,3.8077
0.18444,0.34624,2.9149,9.9154,11.311,18.273,16.843,13.384,7.3754,4.9207,2.3148,0.27407,0.21523,0.8111,1.8784,3.4001,3.5972,3.6452,1.6671,1.8416,2.7304,2.1607,2.8587,1.8268,4.3775,4.7637,2.0152,2.0136,4.6252,5.5557,3.819,2.286,5.213,4.6431,4.064,7.0764,8.1208,13.307,8.5647,11.989,16.796,15.936,15.61,18.733,10.92,20.769,16.927,18.819,8.594,9.503,8.6369,13.922,4.5052,5.534,8.6734,7.7397,4.7536,4.5669,17.396,18.907,21.939,15.719,11.996,13.156,16.878,24.989,23.218,4.8269,4.8323,8.12,6.4954,4.9072,7.6594,12.652,19.635,15.286,11.81,11.223,7.6754,9.4016,5.4328,3.661,3.0108,4.7385,7.3406,6.7777,9.3537,6.5621,11.716,12.525,16.634,10.224,11.786,10.606,12.736,8.1796,9.6779,11.02,11.255,13.995,9.68,5.3862,6.114,11.435,14.832,11.253,10.216,7.3917,8.0817,5.6806,1.5379,2.3528,0.40549,0.60365,0.089249,0.57718,0.34416,0.53055,1.7607,1.0296,0.62147,0.99187
0.13631,0.016178,0.004704,0,0.15284,0.059351,0.24894,0.54984,0.61824,2.1098,2.9071,3.9182,5.203,3.1901,2.6777,2.2947,3.946,1.4643,1.5179,3.9461,5.2498,7.4793,13.448,12.058,16.67,20.215,18.062,19.703,20.508,10.813,9.5078,7.8031,7.8421,9.5924,10.742,22.341,16.19,11.574,7.4036,8.14,14.759,7.0858,2.2084,8.8738,16.048,12.42,9.2673,6.884,6.3233,3.728,4.3299,7.0194,12.046,11.741,14.862,19.26,16.011,11.684,10.962,13.69,10.056,8.4177,7.001,8.4291,13.785,9.0448,12.155,23.851,21.197,6.9836,7.695,6.329,2.9736,4.9503,4.018,3.5992,1.6686,1.1562,0.3431,0.23428,0.64119,5.112,6.7456,5.8567,8.496,9.2309,15.113,11.801,11.228,16.991,12.769,9.1902,11.269,10.426,12.513,10.386,5.4655,3.4389,4.9117,3.9092,3.6604,5.9734,8.1004,10.458,15.367,13.998,8.1934,1.9456,1.0197,0.28148,0.9035,1.2753,0.71995,0.78981,0.48209,0.26304,0.31537,0.56551,2.7556,3.4979,4.7079,2.1214
0.17348,0.033016,0.62462,0.22223,0.44304,0.95156,0.87465,2.2854,1.2383,1.7824,3.4358,4.1605,4.2587,2.1842,6.2264,3.9705,4.8963,6.4074,7.4068,11.686,12.816,11.872,15.394,17.726,8.8908,7.4491,8.2245,8.1114,6.3864,10.173,12.645,7.487,7.1395,8.1154,8.0923,9.6799,13.569,12.46,14.588,15.579,10.326,11.915,11.893,13.632,6.1378,5.1427,9.1879,4.9278,4.6365,4.8962,5.1994,10.148,10.856,10.742,13.479,8.9763,4.3643,7.4968,10.559,6.4261,4.2823,6.4884,6.7154,7.4678,7.7503,12.262,9.6219,3.9764,4.8949,9.1982,12.517,7.1864,10.234,5.1573,4.4701,12.218,23.191,21.36,3.7188,4.9451,10.574,7.9704,7.3276,9.4644,11.747,17.196,19.838,12.556,16.808,22.859,20.979,11.789,10.435,10.876,14.308,12.396,6.6863,1.7428,2.4011,1.6426,1.0493,1.1529,3.8278,1.5168,2,1.1614,2.5688,2.4122,2.9866,3.6978,6.1834,3.8724,2.4732,5.1183,3.9737,5.9735,4.3638,4.1182,1.4517,1.1649,1.6216,4.477
0.15636,0.014188,0.010159,0,0,0,0.12665,0.5328,0.53528,0.25117,0.20912,0.24469,1.6134,1.6414,1.1754,0.88451,0.87336,2.0187,1.6109,3.3624,3.4856,4.8752,8.4357,10.772,13.324,17.154,11.643,7.5777,10.163,6.1312,2.4898,0.19805,1.0417,0.83062,0.85122,1.2127,2.6236,6.5633,9.6251,10.258,9.961,12.898,12.63,13.042,16.857,15.606,10.544,10.678,11.802,4.4768,4.8218,4.9675,2.5452,8.3783,8.4414,7.9955,4.3556,6.9566,11.37,6.1307,4.7708,9.1987,9.1735,16.94,21.811,19.593,13.146,19,19.626,24.012,27.214,18.248,7.4245,4.8168,3.2847,1.8819,2.6816,8.464,2.7719,2.5792,0.25488,0.063602,0.61204,0.42455,0.0081035,0.033218,0.17029,0.54267,0.90581,1.5477,1.4067,1.7971,1.1589,2.7129,2.1515,2.2051,0.56871,0.31491,0.030694,0.27483,0.53773,1.4818,1.5151,2.499,2.3055,4.8154,1.9731,1.5963,2.9403,3.0235,2.9895,3.5875,1.6258,1.4344,1.3896,2.9415,2.7195,3.2763,4.2041,1.344,1.1611,0.55135
1.1744,0.99467,4.091,1.5766,3.8193,6.2886,8.2963,10.683,4.7942,1.7889,1.971,2.8522,6.4543,5.5271,5.7696,4.0497,2.8792,2.996,4.5691,7.738,11.396,15.378,14.083,11.711,12.009,13.451,16.123,20.93,10.262,9.1067,10.61,15.008,15.841,8.9139,9.2787,9.525,14.151,9.5942,8.7501,9.6381,8.9075,7.2154,6.2491,7.6297,7.8533,16.218,7.272,3.3275,3.487,5.2057,7.6072,5.7155,4.4027,7.5677,11.15,13.314,15.395,9.182,10.349,13.068,11.373,15.307,14.993,16.354,12.092,8.379,17.768,18.196,10.776,7.5685,9.4938,9.6692,8.76,4.7893,4.9347,5.4512,5.4686,5.4974,4.7902,7.6511,5.8401,6.8823,7.6331,13.404,11.497,12.134,14.184,14.31,14.809,15.413,12.13,4.957,3.0814,5.1973,7.897,8.6521,10.245,13.843,4.0691,7.6352,7.4007,3.1252,4.1391,5.7502,4.8788,3.6088,2.1839,1.3285,2.5876,6.4178,13.42,10.729,2.9107,0.57025,0.67557,1.0528,0.76004,1.782,0.27763,0.11543,0.049862,0.036896
0.62669,0.30579,0.68177,0.61363,1.9216,0.58974,0.21509,0.081041,0.3147,1.1079,0.24304,0.15843,0.11431,0.14187,0,0.044175,0.1396,0.22917,1.5275,1.652,3.1613,6.7212,15.717,15.547,9.8536,12.092,8.2036,5.3847,10.25,12.634,14.058,13.155,8.88,5.7027,3.6942,10.091,16.382,15.823,19.481,13.295,7.8218,11.995,11.032,14.177,12.51,10.75,13.656,12.465,13.352,9.3411,7.5168,8.2343,11.466,11.618,4.9173,4.2479,12.258,11.749,6.7891,4.2869,6.5652,8.4005,7.1282,8.6026,8.5307,15.721,16.019,9.6583,9.7923,14.685,26.243,9.9669,2.3373,3.1468,7.5432,13.958,20.533,16.816,4.9966,3.2749,2.6432,6.2241,21.23,12.45,4.9244,2.6342,1.4146,1.7377,2.3925,2.0052,1.6694,1.3852,1.9306,4.59,5.7068,2.4537,3.7925,3.915,8.7365,10.584,10.174,4.9364,4.4793,4.0622,2.8952,5.4237,1.2628,2.553,1.7545,1.4794,3.099,6.3269,11.138,6.9365,6.8947,7.8616,7.7666,5.8195,15.067,14.928,9.6182,2.4979
0.36288,0.018966,0.096982,2.8491,5.5227,5.1634,2.0644,0.74429,0.49528,0.08039,1.0946,2.5077,3.4346,4.0019,2.9074,3.003,4.5026,2.4152,2.9928,7.799,5.0728,5.9624,4.2535,3.7422,1.8764,3.1038,2.126,0.33404,0.24141,0.3702,0.92401,0.19791,0.41038,1.0233,1.3319,1.8101,1.0079,2.5935,4.9343,6.0394,6.8796,8.5629,7.621,6.2026,6.077,5.8396,3.9912,3.7803,6.9583,7.4708,9.1014,11.88,14.592,21.117,15.408,11.25,8.884,14.647,12.447,10.54,5.2585,8.4067,7.8638,8.9267,7.7987,7.2743,11.476,15.644,18.133,12.743,9.7972,12.064,12.44,16.251,14.982,8.0136,14.359,16.778,14.242,19.573,13.712,16.724,17.884,18.139,12.922,8.4916,5.2031,6.3492,3.2621,7.0034,8.9496,11.301,9.5796,7.3431,7.1276,1.6009,1.7446,4.8427,3.807,5.5543,3.1146,8.9847,17.498,7.3335,3.8441,1.2957,0.36146,0.53601,0.27716,0.092626,0.69482,0.29678,0.69849,2.3762,4.1713,2.6345,1.1941,0.5766,0.50211,0.28036,0.10042,0
0.020095,0.032537,0.014671,0.059646,0.0035528,0.0028792,0.0012754,0.016048,0.70192,1.3717,1.6267,3.0624,2.8209,0.89141,2.5252,2.2581,3.5886,2.774,4.4663,2.9297,4.129,5.4803,3.8126,3.3028,4.4327,7.3109,12.31,12.075,8.2152,13.094,16.173,14.48,18.44,10.358,6.4613,4.0626,2.8627,1.5091,1.8849,5.5812,7.4318,8.2127,7.2474,6.5428,2.8159,5.0632,9.7381,12.223,13.932,17.55,14.534,6.4997,5.9399,7.5832,16.26,18.398,18.004,12.583,10.179,8.5044,11.009,13.031,13.953,10.753,11.282,10.074,6.9965,15.937,15.415,2.7335,3.9823,5.6303,14.342,16.839,12.054,14.919,11.72,10.248,13.24,13.607,17.801,8.154,4.6268,5.6661,3.3748,5.6047,4.439,5.6822,6.2305,10.409,7.0511,5.4861,12.3,13.598,9.6233,8.9329,8.8402,12.754,16.364,14.777,20.556,12.606,5.0723,2.8064,1.9657,5.1136,7.12,7.584,8.5313,11.722,8.1767,6.3613,2.7939,4.386,3.9433,7.4962,6.5587,5.2207,6.7771,4.9882,5.3335,4.7671
0.099604,0.21517,0.54111,0.59465,1.7595,1.3776,0.8552,1.7008,7.1219,3.6555,5.8443,6.1501,9.2115,6.3408,8.6367,6.6867,9.1115,6.473,7.113,1.0963,0.36464,0.78094,0.65116,1.7073,1.1121,1.375,5.5549,11.444,4.9903,3.3403,10.505,11.096,9.9104,6.9967,11.658,16.513,10.623,13.679,9.5711,6.4231,1.9684,3.8859,5.7449,5.34,3.2321,5.8724,7.8204,16.9,13.318,8.2973,4.7103,3.4001,5.7666,5.8311,5.3049,5.6882,4.1199,4.249,2.3306,3.7462,4.8713,7.8872,15.04,24.382,21.606,13.829,6.067,7.729,12.951,21.416,18.928,23.434,11.289,1.8922,3.0008,13.135,15.851,23.423,20.813,22.367,8.4904,2.7991,6.5019,11.885,14.271,3.913,3.4927,9.076,6.0618,8.7294,5.7695,6.4714,7.7996,6.3955,8.6199,13.79,12.505,10.117,5.1218,2.1627,3.9325,3.4096,1.8094,2.2739,8.2793,4.603,2.2608,2.3758,0.099904,0.65742,1.1097,0.63209,0.93175,0.78629,0.27886,0.54445,0.35402,0.89452,0.42004,0.76199,0.45156,0.8286
1.6782,1.2108,1.5306,2.503,1.3757,1.8159,2.2219,3.1219,3.1491,2.4855,1.1418,0.77141,0.4955,0.968,1.9086,1.0839,1.1936,0.4052,0.33167,1.0696,2.251,0.7886,0.42327,2.4381,5.4159,8.6949,8.5153,6.8222,2.8495,2.1305,3.7261,2.4942,2.0533,4.4352,7.3034,10.503,8.6254,5.1358,5.5797,7.0956,7.0787,6.7852,7.0904,7.6693,13.027,17.932,20.092,13.882,5.7934,5.0853,7.3895,7.0772,5.2666,9.412,15.744,15.824,6.9851,5.7452,13.492,19.245,17.363,14.168,13.799,19.583,13.004,8.9667,14.863,17.055,24.131,19.08,7.4702,3.017,4.4059,4.2772,7.3258,13.333,7.6323,6.4099,5.8893,6.0989,9.0713,7.0393,8.031,3.0487,1.6916,1.5399,0.71774,1.3673,4.3255,7.8555,5.6673,4.6849,4.1415,4.9111,5.3283,5.9888,6.6259,0.54107,0.24967,0.52677,1.3797,1.4531,7.95,11.619,11.414,6.8649,5.1272,6.0579,8.4268,2.8078,2.4683,2.9691,5.6011,9.652,9.6867,9.67,5.9053,2.148,0.23334,0.33175,0.6628,0.58729
0.96196,0.46683,0.39869,0.45757,0.0060662,0.060062,0.0578,0.0038325,0.031504,0.0067381,0.29173,0.54077,1.9189,1.9574,3.2576,1.9447,3.2339,5.4889,4.2932,12.029,18.202,18.13,13.727,10.87,18.726,16.034,13.289,13.974,5.4627,5.1248,4.829,9.2227,2.0134,0.80771,3.105,4.8851,9.9623,20.135,13.331,7.3947,3.2244,1.9519,5.0032,10.8,11.123,6.9492,7.7509,15.806,11.204,9.7323,16.103,19.386,23.577,24.605,16.635,11.635,17.794,15.249,10.177,3.7169,3.1254,4.3215,4.2767,8.3653,8.5127,11.371,12.807,13.954,10.863,7.5581,6.205,6.6313,10.969,10.086,13.347,19.25,14.273,5.1604,9.0045,4.7027,9.1674,9.7044,10.815,2.9727,6.2654,1.9831,0.79431,0.63426,0.45556,1.02,0.51731,0.36093,0.16987,1.3092,0.2247,0.38828,0.37751,0.53019,0.16178,0.2875,0.83957,4.6434,11.577,10.727,5.5461,6.9319,6.6966,3.9005,0.33632,0.10345,0.32374,0.56461,0.52249,0.44927,0.36341,1.3131,1.0128,0.87808,1.0335,0.86049,2.3238,2.728
0.1154,0.0019906,0.0099584,0.24945,0.88592,0.50281,1.0668,1.752,3.6498,1.4461,3.0744,4.0774,4.5098,1.7542,2.0753,6.6032,5.2244,3.4804,1.5858,0.1971,0.018947,0.11783,0.78506,1.6679,1.8445,2.2007,1.1294,2.496,7.3852,1.9267,4.1481,3.9912,6.5775,8.0046,6.1875,12.872,13.911,10.386,6.4255,6.4143,8.0506,11.296,10.576,12.207,7.6372,1.9683,2.2374,2.0015,7.8018,4.7472,5.7749,5.7521,4.5224,1.4367,4.9189,2.9428,7.9114,7.7547,5.7461,3.3265,0.72991,0.78049,0.50686,1.5953,2.9822,6.5865,8.5867,8.762,3.0383,2.5145,2.047,3.5544,11.436,5.3676,4.5107,4.3591,3.4747,5.5012,3.5401,9.7323,8.2048,10.66,5.6572,11.475,17.767,18.543,15.148,13.91,17.854,16.237,11.871,8.3918,2.7986,3.2425,4.1477,3.763,8.3326,5.5408,8.0633,11.716,13.896,9.5103,11.289,9.0164,7.553,5.6281,11.579,8.045,6.2221,3.0573,1.01,3.0144,4.0788,3.0603,2.7808,2.2581,1.8732,0.091475,0.60972,0.47235,0.18447,0.16325
0.76651,0.76877,0.33515,0.38061,0.49389,1.0503,0.57745,0.50105,0.66248,1.1756,1.0996,2.5287,4.4825,4.7092,1.9483,5.0368,5.2434,2.5592,3.5429,3.3399,4.4285,6.5601,9.6801,9.1207,7.528,7.7636,7.3494,15.59,13.566,8.7305,8.7535,6.5138,7.1005,9.843,9.9115,11.971,9.7582,10.03,7.475,8.1829,8.9032,10.357,16.299,22.593,15.404,13.107,7.4619,6.7492,14.053,8.0433,7.9163,17.7,6.3483,7.0228,10.43,19.245,19.162,15.115,8.9712,5.704,8.0045,14.981,13.017,11.604,18.348,23.989,9.7314,3.1697,4.6308,7.6864,10.612,12.485,8.1357,7.4169,4.6718,2.1824,2.8617,4.1421,5.7209,10.095,10.215,8.0325,9.6647,9.1599,10.953,10.568,6.303,3.972,3.2885,3.3399,2.9803,3.194,1.9944,2.8891,4.7618,3.3597,2.0372,6.7499,5.8503,4.0721,4.271,4.6874,3.7059,2.7596,1.902,1.9205,3.1808,7.2593,4.2035,4.2279,4.943,8.2533,11.258,9.309,13.314,9.5022,4.8577,1.835,2.7987,2.4488,7.3366,5.2786
0.8585,0.72554,0.30909,0.45427,2.0171,2.2777,5.7384,1.1977,2.9976,4.9218,4.365,3.434,7.2689,7.3947,4.4759,5.2275,5.5932,6.5887,5.6504,2.5554,6.0049,11.049,11.575,5.5573,2.8539,4.9211,6.3535,9.5607,11.877,9.1163,10.109,21.045,14.238,5.0199,2.1217,8.0895,5.9761,6.6481,4.33,3.0393,3.5629,13.216,9.8395,12.192,8.7508,4.837,5.5908,3.6603,4.8194,4.1554,13.171,10.591,7.6501,11.778,13.627,6.3363,6.2423,9.1444,8.3545,3.4305,2.32,0.90968,1.593,1.3943,3.6838,11.195,9.7771,8.8244,8.6431,7.3469,8.2846,10.157,11.582,6.2654,14.044,13.772,7.1451,4.6715,5.1143,9.8941,11.088,8.8989,14.108,12.987,6.6214,12.451,12.356,10.219,10.692,3.6405,5.9097,7.8552,13.292,8.322,1.7237,1.9435,1.1717,0.65573,0.76641,1.4662,1.0812,4.1294,8.9972,6.9989,3.8118,7.4413,7.1686,2.3432,0.90879,0.76554,2.2705,3.454,4.7276,6.0642,3.3006,1.7271,5.2619,3.4812,4.1876,3.8477,4.1116,1.8344
7.1317,2.308,2.5707,2.0796,1.1473,1.0262,0.43642,0.77866,1.3258,2.3335,1.6367,1.2497,2.2186,5.2299,5.7475,8.0317,7.7116,10.227,6.1107,8.0534,13.531,10.85,6.0815,6.1058,8.5907,3.2776,8.8488,15.823,11.605,13.125,11.942,18.863,21.126,17.132,19.516,12.336,4.1728,6.3302,6.7131,2.7029,5.9491,4.5666,7.4424,9.1408,9.8811,10.304,9.9317,5.1453,6.729,14.31,13.206,9.1819,11.353,15.712,14.93,4.2913,6.46,9.3189,6.9625,6.6272,5.8041,9.5014,9.6549,11.091,12.333,11.667,14.746,14.471,10.799,8.2006,4.6716,4.5464,7.8409,11.576,10.546,8.2377,14.69,21.086,9.9146,12.153,7.4358,8.597,11.665,22.37,24.864,7.3205,2.6699,2.2936,7.2567,8.3741,12.694,14.616,7.9666,5.4277,8.2855,12.309,11.422,12.049,11.895,8.2031,3.4332,3.3628,4.3222,6.3248,6.0948,11.462,11.719,8.8854,8.1764,6.0823,6.1279,5.304,4.737,6.4028,5.7872,8.0661,12.061,10.992,7.2765,7.4039,5.6312,3.5483
0.22046,0.48398,0.21225,0.80599,0.45018,1.4701,2.1947,9.2362,9.0589,5.7545,7.2846,10.219,5.2972,3.8078,2.2961,1.2971,0.89451,0.47763,2.248,1.8506,2.5966,1.3939,1.7494,2.7635,0.50065,0.17097,0.76232,2.0921,1.7492,5.2577,4.4713,1.0488,2.3094,1.0215,1.4509,1.5945,1.6819,3.6599,2.0686,4.5489,5.6608,6.8803,10.669,8.705,5.6402,9.2999,13.368,12.971,11.265,14.231,14.4,14.513,9.0256,19.432,17.399,12.888,5.9706,14.68,12.447,21.891,23.897,9.4617,3.6746,7.1593,15.832,8.7777,5.7934,6.7658,8.6308,6.0625,5.5058,5.4895,7.4858,10.733,9.0658,6.1478,7.8844,10.391,9.6872,9.1393,12.645,8.7133,8.7561,20.991,20.559,12.311,4.7683,6.1707,8.6665,8.2566,10.009,6.9941,6.6948,6.287,4.6869,4.2729,7.0699,8.7934,5.4941,5.2659,2.6947,0.46404,0.29385,0.23035,1.232,1.1642,1.6523,1.1004,0.65801,0.3978,0.47951,0.14905,0.069528,0.20499,0.77175,1.5551,2.7477,0.55513,0.07848,0.0022488,0.12132,0.23752
0.024275,0,0,0,0.0034522,0.08771,0.24393,0.18632,0.69605,0.90147,0.84723,0.59367,0.53272,1.2328,0.6869,0.77111,1.2841,1.4321,6.6666,11.732,9.2043,9.0575,12.864,10.276,1.8911,1.1831,1.2413,2.9559,0.74316,2.1713,1.2297,2.5608,3.2028,0.6233,1.4016,0.38383,0.64196,1.3589,1.6458,1.1338,4.6807,6.2753,9.8925,6.9286,4.6311,11.004,7.8575,12.94,11.513,9.8017,16.712,15.551,7.0036,2.932,9.14,10.116,16.586,30.613,20.422,12.964,6.7185,6.8554,9.0884,12.494,8.7812,7.0516,3.602,16.862,20.857,14.352,12.919,11.927,9.9938,9.0743,10.383,7.2118,18.861,17.811,17.343,11.831,16.964,16.241,8.1965,4.6614,8.1744,9.4002,9.5742,4.7482,7.247,7.5366,7.3152,3.0262,2.1961,7.946,15.707,15.923,12.545,12.467,20.035,19.747,14.272,9.0025,11.676,11.938,7.0697,2.0995,1.426,0.56689,0.1314,0.34587,0.37816,0.20889,0.099769,0.0027924,0,0,0.48296,1.3329,0.36414,0.64764,0.11257,0.1128
1.2109,0.7208,0.072767,0.047254,0.019958,0.19643,0.38059,0.20269,1.2723,1.0671,0.95171,1.7848,2.2821,4.527,6.1197,10.904,10.31,6.8529,6.1533,3.1125,1.9173,3.2236,2.232,4.9414,13.436,17.314,13.639,5.611,2.8516,1.113,1.6513,2.985,5.609,7.8812,5.1051,5.2129,17.618,18.538,20.152,14.909,20.489,12.136,10.861,12.356,17.665,29.426,25.552,15.875,6.457,2.0127,0.48786,0.7082,0.62427,2.4726,4.3122,5.36,4.4486,6.413,6.1449,5.2262,4.6772,6.5151,12.383,9.1449,12.71,14.444,13.692,6.1693,1.7122,2.0243,0.1694,0.76863,1.8366,2.7732,3.9483,10.657,13.928,10.576,8.4538,14.17,16.781,7.3214,2.2323,1.22,3.8553,4.9175,1.4919,0.5712,0.81675,2.7134,3.0723,6.5519,10.288,14.48,9.4773,9.696,7.7398,7.2283,9.2357,15.41,14.452,12.065,11.308,3.3705,2.3328,3.2895,11.529,10.506,8.7072,6.1355,7.1113,4.0257,3.6457,5.3341,4.988,7.548,13.851,18.381,11.277,6.568,4.4355,2.9689
0.27042,0.14033,0.06556,0.15624,0.1874,1.5465,0.39162,1.0829,1.3151,6.0124,4.927,4.8325,9.3232,10.256,21.719,19.769,13.434,8.8102,6.3272,9.7029,6.7473,11.711,11.058,11.28,7.9995,12.401,15.793,10.619,18.444,17.426,13.379,12.807,9.2279,10.936,11.562,7.2166,4.5938,11.692,13.785,17.392,17.165,23.669,22.468,21.553,14.113,11.866,17.161,15.262,14.903,15.765,25.187,15.163,7.4954,9.278,7.9252,6.9447,10.279,6.7904,8.4117,14.039,10.501,14.247,19.358,14.236,16.758,12.304,8.0669,8.0379,8.1591,8.4787,7.5366,12.537,13.422,13.442,8.2804,2.662,7.4879,8.0817,9.7637,18.919,17.11,3.8361,4.3298,5.9243,11.895,13.39,14.169,16.032,9.4657,9.0019,18.788,13.282,9.671,11.609,16.238,9.2237,17.976,19.542,24.34,10.012,4.9314,2.2541,3.6643,4.2839,3.969,6.2696,7.1265,4.7942,6.3225,11.934,11.747,3.2194,0.17564,0.12988,0.06104,0.69316,0.41146,0.032299,0.062674,0.030863,0.041679,0.22876
0,0.1011,0,0.0028711,0.018853,0,0,0,0,0.24046,0,0.019255,0.071028,0.29342,0.75812,1.7226,2.8349,3.6015,5.0665,4.4996,2.5514,8.2429,5.155,6.3445,2.7865,3.2937,6.4738,5.1739,3.9075,3.8135,5.6746,2.2416,1.5353,0.81835,0.37834,0.41892,1.4053,5.2828,2.7766,8.4996,10.408,9.5618,6.6907,10.893,16.863,20.71,7.6304,21.542,21.284,23.499,15.675,13.33,13.595,22.003,21.43,14.994,5.6097,3.4618,11.748,10.676,6.9169,5.7435,13.023,15.77,11.771,9.0072,9.4218,7.941,12.196,10.619,9.9595,4.5809,3.3145,4.094,4.235,1.2846,2.8808,4.76,8.1303,6.4791,6.8921,8.8011,7.2248,10.129,8.7557,11.153,9.4232,7.2033,5.6559,5.6375,5.3808,9.2156,15.825,18.566,20.131,16.85,7.5452,3.4097,8.2585,5.7254,1.3291,1.4432,1.454,2.3291,2.2943,5.4434,2.8513,3.7642,5.0626,8.6653,5.3152,3.2188,0.97029,0.45303,0.31525,0.4641,0.67578,2.0351,3.558,1.1629,0.53765,0.81645
0.42919,0.31009,0.70549,0.37699,0.28354,1.9731,0.66149,0.5248,0.21928,0.88831,1.7712,5.1049,5.006,1.9834,1.4644,1.3249,2.3175,6.9718,13.85,9.7348,12.944,4.7182,6.3175,4.323,2.6813,3.3035,3.668,5.5355,4.6999,4.759,3.0636,1.9288,2.8151,3.7156,4.859,3.727,5.9948,5.6419,4.3951,4.3818,6.0823,6.1102,6.5387,6.4126,7.1979,9.2654,5.677,6.3391,7.5242,10.917,14.767,13.143,12.86,22.789,18.468,23.798,30.576,25.756,7.3471,5.0345,5.6205,21.417,12.002,9.7184,10.094,14.183,16.78,9.8564,8.103,5.5029,7.0853,3.5945,2.4454,5.8244,11.174,6.5508,7.3184,8.9566,10.637,12.184,17.785,16.96,14.274,13.172,6.5109,4.5881,8.4428,9.8097,6.8516,5.5753,11.075,8.7568,10.37,9.6328,8.5117,3.8147,6.2736,8.841,10.764,10.257,8.8191,6.2393,5.8217,3.9482,3.3549,4.6992,6.6478,7.1676,3.7619,2.9257,0.63173,0.51343,0.78101,0.35357,0.82832,0.74312,1.2206,1.703,1.1375,0.32613,0.46217,2.8816
4.1975,1.6177,3.572,0.98864,1.5885,0.31989,0.063607,0.44581,0.62192,0.7116,0.48654,0.66062,1.3973,1.792,3.2225,4.4682,4.0368,5.6255,4.9078,4.7185,5.5695,3.8043,7.1917,12.777,12.231,11.232,10.841,15.833,11.916,6.1631,3.7226,4.5875,4.9157,11.133,11.117,10.684,10.1,7.4053,6.81,8.5169,5.2063,5.3612,4.7974,4.605,6.0367,5.6065,8.1998,5.9422,8.5007,10.616,9.9596,8.3182,11.374,15.551,20.187,20.634,16.114,11.77,12.401,22.319,25.744,28.108,17.694,4.463,7.5313,12.472,19.123,17.492,12.599,0.90278,0.92591,3.7434,3.8816,4.0679,3.2775,3.1158,2.9343,3.4126,7.3762,8.3725,12.428,10.188,13.988,19.014,18.513,15.096,14.072,6.1385,6.6409,14.462,12.239,12.722,13.248,7.6118,1.9467,1.5236,1.5062,3.713,6.3426,8.0319,9.2596,11.907,10.923,7.556,6.6305,5.5548,5.3124,4.1671,4.9623,3.7804,2.307,2.4331,2.7483,2.544,2.1047,2.3335,0.95399,1.0208,1.3353,1.5712,1.5807,0.64584
0.068523,0,0.088269,0.16609,0.15698,0.39871,0.74796,1.4613,3.8041,4.0757,1.3603,0.40413,0.84714,2.2318,4.5011,11.22,6.194,0.96,2.0364,3.3115,1.4614,1.1353,1.8764,4.3673,3.0675,5.5751,7.6195,9.8157,13.685,7.7943,6.6003,8.9954,12.844,16.568,25.466,21.906,19.015,14.281,10.076,10.648,9.9761,18.5,11.604,10.244,7.068,8.7549,8.1655,8.9857,8.6646,5.9901,2.7113,1.6323,3.0023,1.2004,1.0211,1.8692,2.2907,5.3054,5.7358,9.5081,7.7101,6.8861,6.5444,13.11,13.648,10.756,5.6763,9.235,8.5732,7.5126,4.3079,10.327,10.78,15.689,12.969,9.5811,5.9571,2.9035,3.3105,4.9821,1.9847,5.1575,5.6455,3.7391,5.029,8.2107,6.3461,10.445,13.131,5.2239,3.8295,6.4848,8.8094,9.5301,3.6114,3.0428,1.9869,3.6171,8.1294,7.4776,14.448,11.419,7.9808,16.688,17.994,16.946,14.937,16.669,11.615,8.3263,3.7543,3.2663,5.3619,8.616,8.3118,3.5608,4.4523,3.9298,3.0389,1.164,1.9962,1.4738
0.45915,0.50772,1.0472,0.53407,0.045792,0.094706,0.53927,1.0242,1.0884,1.4059,5.3819,9.367,4.1619,3.7878,3.3412,3.7583,5.7987,7.9421,14.491,12.057,16.09,18.89,12.445,9.5209,2.3467,1.2549,1.5401,1.9003,3.0382,1.4979,0.74635,1.2067,0.78202,0.53251,2.0092,4.0741,6.0163,7.6636,2.2419,4.9278,14.308,10.753,3.7165,8.1233,11.741,10.3,3.7319,7.1394,17.619,20.635,15.834,12.78,12.904,12.886,6.2305,7.565,9.5989,13.589,15.754,12.361,14.613,10.146,7.8625,12.065,16.459,8.156,8.6294,11.07,18.099,19.272,11.673,6.9659,6.2442,5.3306,1.6387,1.4601,5.0486,6.4468,2.9336,4.5834,6.8842,8.2883,5.0847,2.2652,0.84181,0.93569,3.9589,6.4056,3.3591,4.689,8.2541,8.3239,9.7814,13.098,10.333,13.468,8.143,4.174,4.6486,2.7505,8.2297,5.374,7.9327,9.0618,8.4964,17.748,15.365,12.377,11.468,12.351,9.2833,5.3106,7.8261,7.76,5.5511,4.727,7.8781,3.7602,3.8294,2.4726,3.1537,2.7488
3.1279,1.4822,1.7995,3.8346,2.3569,5.7373,15.339,10.712,4.957,2.9512,2.1724,1.8227,2.0415,2.4191,2.2259,3.8085,1.8767,4.843,6.0954,6.2087,6.6246,6.5002,2.0524,0.39015,0.5961,1.1015,1.4106,4.9067,4.8043,9.3485,3.2463,5.9362,10.754,10.225,4.3921,3.7807,7.6843,7.6315,9.0258,12.442,10.944,15.881,17.704,21.998,13.305,12.205,15.671,19.534,26.742,25.314,18.647,5.8958,2.1384,2.107,2.6028,8.0449,8.1637,6.6799,4.4929,7.2422,5.3049,1.7173,1.1685,0.2378,0.046533,0.14871,0.19044,0.28442,4.2138,4.2315,8.4484,8.4828,7.6223,6.1719,10.258,10.505,12.748,5.0244,9.5397,11.988,4.7282,5.6886,5.2611,5.6468,2.0867,5.2117,1.3264,3.0343,5.2936,10.799,9.9506,8.4388,8.9662,9.0131,7.3675,4.4532,3.5273,6.322,5.3754,5.1702,4.2384,1.7243,0.25943,0.079074,0.10834,1.1283,6.4414,3.0474,1.871,1.9575,5.1042,0.74251,0.91853,1.356,1.6035,3.1837,1.8215,0.89427,0.79984,0.59673,0.31735,0.10759
1.7387,2.3194,3.1191,4.1813,3.8681,2.6778,2.7998,3.9659,4.186,4.5442,3.4121,3.882,10.224,23.666,18.291,18.601,14.602,15.184,7.1434,7.4164,3.4057,5.484,5.5991,9.4695,7.8827,9.1381,11.13,5.1724,6.1192,18.509,17.276,13.809,9.0981,13.991,11.632,5.2171,7.9658,8.271,20.314,19.915,20.056,19.263,12.981,7.6643,5.654,11.088,16.548,6.7989,9.3384,9.1981,8.8073,10.615,13.314,9.6565,11.217,7.3904,6.2105,8.8063,5.9317,6.0353,1.1762,1.6779,3.783,3.1861,5.9261,9.0353,6.9884,5.8768,10.035,10.025,9.933,12.72,13.727,6.9936,11.441,17.066,17.797,9.8469,6.5457,6.5776,6.5726,8.7519,6.8156,5.404,11.397,4.5575,1.3898,4.8655,0.75436,1.6537,1.1648,6.1762,10.757,5.6,4.474,1.0813,2.3048,1.8263,1.411,1.8725,2.468,0.42448,1.1163,1.0958,3.8951,1.5998,1.1372,0.63813,1.6151,1.1237,1.1665,1.0949,1.5965,0.085293,0.1823,0.24899,0.093515,3.4177,1.2818,0.54919,0.089585,0.83194
2.5164,0.61549,0.63799,0.45937,0.56853,2.33,0.75554,0.81359,0.60056,5.5553,3.042,2.62,2.3183,1.3202,3.2588,1.3475,4.1993,2.0722,4.9434,3.5589,7.1982,9.2912,7.0725,13.826,19.128,15.987,15.137,16.163,9.0816,5.7029,3.746,5.0366,3.8515,3.612,2.1845,1.0434,0.20005,0.31135,0.53034,0.49045,0.31473,0.28594,1.0709,0.79987,4.1863,3.3451,4.732,5.2476,9.8852,7.2159,7.7038,2.5538,0.61946,0.34473,0.37238,1.4468,0.39473,0.10789,0.060615,1.0877,1.5449,6.4398,4.6556,6.3804,11.423,9.0971,11.496,7.7181,10.253,11.841,8.9729,7.4677,8.7045,14.75,10.049,7.7879,16.494,17.314,18.717,12.149,4.6793,7.3244,6.91,8.4451,11.896,17.268,10.467,2.0281,5.024,8.8648,5.5038,10.942,9.303,11.397,12.389,13.552,15.287,9.8884,10.307,6.8428,4.6453,5.4847,8.7597,9.2455,9.8216,1.5875,0.020925,0.08022,0.063428,0.15035,0.80606,1.5288,1.0319,1.4433,2.5789,3.6425,3.3761,1.8336,0.55995,0.25741,0.098426,0.10472
0.20423,0,0.0060649,0.059323,0.24183,0.33191,0.98078,0.62802,0.31049,0.089355,0.13878,0.85792,1.9776,2.9899,3.7395,2.1819,6.1485,6.8938,11.903,6.2928,7.7114,9.0503,11.168,11.291,7.9045,8.4167,7.8862,9.0051,6.5005,5.2884,6.3635,6.8769,6.7146,6.4194,11.971,6.2734,7.6358,6.5113,9.0323,8.8517,9.3858,6.0531,5.4062,5.8197,11.847,12.975,9.9796,3.5157,6.2248,7.2544,14.598,11.354,14.541,16.424,20.341,13.87,22.824,28.67,9.7703,3.7507,4.8593,9.6445,8.9595,7.7265,7.8176,4.9927,8.9637,5.7548,6.177,5.6732,10.214,15.438,11.46,13.742,9.5985,7.7243,6.3781,3.3063,5.5318,7.4531,3.2422,3.3971,5.3503,12.331,20.888,13.791,5.4453,6.1239,13.574,20.398,11.666,8.9067,8.2845,19.297,10.558,6.2497,9.9098,8.9299,12.845,13.203,10.457,10.063,6.7381,2.0511,3.0766,9.4282,12.502,6.9886,3.7716,4.1954,6.225,5.5752,6.6317,5.7276,9.4973,9.1679,8.7009,5.2244,6.2078,7.5527,10.264,5.7841
2.1068,0.42022,0.49261,0.19565,0.3226,0.47654,1.6372,1.6445,2.4494,5.95,4.771,8.1421,3.4109,7.6726,21.802,22.591,14.232,8.1239,8.5372,3.3449,2.0989,0.18875,0.073368,0.13156,0.5657,1.2148,2.4183,1.8288,1.5425,4.1126,8.231,4.9176,3.3041,6.3936,9.8141,6.8317,7.9927,8.5331,6.2202,5.1532,2.0765,2.9261,1.6868,4.0769,2.1294,6.4667,12.452,7.8339,5.9141,2.0467,2.3936,1.7226,4.309,4.1113,4.9254,9.9101,12.399,8.9322,10.927,17.96,18.318,13.197,12.382,13.393,13.567,13.435,16.978,11.478,18.573,19.03,14.398,22.169,20.506,14.056,11.221,18.012,14.026,8.5072,3.5041,5.1117,8.216,13.306,16.576,17.57,10.609,5.9579,2.1158,2.6248,1.3176,1.1745,0.16814,0.021065,0.62791,1.8129,3.8209,1.8742,1.2371,1.3481,1.8955,0.53087,0.68858,0.95047,4.1952,2.5172,2.1473,1.7688,6.6301,1.8207,2.0111,2.8497,5.0166,5.8715,9.0836,4.2601,1.763,3.1875,3.9537,5.8989,2.7332,1.6842,0.70034,2.9137
0,0.27299,0,0.086517,0.050029,0.1088,0.2699,0.90362,0.64021,0.22059,0.46114,0.15232,0.22122,1.3663,0.72183,1.0741,0.29374,0.5028,1.4271,1.6099,2.069,3.7237,5.9662,8.71,12.547,17.143,19.067,21.805,22.941,17.167,19.916,18.178,20.779,21.134,18.824,9.713,6.6219,8.5711,8.3636,5.8626,7.6781,13.872,7.7887,9.0793,12.649,15.53,11.073,5.385,3.3602,3.3111,3.8951,4.5024,3.6056,5.4336,11.046,8.6879,15.081,21.435,13.856,8.978,20.422,22.789,14.439,8.1943,13.493,13.977,14.454,6.1451,1.0444,0.61048,1.9873,0.89144,1.4731,0.90567,0.68988,5.0623,7.2949,7,4.5787,12.871,13.132,8.5411,7.8148,6.5946,6.2622,3.4232,1.2799,0.85955,0.81913,0.96113,0.47493,0.87972,0.9029,0.51827,1.584,5.3579,3.81,4.6241,6.7071,4.189,7.3829,7.8595,8.307,13.241,13.565,23.574,29.238,14.989,4.8304,8.0399,8.6116,4.5534,1.6592,6.8454,8.1771,13.049,3.7709,0.32076,0.1097,0.9351,0.20561,0.14553
2.4857,12.902,7.0556,2.1338,3.1946,3.6117,4.4219,3.1488,1.2028,0.19197,0.06864,0.45014,0.094558,0.041401,0.10014,0.20022,0.33777,0.41556,1.0581,1.9237,0.96589,1.2835,1.3206,3.2057,5.4236,4.6158,5.5971,7.2665,11.848,11.311,6.6207,7.0282,9.0766,12.075,18.752,13.443,1.8023,5.559,7.412,3.4839,3.3725,5.0901,5.3558,4.1846,6.0834,7.0405,7.1549,10.011,7.8686,8.2481,15.488,27.468,10.086,8.7163,3.3813,6.4891,14.007,19.295,21.832,18.353,17.735,22.442,9.9947,7.2369,7.2555,11.526,19.65,22.322,15.546,14.474,14.476,17.481,10.709,20.103,17.865,11.942,13.666,10.193,13.656,15.688,13.958,8.7839,16.102,10.911,11.754,8.4281,6.4511,3.0511,1.3277,4.5485,10.024,19.961,17.451,6.6309,0.52061,4.5771,11.123,11.242,12.909,3.6003,2.5363,3.2499,1.7927,1.0332,2.5416,3.592,2.4966,3.6566,2.6806,3.8577,3.2598,1.8121,5.9759,6.0841,5.4838,5.1612,1.9811,1.3184,0.73345,0.66667,1.034,3.9359
0.50128,0.4191,0.91578,0.23058,0.81873,0.50037,0.85825,0.42388,1.3497,1.0962,2.6547,2.5101,1.5965,4.7395,5.4305,7.1187,2.7084,6.3614,5.7965,2.9191,6.3921,4.6874,3.6844,3.957,7.0668,7.1434,6.4373,10.212,9.7895,18.799,19.585,17.619,10.244,15.686,11.433,8.4088,22.168,27.545,20.72,7.8194,6.3689,4.1004,5.879,5.813,5.9507,7.0338,9.3451,6.4168,3.5496,6.2008,1.073,0.91488,2.1033,5.0706,6.5925,7.3975,11.322,10.985,8.4558,8.316,2.8976,5.5948,7.9174,11.58,13.217,10.759,12.428,29.267,20.146,11.569,3.362,5.8242,5.8061,7.8427,6.6563,5.8406,1.222,0.95949,1.7999,4.9515,8.5937,10.865,8.6608,2.7323,1.2721,2.8993,1.9503,8.3288,11.19,9.0796,5.6448,6.4594,8.5921,8.29,4.8804,6.2313,5.3216,15.827,12.875,9.3772,5.2209,3.4686,2.4757,1.1733,0.63472,1.5831,1.837,1.7832,0.53331,2.3309,6.0396,8.4347,8.3303,4.1115,6.5701,9.7677,10.267,11.084,11.706,6.3886,2.9861,0.97135
4.9705,2.047,1.0739,1.5573,2.2301,2.411,3.8475,3.7458,4.6926,6.4856,6.3655,9.7671,9.4041,7.6426,10.236,5.6815,5.9088,12.083,11.877,10.473,8.1636,5.0936,5.1813,5.8849,5.636,5.2294,5.0191,16.563,17.122,10.705,13.322,14.09,7.9948,8.8084,8.1389,7.3389,6.1523,9.156,12.781,14.26,15.751,9.4683,6.8698,4.6378,4.9505,3.1028,3.6775,1.5101,2.9267,6.7491,6.2749,4.2877,8.0805,8.4519,7.4187,7.2451,13.539,13.374,13.747,10.299,5.3715,10.62,14.63,11.065,6.7087,10.297,11.581,10.311,9.7198,7.4869,12.437,18.71,23.849,13.833,7.92,8.7947,10.528,8.8258,4.6551,1.84,5.9647,2.3486,4.7039,2.4773,2.0225,5.3139,7.6676,6.1562,1.9392,1.3453,0.48899,2.8364,3.1684,4.3743,2.2067,4.4674,3.9952,6.0438,3.6921,2.8134,5.8674,4.581,8.0824,4.4638,6.482,7.8467,7.525,9.1902,9.449,19.278,21.791,8.8487,5.4733,2.5574,1.9695,0.20885,0.41766,0.067577,0.44401,0.21331,0.58402,0.83991
0.68571,0.68509,0.53797,0.41447,0.52694,1.3156,0.90799,0.24276,0.0075227,0.058861,0.12619,0.1795,0.87869,0.8357,1.0944,1.1211,1.2922,0.25433,0.2893,0.38399,0.87214,0.30691,0.73448,4.1972,2.9676,3.6257,2.612,3.9846,7.4947,4.3633,7.351,9.1232,7.8465,8.7017,3.1588,9.3663,8.186,11.276,7.5843,14.057,8.7779,9.0211,10.063,23.845,16.015,17.554,14.725,9.8098,5.8751,12.119,23.077,29.11,23.203,11.424,3.233,4.4582,4.7967,6.4083,2.5758,0.86256,0.15117,0.35503,0.086483,1.0515,0.054925,0.26248,0.54498,0.74882,1.0846,3.1205,4.3169,4.7457,6.4784,4.7301,7.7483,16.174,6.8976,3.8676,2.9478,2.6101,11.568,4.917,3.5138,1.9608,4.93,5.3053,7.8157,9.5219,15.485,14.046,12.627,3.2789,5.2525,5.1976,8.3353,10.461,14.297,6.3718,6.4992,9.3599,9.86,11.491,6.5847,2.3321,1.6448,0.47971,1.5095,0.5208,0.47046,0.48237,0.29394,0.35665,0.40603,0.50273,0.9292,0.67129,0.71617,0.33483,0.96686,1.6813,3.0104,0.8782
0.014923,0.086115,0.57085,0.51946,0.15388,0.38916,3.2778,2.569,0.084596,0.14572,0.0068791,0.11058,0.44769,2.4859,2.5134,5.9364,8.3096,2.4589,1.4959,3.0623,1.5659,3.9036,1.7144,4.7874,4.2906,5.6002,6.9862,2.953,2.1058,3.175,5.5528,3.8242,12.435,12.125,10.271,9.723,9.5792,9.529,7.1653,2.4727,7.4974,17.572,7.9964,5.8967,6.1717,4.8607,5.3048,3.3918,5.9146,7.7946,7.2741,12.345,11.31,12.681,25.3,31.417,11.929,4.1386,3.8087,4.1492,13.657,14.408,18.276,15.422,11.099,9.918,9.8879,15.625,12.712,5.0685,1.7247,1.9292,8.4197,9.1919,9.3054,6.7918,10.212,7.6174,4.3849,12.661,9.0346,10.659,4.9558,3.1033,4.0424,7.0195,8.3083,5.107,6.9605,6.5473,8.7013,11.303,6.1484,4.2722,5.5008,8.3449,12.769,9.356,9.5742,16.258,13.871,10.398,4.3002,3.6359,3.7812,5.6399,11.367,8.4144,7.1682,6.4617,9.9985,7.9874,4.8685,2.1346,0.91309,0.89711,0.24331,0.24247,0.16271,0.10488,0.83806,0.94451
0.11411,0.6381,1.009,1.5467,0.7745,1.6359,0.9488,2.9318,2.5596,1.5528,2.5339,1.2791,1.9225,2.3104,6.3054,4.7705,4.4219,4.7162,7.767,16.382,14.885,13.828,17.296,7.6142,4.9987,6.5725,8.6056,11.834,17.591,11.386,2.5274,1.7367,1.8479,3.0893,4.4872,7.9039,4.9441,10.611,15.332,10.954,10.348,6.0853,8.0692,7.0283,8.2548,14.142,14.115,12.362,14.416,10.279,13.773,14.573,17.187,7.4904,4.7187,3.0229,2.7535,6.7117,12.302,6.0579,7.6104,8.5573,4.7261,7.2246,17.03,7.0474,15.176,12.418,16.615,20.475,18.326,11.755,10.724,10.836,15.668,13.559,9.6286,6.0616,4.7167,7.3764,8.0002,6.2287,4.4931,3.8063,9.3555,12.595,14.516,13.42,11.259,13.157,8.3463,7.8391,8.4177,14.607,12.737,13.887,12.527,13.242,16.353,12.219,10.723,11.139,12.585,10.385,4.5064,3.8592,9.2505,7.2223,9.0306,5.1742,2.8997,3.2713,3.3534,1.5576,7.5638,9.2885,8.4288,3.2552,0.11707,0.031928,0.075247,0.089698
0.020702,0.16094,0.066124,0.15587,0.0052425,0.0016993,0.54432,0.46936,0.19547,0.72036,0.94338,1.0685,2.5791,2.7169,1.2993,2.4869,4.0111,6.2653,6.1241,3.0983,6.6104,6.6136,4.3009,1.7645,0.68608,0.80382,0.34875,0.3158,0.93205,0.70884,2.4635,5.0495,3.6922,7.9259,7.0354,16.167,14.12,10.892,10.962,17.938,13.08,4.6264,5.0154,6.7338,9.3077,9.1114,4.574,3.3559,5.7692,10.565,7.0425,8.711,13.246,9.0893,14.344,6.369,7.8694,12.727,13.948,18.439,17.652,9.4966,3.5191,9.3488,11.217,7.719,14.435,16.742,10.179,7.4636,11.292,16.786,15.094,16.851,14.58,6.2312,8.5387,3.9488,5.9601,9.9714,7.2223,5.3469,19.399,8.6987,2.3871,3.4296,9.4274,11.312,12.408,5.3801,5.8605,8.0809,7.3786,2.9749,6.7929,17.903,18.741,16.658,16.571,9.2272,5.8901,10.408,11.158,9.4105,7.3987,8.8581,10.573,9.5126,7.3155,6.489,3.5166,0.96668,2.6886,3.338,2.8025,1.9571,1.0334,1.2512,0.7698,0.026905,0.49981,0.25459
0.57002,0.74389,0.78536,1.6837,2.7914,1.15,5.2043,3.8976,5.2028,6.0958,8.3137,7.134,7.9241,9.0842,15.967,10.942,16.949,11.966,9.3552,2.1738,1.7221,4.2985,3.9895,7.6112,10.081,17.314,20.574,11.11,8.1529,9.5631,9.2358,12.091,9.5255,17.643,10.594,3.3956,3.1379,7.66,9.1803,9.8036,12.851,13.076,17.485,9.6998,12.164,10.566,7.5946,8.3488,8.0744,19.641,9.7354,8.5301,18.229,13.039,10.266,22.801,22.262,17.986,14.759,9.6478,19.099,21.225,13.131,10.869,3.9753,3.9674,10.716,8.4996,8.6037,15.7,16.081,7.1006,6.9243,16.662,14.321,8.9409,6.098,10.012,10.61,13.47,13.042,13.174,16.255,15.646,10.386,4.4784,2.5277,2.0223,11.032,10.758,8.1546,3.6634,1.874,1.9126,3.0746,2.9181,0.96944,1.8739,0.89535,0.42395,1.4237,1.4018,1.1777,2.975,1.4369,1.9184,1.3336,5.1997,4.958,2.5638,2.717,7.3961,9.5104,11.425,11.556,10.9,9.1151,9.9846,1.6714,5.7563,9.2294,7.8694
0.33081,0.20213,0.38319,0.22763,0.12026,0.014734,0.0053741,0.017117,0.28416,0.4109,0.30491,2.1953,0.30609,0.68854,1.8253,2.8552,1.5563,7.151,4.0964,3.9436,7.3753,1.8602,0.49891,1.1917,0.48367,1.3003,2.5672,2.2077,1.1039,0.73279,2.7635,0.63335,2.0022,3.9879,4.1772,6.0426,5.0888,1.4375,2.5187,0.93967,5.8948,4.8204,5.1365,9.886,10.01,16.817,9.7902,11.376,22.512,14.299,15.051,24.464,26.339,16.473,6.7402,5.3094,5.8134,10.435,14.109,14.834,17.654,8.9711,7.8377,10.973,16.729,28.194,28.692,17.146,6.4527,5.4595,8.8407,11.203,9.7627,4.9811,6.5155,3.4614,2.2823,1.1529,0.93688,0.78266,0.86252,1.3483,2.2371,4.2797,3.5346,1.7173,3.1648,3.9068,3.5535,4.6871,5.7193,7.5497,13.772,14.145,13.621,15.208,12.067,6.351,8.1589,18.918,15.276,7.7781,7.924,7.2515,5.1362,3.5163,4.5149,3.0172,1.2905,0.48057,1.3136,3.5396,5.8141,2.4205,0.63398,0.28517,1.3858,0.33965,0.11708,0.25054,0.048261,0.55877
