-1.2498,-1.2627,-1.2656,-1.2572,-1.246,-1.1481,-1.2175,-1.1267,-1.1713,-1.1791,-0.92796,-0.68318,-1.0824,-0.30537,-0.52035,0.0019586,-0.31787,-0.84595,-1.0924,-0.33523,-0.48654,-0.70601,-0.2042,-0.072262,0.51991,1.4171,1.1199,0.95487,0.85931,-0.076296,-0.096434,-0.53652,-0.49624,-0.95509,-1.0891,-0.77544,-0.438,0.89602,0.92216,-0.09386,0.14157,0.54333,0.75201,0.7443,0.73391,0.40667,0.13399,0.72187,2.004,2.5426,2.5706,1.1944,0.86224,0.25852,-0.023833,1.0878,0.64733,1.4439,2.2056,1.0127,-0.62436,-0.53822,-0.019192,-0.30631,-0.23995,-0.13611,0.10073,0.56832,0.69036,-0.24011,-0.49462,-0.21154,0.60099,0.25662,0.20113,1.8475,2.8329,0.66248,0.24693,0.74257,1.2452,0.45871,0.57339,-0.17324,-0.049895,0.98592,-0.031711,0.081635,1.4265,1.4653,0.70755,0.76562,-0.0094061,-0.074179,0.40631,1.0939,1.6444,0.37631,-0.32118,0.70077,0.038105,-0.047428,0.58343,0.4848,-0.38576,-0.6033,-0.10476,-0.58165,-0.36335,-0.91304,-0.92807,-0.88047,-1.0528,-0.91683,-0.51448,-0.053178,0.037608,0.037167,-0.19246,-0.40976,-0.81066,-0.53653
-0.61867,-0.39212,-0.31452,-0.70984,-0.86325,-0.86621,-0.85873,-0.7619,-0.0052489,0.044012,-0.38327,-1.205,-1.2231,-1.1458,-1.1681,-1.1923,-1.1853,-1.1593,-1.0784,-1.1294,-1.0617,-0.94732,-1.0597,-0.59324,0.39472,-0.090606,-0.1343,-0.43037,-0.61098,-0.04011,0.53493,-0.49955,-0.31524,-0.41768,0.56527,1.233,1.696,1.1579,0.091392,-0.019891,0.42894,1.8137,1.2115,-0.0048282,-0.14139,0.94959,1.4534,0.63474,0.67362,1.6478,0.50288,0.36195,1.3486,0.99093,0.63358,0.098302,0.082212,-0.16665,0.65452,0.70808,0.88917,1.3628,2.5241,2.4789,1.044,0.91453,0.2319,0.0056056,0.057967,0.40816,0.47598,0.084796,0.022749,0.11946,0.56565,0.76328,0.66552,-0.10173,-0.30815,-0.54495,-0.89125,-0.69301,-0.80842,-0.71769,-0.81257,-0.7981,-1.0768,-0.88524,-0.23455,-0.48026,-0.84565,-0.66384,0.61108,1.3131,0.07025,0.67556,0.6187,0.53331,0.42278,-0.12268,1.5501,0.85352,0.0048647,-0.47411,0.40769,0.46934,1.1537,2.3987,1.7691,0.17444,-0.73701,-0.87147,-0.49476,-0.73322,-0.70082,-0.48967,-0.25489,-0.56881,0.21754,0.10542,-0.58699,-0.63002
-1.1889,-1.1328,-1.1772,-1.1635,-0.92033,-1.1031,-1.0508,-1.1332,-1.1452,-0.80077,-0.68848,-0.73897,-0.27981,-0.53154,-0.6555,-0.71384,-0.70472,-0.9418,-0.94795,-1.0414,-1.1847,-0.96807,-0.46595,-0.43923,-0.37212,-0.027372,-0.53767,-0.61077,-0.66862,-0.10233,-0.17244,-0.93527,-0.97492,-0.37348,-0.068322,0.085301,1.2723,1.6183,0.8872,1.3177,2.1699,2.6285,1.6159,1.0739,1.1078,0.831,0.79567,1.5131,1.2448,1.2243,1.1265,0.44836,0.66106,1.0328,1.4908,1.5624,2.6785,2.5581,2.0681,1.2281,0.44713,0.89467,1.3061,0.46786,1.4424,2.3258,0.9758,-0.028299,0.080718,0.7856,0.61982,0.52893,1.2847,0.72846,0.29744,-0.79295,-0.96948,-1.072,-1.1483,-1.0884,-1.2161,-1.1972,-1.0833,-0.99966,-1.0395,-1.0602,-0.84854,-0.76425,0.48074,0.18244,1.6944,1.5726,1.2541,0.77754,-0.2342,-0.44934,-0.51915,-0.76561,-0.65621,-0.051848,-0.89092,-0.96572,-0.98256,-0.71664,0.14818,0.82275,2.2748,2.6513,2.2317,1.5827,-0.17234,-0.99068,-1.2075,-1.2028,-0.66941,-1.1697,-1.1953,-1.2555,-1.1821,-0.96813,-1.2101,-1.1863
-0.92386,-0.87927,-0.82805,-0.84798,-1.1435,-1.0197,-1.0959,-1.2476,-1.2033,-1.0563,-1.1639,-0.90642,-0.53987,-0.84248,-0.074763,-0.028743,-1.0674,-1.1898,-1.2119,-1.0201,-0.96195,-0.79336,-0.37636,-0.77386,-0.45197,-0.052309,1.2862,-0.022538,-0.52213,1.8188,1.1314,0.75236,0.64794,-0.14321,-0.78711,-0.75775,-0.15517,-0.11088,-0.40538,-0.78553,-0.85063,-1.004,-0.29146,-0.72263,-0.53502,-0.53181,-0.28256,-0.31541,0.35219,-0.34532,-0.46656,-0.45027,-0.73824,-0.68949,0.36195,3.3353,2.2035,0.014341,-0.15887,0.11422,1.4237,0.42991,1.1902,0.65055,0.41677,0.47503,1.3041,2.5952,1.4363,0.52026,0.16814,0.40187,0.62996,0.27184,0.38487,-0.028378,1.5443,0.76173,1.3234,-0.29088,-0.77298,0.34883,0.4679,0.49575,-0.87681,-0.95554,-1.0445,-1.0672,-1.2534,-1.2304,-0.965,-0.65437,-0.16825,0.27092,-0.40899,-0.60116,-0.35648,-0.26282,0.090764,-0.032847,0.51378,-0.073876,0.81474,0.64387,-0.48183,-1.0026,-0.97992,-1.1829,-1.2207,-1.0597,-1.1371,-1.0728,-1.2009,-1.1978,-1.2491,-1.2207,-1.2121,-1.0999,-1.1679,-1.2023,-1.0722,-0.83016
-1.2656,-1.2503,-1.1726,-1.1168,-1.2337,-1.128,-1.2254,-1.2569,-1.2102,-1.2017,-1.2203,-1.1499,-1.076,-1.0674,-0.87349,-0.94562,-0.63131,-0.12055,0.17866,0.38807,1.0372,1.8233,0.87428,0.080196,0.58199,1.3918,1.4929,0.44221,0.28979,0.24563,-0.93548,-1.1727,-0.80827,-0.15201,0.62356,2.044,0.81639,-0.34634,-0.90222,-0.83842,-1.1469,-1.0821,-1.0071,-0.74003,-0.66293,0.036758,1.2388,0.80133,0.96023,0.42291,1.6421,1.2853,1.6569,2.6907,2.8572,2.3101,1.8456,2.8817,3.384,2.0364,1.4856,0.19414,-0.29492,2.1967,2.8093,0.61764,-0.21679,-0.45347,-0.30107,0.27003,0.32597,0.31609,0.95907,0.052222,0.60635,0.55328,0.47395,-0.019642,1.2176,0.99499,-0.055943,0.009616,0.7348,-0.43001,-0.10725,2.0553,1.3772,-0.20937,-0.66487,-0.60654,-0.87275,-0.30094,0.2703,-0.65949,-0.35141,-0.34414,0.52563,-0.73284,-0.50258,-0.66146,-0.71832,-0.55118,0.020187,-0.22194,-0.59649,-1.0934,-1.0826,-0.58715,-0.61678,-0.97023,-1.1488,-0.95578,-0.72654,-0.4766,-0.14313,-0.78591,-0.9582,-1.1356,-1.2204,-1.1804,-1.0704,-1.0851
-1.267,-1.267,-1.2665,-1.2089,-1.267,-1.2667,-1.267,-1.2668,-1.266,-1.2653,-1.2467,-1.2474,-0.99578,-0.9686,-0.38107,0.12653,-0.41165,0.18963,0.57579,0.48534,0.24579,0.051931,0.13254,-0.092177,-0.59127,-0.27595,-0.37561,-1.0441,-0.99347,-0.36315,0.018591,0.29632,1.0764,1.8696,1.9841,1.4912,1.4225,0.5345,0.37435,0.62526,0.93127,0.2581,0.53899,1.9235,0.53706,-0.56733,-0.4309,0.72291,1.1526,-0.033094,-0.45895,0.67361,0.33346,0.20236,-0.34753,0.10921,0.59978,0.62908,0.22731,0.038461,0.43423,-0.0053662,0.35106,2.5144,4.148,3.8655,0.99403,-0.5501,0.29053,0.80597,1.5798,0.60673,0.52626,0.00034451,1.5072,2.0652,1.7302,1.8756,2.8761,0.60046,0.82371,0.2663,0.31087,1.052,0.4591,-0.47428,-0.66209,-0.57176,-0.28305,-0.27404,-0.40332,-0.15403,0.27133,0.62768,0.38051,-0.040469,-0.14336,-0.66686,-0.080248,0.49967,0.78297,0.35253,0.23722,-0.48496,-0.45471,-0.54031,-0.54389,-0.42605,-0.75087,-0.99555,-0.98485,-1.0489,-1.1927,-0.89198,-1.0224,-0.8954,-0.75821,-0.68129,-0.15615,0.026086,-0.46995,-0.58674
-1.1039,-1.0831,-1.1806,-1.1399,-0.90872,-0.92819,-1.0642,-0.91582,-0.84711,-0.78018,-0.81183,-0.66834,-0.50587,-0.9223,-0.61961,-0.37406,-0.45438,0.023499,-0.22342,-0.46086,-0.82696,-0.35687,-0.7479,-1.1119,-0.90204,-0.73433,0.094727,-0.91586,-0.68205,-0.87571,0.057692,0.96704,0.4605,0.40055,0.97368,1.2275,0.47504,-0.052766,0.30111,0.50807,2.2785,1.4074,0.40995,0.80986,2.8824,1.1704,0.29332,-0.64031,-0.13201,-0.35844,-0.0029245,-0.27873,0.39988,-0.14204,-0.54116,-0.46575,-0.30343,0.10491,0.073262,-0.058013,-0.46933,0.27036,1.7284,0.088832,-0.89363,-0.58784,-0.21651,0.38132,0.72763,2.6014,2.1014,1.304,2.0492,0.13621,-0.23408,0.45215,0.14957,-0.66477,-0.41235,0.053288,-0.14558,-0.16558,-0.9628,-1.0487,-1.2323,-1.1805,-1.2612,-1.1367,-1.1386,-0.81298,-0.040898,0.62328,0.82811,0.59434,0.71908,1.9049,1.7606,1.0506,-0.26169,2.9162,1.8822,0.3251,-0.29941,-0.24303,0.9378,0.52068,0.66049,1.6438,2.0094,0.89006,0.087337,-0.46735,-0.37765,0.97806,1.7214,0.69688,-0.41558,-0.50238,-0.67362,-0.41844,1.2044,1.9971
-1.2625,-1.2668,-1.2562,-1.2175,-1.2269,-1.1867,-1.2423,-1.1121,-0.98264,-1.0552,-1.1597,-1.0276,-1.0787,-1.1039,-0.70812,-0.31489,0.89701,0.43085,0.25208,0.26792,-0.30483,-0.30818,-0.28076,-0.21776,-0.20937,0.31937,1.3172,3.3628,1.4963,1.9435,0.08856,-0.22297,-0.54253,0.50125,0.042414,0.010737,0.032332,-0.091346,-0.23816,-0.48091,0.49961,-0.21254,-0.42784,-0.026071,0.54486,0.14443,0.55193,0.26642,0.64042,-0.019427,-0.087314,0.26427,-0.63723,-0.67381,-0.83404,-0.93121,-0.65253,0.57728,-0.61279,-0.055461,-0.25681,-0.053617,0.48812,-0.064165,0.19894,0.66779,1.7291,1.2758,1.6366,1.572,1.5873,0.95956,0.50943,0.099771,-0.0221,1.1449,1.1619,1.8551,1.1074,0.14147,0.71242,0.30838,-0.1018,0.46796,2.0022,0.55325,-0.10356,-0.082435,0.6498,0.89663,2.3498,2.4859,1.4474,0.97477,1.0966,2.3586,1.7478,1.2594,0.2114,-0.23646,0.10411,0.87024,1.0217,1.5323,0.87408,1.0235,0.3319,-0.78261,-1.0039,-1.0141,-0.79846,-0.76261,-0.87632,-0.33552,0.47654,0.13024,-0.88253,-0.60222,-0.53231,-0.6966,-0.89194,-0.30731
-0.35147,-0.60936,-0.059118,-0.15091,-0.83697,-1.0331,-1.0865,-0.76468,-0.28098,0.33537,0.090373,-0.39893,-0.80785,-1.1069,-0.97048,-0.89614,-0.0014122,-0.013916,-0.10529,-0.31551,0.25729,-0.069901,0.0068167,0.42331,-0.18896,-0.04238,0.95947,-0.17135,-0.46673,-0.60564,1.0603,1.8313,3.2877,2.8388,2.0098,1.3692,1.7566,1.2724,1.6983,0.90825,0.86679,2.1848,3.4115,2.501,1.0551,0.65608,0.31189,0.34623,-0.62597,0.43587,0.61101,0.39866,1.6598,1.0684,-0.4339,0.39059,0.75527,0.38438,-0.23885,-0.54338,0.42466,1.2151,1.6158,1.8339,2.6475,2.5666,0.1576,0.27666,1.6081,1.5767,1.0322,-0.080908,-0.23953,0.46485,0.39383,-0.11364,0.39342,0.5129,-0.35091,0.029087,0.70341,0.0053745,-0.60492,-0.53961,-0.7718,-0.78439,-1.0442,-0.94917,-0.80258,-0.91849,-0.90364,-0.19307,0.11432,-0.13163,-0.032118,-0.10628,0.30254,0.33186,-0.1885,-0.56276,0.14806,-0.22259,0.22504,0.55509,-0.20765,-0.46667,-0.49423,-0.73338,-1.1456,-1.1719,-0.94196,-0.59253,-0.34692,-0.38707,0.33217,0.23139,-0.29488,-0.086158,0.32567,-0.2326,-0.39889,-0.46834
-0.93796,-0.93995,-0.80743,-0.96771,-1.0661,-1.1818,-1.1425,-1.1172,-1.125,-1.1283,-1.2008,-1.2616,-1.2502,-1.2073,-1.1661,-1.148,-1.2052,-1.1061,-1.0668,-1.0613,-0.84665,-0.69151,-0.49017,-0.012286,-0.031135,-0.19591,0.64651,0.55826,1.4567,0.38213,-0.73444,-0.086773,0.50107,0.40213,-0.039744,-0.51918,-0.4926,0.30526,0.62224,1.3906,0.60476,0.76905,2.7102,1.503,0.039437,-0.48057,0.61755,1.0037,1.5743,0.67369,1.0701,2.1625,0.88902,0.21364,0.66829,0.25279,-0.43438,-0.90443,-0.34187,-0.15335,-0.32298,-0.19701,0.13315,-0.39563,-0.32993,-0.52316,0.36996,0.5328,0.48366,0.49248,0.12004,-0.1073,1.2862,1.8451,0.45394,0.0043973,-0.32878,-0.22343,0.75918,0.98332,1.423,0.59217,0.52266,3.0127,1.3583,-0.3577,-0.32139,1.6378,0.45066,0.4807,0.7987,0.34426,0.1436,0.33007,0.31131,-0.35948,-0.9804,-1.1666,-1.0325,-0.99568,-0.77947,-0.33658,0.02245,0.13528,0.89901,1.1053,-0.51152,-1.1999,-1.1496,-1.195,-1.2607,-1.2309,-1.2235,-1.2122,-1.217,-1.2079,-1.1228,-1.0427,-1.1073,-1.1461,-1.256,-1.2653
-1.2665,-1.2658,-1.229,-1.2319,-1.2386,-1.2248,-1.1752,-1.2181,-1.2436,-1.2458,-1.2116,-1.226,-1.2509,-1.256,-1.2533,-1.2542,-1.0931,-1.0654,-0.86461,-0.46589,-0.26489,-0.20384,0.23993,-0.29599,-0.25573,0.11614,-0.31515,0.24662,-0.082553,0.26672,-0.10365,-0.72297,-0.41156,0.087122,0.33993,-0.63953,0.27773,2.5489,3.2802,3.5065,1.9415,0.86257,0.50233,0.5171,0.8385,1.2371,1.3977,1.725,0.97997,0.77988,0.050461,0.3205,1.1209,1.408,1.3482,1.3621,0.089541,0.29484,-0.14307,-0.68299,0.1413,0.4719,0.69553,0.98277,0.45564,0.66427,0.70794,0.1115,0.0060945,0.17066,0.6119,-0.15299,-0.0079203,0.41912,-0.14759,-0.058615,0.15146,0.68229,1.4741,0.31542,-0.004625,0.079574,-0.31605,-0.79103,-0.40223,-0.2125,0.73977,0.26308,0.21301,-0.011481,0.5151,0.84824,2.6849,1.5137,-0.1828,-0.66079,-1.1392,-0.34767,-0.031892,0.52344,1.2802,2.1019,1.3626,0.47899,0.069377,0.023618,0.14646,0.26606,-0.71804,-0.85846,-0.95797,-0.81806,-0.69669,-0.25381,-0.05089,0.42859,1.1322,0.75643,0.038997,0.14943,-0.234,-0.2167
-0.78874,-0.44579,-0.67349,-0.66794,-0.40277,-0.79519,-0.64655,-1.0949,-1.1876,-1.1039,-0.80398,-1.0048,-1.0889,-0.98596,-1.1176,-1.039,-1.1221,-1.165,-1.1458,-0.75503,-1.0352,-0.71211,-1.079,-0.79932,-1.0084,-0.79976,-0.10356,-0.27372,-0.17753,1.6752,2.9508,0.19058,-0.86869,-0.0065615,1.5987,1.4047,0.39739,0.090015,-0.25188,0.80568,0.73789,2.0599,2.366,0.83992,-0.48451,-0.28967,-0.18246,0.3116,1.8449,1.8557,1.5006,1.0543,0.075178,-0.13569,0.062779,1.4649,2.9995,2.2577,1.9401,1.099,0.50378,1.8814,1.2632,0.33003,0.36432,1.4678,0.89952,0.0074225,-0.25197,0.59174,1.1623,-0.10089,-0.2021,1.0002,1.082,0.31601,-0.20327,-0.60029,-0.84016,-0.071268,0.10438,-0.50167,-0.11367,-0.28571,1.0473,0.44002,0.86953,1.634,0.92323,0.78107,0.55611,0.9913,1.2976,1.089,0.81046,1.0299,0.97806,0.20573,1.0811,0.8922,1.3807,1.2585,0.6059,0.78409,1.1991,1.7143,1.9425,-0.42308,-0.98846,-1.0837,-0.88508,-1.0467,-1.1399,-1.2095,-1.0975,-1.0668,-0.84886,-0.65229,-0.70401,-0.64042,-0.45978,-0.28213
-1.2502,-1.2262,-1.2088,-1.1699,-1.1886,-1.1919,-1.1995,-1.2371,-1.1421,-0.97981,-0.82394,-1.1268,-1.0062,-0.99714,0.0099742,0.51309,0.50384,0.22315,-0.65294,-0.29745,-0.30391,0.10272,0.73709,-0.39174,-0.17465,-0.36186,-0.064442,-0.069278,0.14324,0.45407,-0.10883,0.87544,1.5688,2.4668,1.547,0.52248,0.80654,1.6937,0.92959,0.72235,0.51673,0.22599,0.47316,0.72943,0.34101,-0.16167,0.62358,-0.013707,-0.31672,-0.67079,-0.75934,-0.74602,-1.0371,-0.50197,-0.09068,0.46301,1.6513,0.47396,0.074646,0.25731,0.88555,2.1664,0.85162,0.41999,1.9798,1.9359,0.22907,-0.11413,1.1728,1.3238,1.7508,0.60244,0.13796,0.35986,1.033,0.68041,2.7999,2.535,2.0265,0.78714,-0.066093,-0.078215,1.2619,0.33884,-0.011707,0.11428,0.54211,0.30562,-0.6604,-1.012,-0.89807,-0.91553,-0.93817,-1.0301,-0.87369,-1.0973,-1.0847,-0.945,-0.90814,-0.41613,0.048235,0.65486,0.5533,-0.36007,-0.6752,-0.87355,-1.1916,-0.98167,-1.1273,-1.0429,-1.0901,-1.1127,-1.183,-0.99541,-0.9795,-0.93075,-0.60242,0.12815,-0.27108,-1.043,-1.1695,-1.1127
-1.2261,-1.2296,-1.1914,-1.0861,-0.87444,-0.17464,-0.67732,-0.94942,-0.49145,0.71971,2.6497,1.7695,0.67306,-0.39157,-1.2201,-1.2463,-1.0809,-0.96381,-0.47677,-0.60556,-0.51151,-0.69772,-0.15159,-0.24403,0.46559,-0.20865,-0.79404,-0.29877,-0.46526,0.25156,0.58019,0.99239,0.89631,0.32814,1.0519,2.0858,1.3757,1.7885,4.1959,2.2148,0.3739,0.16756,1.7377,1.1243,-0.066424,1.4732,3.0134,1.7918,-0.15045,-0.2141,0.78918,0.12309,0.093487,-0.15757,-0.5267,0.0083119,-0.63216,-0.69111,0.11011,0.095886,-0.12368,0.45862,1.3291,0.21029,0.96817,2.0287,1.2421,0.40307,0.79104,0.28175,-0.15699,-0.5251,-0.68336,-0.78068,-0.098066,1.1647,0.95219,0.019604,0.22701,0.11138,-0.15438,1.6159,0.92643,0.74683,1.5274,1.9855,1.4373,-0.19034,-0.60297,-0.2937,0.64314,0.27533,0.86636,2.6211,2.2744,1.9648,1.4693,0.88958,0.6179,2.6092,2.3389,0.96688,0.96992,0.94608,-0.054981,1.3879,1.8744,1.4387,-0.0021248,-0.82148,-0.91884,-0.58344,-0.1189,0.071716,0.2456,0.24896,0.79301,1.4369,1.1777,0.34047,-0.31046,0.037816
-1.1338,-1.14,-1.2417,-1.0999,-1.0989,-0.85075,-0.96431,-1.0768,-1.2183,-1.2451,-1.0161,-0.74516,-0.85823,-0.90459,-0.90986,-1.0291,-1.1745,-1.1269,-0.92894,-0.89887,-0.81553,-0.039323,-0.19601,-0.84039,-0.93837,-1.1425,-1.084,-1.1717,-1.1487,-0.89988,-0.75693,-0.8332,-0.55685,-0.54422,-0.27681,-0.12584,0.38919,0.88904,-0.16165,-0.64196,-0.49091,0.73831,1.73,-0.23674,-0.43431,2.2095,2.8903,2.4838,1.5618,1.3189,0.65702,2.0773,1.7533,0.1895,0.19017,0.55125,-0.57251,-0.57092,-0.52283,0.41218,0.30118,-0.5806,-0.54732,0.015658,0.050253,0.25968,0.1547,-0.10069,-0.16652,0.087612,-0.4385,0.12293,1.9033,3.0095,1.3373,0.17802,-0.3436,-0.40453,0.68742,0.7371,-0.37952,-0.9004,-0.52939,-0.68663,-0.15131,-0.61679,-0.4053,-0.20318,-0.0062309,-0.32149,0.13052,0.16925,-0.59169,-0.53898,0.15062,0.33781,0.10329,0.63077,0.048428,-0.096605,-0.49448,0.14302,0.27456,0.084878,-0.20869,-0.14529,-0.30234,0.35367,-0.40084,0.12597,2.1315,2.597,1.4864,-0.44845,0.74737,-0.053441,-0.54838,-0.87642,-1.1395,-1.1687,-1.1983,-1.2362
-1.018,-0.97406,-1.0323,-0.86416,-0.70981,-0.34941,0.12418,-0.16963,-0.36221,-0.77967,-0.42198,-0.41324,-0.25549,-0.2185,-0.29577,-0.58525,-0.52322,-0.484,-0.58027,-1.2224,-1.2594,-1.2553,-1.1887,-1.0595,-0.87536,-0.77797,-0.56516,-0.47724,-0.14197,-0.49153,0.042266,-0.48121,-0.1588,-0.33924,0.34163,1.8425,2.0229,1.177,0.79821,1.4217,1.1584,0.19056,0.27294,-0.17501,-0.19045,-0.36249,-0.71036,-0.77265,-0.77334,-0.40244,-0.63992,-0.81311,-0.93322,-0.18115,0.094243,-0.16984,0.30854,0.47346,0.94536,1.6838,1.0527,0.9204,0.32956,0.26621,0.62107,0.39852,-0.19651,0.41564,1.4393,1.2877,1.723,2.7331,2.0184,0.38851,0.019645,-0.02241,0.34804,1.0321,-0.23538,-0.073466,0.60614,0.24348,-0.40045,0.30577,-0.31887,-0.076439,0.95253,0.4642,1.6222,1.0554,-0.16034,-0.26613,-0.25464,0.19962,0.36915,0.58899,1.0943,1.548,0.56234,0.074294,-0.35235,-0.45067,-0.60958,0.93602,2.4058,0.94365,0.9556,-0.55975,-1.0082,-1.1609,-1.1769,-1.1825,-1.1784,-1.171,-1.0901,-1.1734,-1.2532,-1.2588,-1.0563,-0.86286,-0.87261,-1.1844
-1.1775,-1.1546,-1.2426,-1.251,-1.2594,-1.2423,-1.2543,-1.0934,-1.041,-0.78182,-0.9157,-0.9906,-0.90921,-0.89188,-0.85499,-0.96453,-0.77615,-0.99497,-0.71608,-0.66094,-0.33427,0.17744,0.4656,0.43221,0.53749,0.84835,0.59168,0.84283,1.2477,2.0084,2.941,1.1096,-0.029815,0.56119,3.1915,2.9794,2.4589,0.24107,-0.061048,1.4215,1.0485,1.0247,0.34644,-0.040221,-0.049476,-0.17415,0.074439,-0.34769,0.032023,-0.044577,0.11702,-0.19144,-0.0048269,1.4204,0.96224,0.19757,-0.18103,-0.25043,-0.48715,-0.31535,-0.62498,-0.85076,-0.47989,-0.70057,-0.79091,-0.47135,0.14246,0.57798,0.39042,-0.14237,0.16297,1.4151,2.9484,1.286,0.32701,2.4062,2.4804,2.2092,0.60332,0.3641,1.2576,0.54406,0.29264,1.1925,1.4824,1.382,0.50301,0.51844,-0.10039,-0.57615,-0.36871,0.15732,1.0664,0.40564,0.32854,-0.70489,-1.0414,-1.0105,-0.95732,-0.59702,-0.050688,0.043704,-0.49168,-0.64683,-0.40831,-0.97927,-0.4934,-0.67811,-0.60153,-0.082106,0.71259,1.2564,0.86853,-0.1171,0.24325,0.86924,1.2991,-0.52259,-1.1647,-1.1445,-1.1855,-1.0068
-1.2277,-1.2452,-1.2354,-1.2573,-1.2236,-1.067,-1.1369,-1.244,-1.1992,-1.2022,-1.1715,-1.1458,-1.0816,-1.1188,-1.007,-0.99714,-0.91198,-0.93622,-0.88322,-0.7404,-0.6992,-0.31644,-0.78535,-0.87936,-0.50009,-0.88934,-0.47601,-0.94181,-1.0383,-1.139,-0.95148,-0.46659,0.67818,0.13605,-0.12289,-0.7445,-0.79541,-0.54845,-1.0716,-1.0453,-1.0076,-0.67836,-0.46673,-0.6109,0.016917,1.5436,0.7025,0.38252,1.087,2.0555,0.28236,-0.37663,-0.46277,0.31088,1.7964,1.7976,2.3614,2.9875,2.4624,2.0665,0.80363,-0.29757,-0.73215,-0.71218,-0.91416,-0.90347,-1.0221,-1.1997,-1.184,-1.2278,-1.0714,-0.50733,-0.72335,-0.61697,-0.66035,-0.13307,-0.38414,-0.60011,-0.57224,-0.83512,-0.21469,1.1555,0.14691,0.44726,0.73541,1.8251,1.1783,0.68924,0.5187,-0.45168,0.13492,-0.52815,0.16444,1.1888,1.013,-0.02953,-0.51176,0.4762,1.3125,0.53701,0.15045,-0.57708,-0.99788,-1.1029,-1.2117,-1.1989,-1.2547,-1.1998,-1.2063,-1.2211,-1.2302,-1.0343,0.059519,-0.037695,0.88745,-0.4624,-1.0265,-1.094,-1.2093,-1.1938,-1.2186,-1.2075
-1.1977,-1.2543,-1.2493,-1.2559,-1.1645,-1.2364,-1.1939,-1.2025,-1.2426,-1.1991,-0.972,-1.0872,-0.60756,-0.7589,-0.30688,-0.68036,-0.72188,0.14149,0.68403,0.53851,0.75238,0.19973,0.38367,0.23491,0.89906,0.49787,-0.10335,0.34678,0.21483,0.208,0.098348,-0.88248,-1.0017,-1.1858,-1.0174,-0.9933,-0.92184,-0.90415,-1.1471,-1.0129,-0.9419,-0.80821,-0.25321,0.32534,0.18794,0.94328,1.0278,0.4085,0.99647,0.69438,0.29706,0.25663,0.48638,-0.39276,-0.055624,0.85565,1.2567,1.4198,1.7917,2.205,1.1077,1.0945,0.86076,0.093984,0.0183,0.94257,0.52614,1.1629,1.2984,0.83471,0.13135,-0.28889,-0.38994,-0.2524,0.81007,0.50512,-0.021815,0.31389,-0.58357,0.42424,0.42266,-0.52821,-0.49964,-0.43895,-1.0128,-1.21,-1.2625,-1.1324,-1.0837,-1.1322,-1.0941,-1.0366,-0.44321,-0.21259,0.23479,0.4272,1.247,1.8851,2.136,0.70466,-0.91016,-1.1045,-1.2112,-1.1599,-1.1959,-1.2088,-1.2458,-1.2544,-1.2151,-1.14,-1.1617,-1.045,-1.2076,-1.2126,-1.1902,-1.2267,-1.2139,-1.0456,-1.2287,-1.1675,-1.2248,-1.267
-1.267,-1.267,-1.267,-1.24,-1.2638,-1.2651,-1.267,-1.2581,-1.1755,-1.2298,-1.2569,-1.1963,-1.0726,-0.97275,-0.66441,0.11484,-0.27584,-0.37141,0.55216,0.22624,-0.50036,-0.45701,-0.35046,-0.19697,0.026225,-0.069502,0.35301,1.1259,0.2301,0.71446,1.657,1.6675,1.5963,0.51851,0.2359,-0.26941,-0.4298,-0.33831,-0.74444,-1.1216,-1.1734,-1.14,-1.0027,-0.64304,-0.43397,0.10565,0.48867,-0.079988,0.49086,-0.39362,-0.55767,-0.59502,0.61301,1.3688,1.5428,1.429,1.6576,3.106,2.7241,0.79518,1.283,0.77155,1.0279,1.8826,1.079,0.34993,0.53651,0.0071341,0.41576,0.053774,-0.27025,1.2814,0.93947,0.53643,-0.27824,-0.63673,0.15667,0.64131,0.64168,0.41031,2.3114,0.7293,-0.24194,0.50982,1.2261,0.88236,0.44966,0.090051,-0.34803,0.12529,1.2088,1.8832,1.0357,0.68924,0.66884,0.96147,2.3471,1.3898,0.045575,-0.68125,-0.82592,-0.51132,-0.15345,-0.080521,-0.4734,-0.12259,0.71045,0.63978,0.36926,-0.30665,-0.40942,-0.78291,-1.1443,-1.1474,-1.0773,-0.88457,-1.0366,-0.73266,-0.53241,-1.0007,-1.1782,-1.2619
-1.1555,-1.1469,-1.1423,-1.1551,-1.1834,-1.2338,-1.1957,-1.0434,-1.1448,-1.188,-0.82819,-1.1354,-0.91401,-0.83996,-0.52451,-0.22652,-0.70998,-0.93108,-0.93356,-1.085,-1.0015,-0.99791,-0.77968,-0.41379,-0.26334,-0.073455,0.43562,-0.29421,-0.85068,-0.85002,-0.85621,-0.54762,0.17002,0.11895,0.87437,0.65947,1.6048,2.1246,2.5419,1.6564,1.1134,-0.049665,-0.21021,-0.51439,-0.53291,-0.48679,0.31093,0.31919,0.12861,0.10352,0.46594,0.68812,0.50156,-0.1329,-0.23671,-0.5199,-0.40539,0.97908,2.2623,2.2467,2.3434,1.2645,1.0697,0.89948,2.0846,3.3081,2.8097,0.26204,-0.33999,-0.28236,-0.08202,0.17752,1.1315,1.1209,0.84715,0.41673,0.546,0.24493,0.17805,0.42361,-0.22095,-0.43415,-0.74787,-0.70246,-0.74426,-0.88936,-1.1186,-1.1996,-1.2312,-1.2261,-1.1535,-1.2075,-1.237,-1.1835,-1.2186,-1.1377,-1.0843,-1.1002,-1.182,-1.1586,-1.1782,-1.1928,-1.1563,-0.82068,-0.10108,0.094946,0.38175,0.63574,0.97856,0.55123,-0.38762,-1.0594,-1.1381,-0.82698,-0.78225,-0.97903,-1.0892,-1.1467,-0.85151,-1.0323,-0.61809,-0.14978
-1.2223,-1.1274,-0.92395,-1.0096,-0.61793,-0.41837,-0.4205,-0.51563,-1.1382,-1.1976,-1.1691,-1.1846,-0.7582,-1.013,-0.89568,-0.90344,-0.92264,-0.98573,-0.79041,-0.6154,-0.72245,-0.99896,-0.91455,-1.1145,-0.9562,-0.82093,-0.8829,-0.56746,-0.48576,-0.26817,-0.34022,-0.038743,-0.11549,0.809,1.8659,0.68059,0.6584,0.99282,0.42683,0.49977,0.48435,0.3956,-0.3276,-0.065793,0.11532,0.83003,2.882,1.648,1.2796,2.4766,2.0804,0.066923,-0.5803,0.18301,0.33641,0.33865,0.49773,1.0705,1.1504,1.2809,1.957,2.0828,1.3016,1.8014,2.0113,0.5303,-0.033825,0.19818,1.217,0.83731,0.80676,0.32145,0.84103,0.28976,1.3167,2.1309,1.7813,0.81677,-0.31254,-0.4215,-0.50964,-0.52912,-0.66621,-0.43482,-0.75812,-0.53653,-0.52975,-0.44619,-0.67693,-0.72542,-0.89933,-0.79531,-0.66359,-0.65177,-0.28373,-0.41848,0.04986,0.58916,1.1748,1.872,1.5224,2.2069,0.47959,0.08541,-0.5807,-0.80325,-0.81894,-0.72907,-0.51327,-0.38121,-0.65545,-0.080848,0.39663,0.90099,0.0029971,-0.88268,-1.2384,-1.1394,-1.1555,-1.1718,-1.2621,-1.2599
-0.42259,0.27171,-0.20019,-0.14445,-0.58048,-0.31569,-0.72958,-0.73948,-0.86771,0.062288,1.1643,0.17317,0.11265,0.81852,1.2961,1.4767,0.48717,-0.51359,-1.1345,-1.1359,-1.2064,-0.90434,-0.69158,-0.53682,-0.76101,-0.49232,0.72854,0.40503,0.8872,0.47442,1.6673,2.5001,2.1606,0.56792,-0.20553,0.14129,0.37951,0.75748,0.65306,0.9859,1.0677,0.36295,-0.054049,-1.1215,-1.1674,-1.1569,-1.1192,-1.105,-0.61636,-0.021448,-0.067683,-0.041389,-0.75067,-0.71029,-0.79157,-0.9841,-0.45917,0.015119,-0.04178,0.023399,0.35269,0.73182,0.75498,0.70726,1.2583,-0.11068,-0.41693,-0.22163,0.15826,0.68305,0.73398,0.54565,0.50425,1.2369,0.75524,0.062032,0.52472,0.74455,0.99391,0.75641,1.1582,0.21451,0.67324,1.2624,0.58916,1.6647,0.75147,1.5687,2.3127,1.6363,0.47374,1.2787,1.8319,1.0355,0.7485,1.1697,1.4745,2.9779,2.3838,-0.45354,-0.11269,-0.23695,0.43765,1.0966,0.61126,0.02243,0.66709,0.24215,-0.27714,-0.89982,-1.0128,-0.98571,-0.55462,0.0034793,-0.16321,-0.33152,-0.46873,-0.76726,-0.5139,-0.68966,-0.81975,-1.0647
-0.55303,-0.40506,0.70702,0.38349,0.43339,0.93995,0.90222,1.2749,0.42861,-0.72861,-1.2399,-1.2387,-1.2391,-1.1609,-0.98875,-0.819,-0.11751,-0.92382,-1.1633,-0.87971,0.3797,1.5677,2.2857,0.73679,0.59949,1.2592,1.8542,1.1359,0.50834,-0.61448,-0.52282,0.096611,-0.010706,-0.29682,-0.25778,0.11712,0.64075,-0.37502,-0.86118,-0.88083,0.40845,0.061888,0.28606,1.0453,1.3988,1.0188,0.53404,0.95166,2.45,2.3795,2.2645,1.6283,1.0045,0.60403,-0.51663,-0.016847,2.9466,1.9444,0.99989,0.60376,-0.34177,0.53717,1.3171,1.0586,0.82595,-0.4584,-0.28673,-0.82703,1.285,1.6367,0.096848,-0.31827,0.071748,0.47944,0.1695,-0.10283,-0.1684,-0.26929,-0.52981,-0.67797,-0.69902,-0.58998,-0.52372,-0.33127,-0.4476,-0.45002,0.65885,1.2741,1.2157,1.4562,1.7834,1.9447,1.9013,0.40931,0.12725,0.2144,1.1195,0.90752,0.81547,0.79187,-0.032737,-0.50747,-0.8541,-1.1721,-1.163,-1.2199,-1.2048,-1.2532,-1.2613,-1.2233,-1.267,-1.2539,-1.165,-0.95595,-0.87618,-0.83136,-0.98897,-0.32293,0.41018,0.18885,-0.11643,-0.32218
-1.2513,-1.2591,-1.2646,-1.2639,-1.229,-1.2056,-1.1938,-1.054,-1.128,-1.183,-1.0519,-1.1628,-1.2433,-1.1626,-1.2143,-1.1736,-1.1922,-1.1838,-1.2258,-1.1554,-1.0654,-0.3981,-0.075474,-0.14163,-0.20663,-0.51497,0.47365,0.72319,0.19544,0.1957,1.3839,0.15604,-0.23958,0.62392,1.9515,1.4901,2.2379,1.0834,0.77037,-0.19767,-0.28004,-0.65547,-0.98731,-1.0591,0.7305,0.015507,0.14051,-0.32774,-0.71773,-0.91985,-1.1351,-0.82897,-0.95827,-1.2,-1.1227,-1.0457,-1.1333,-1.0253,-1.0075,-1.1454,-1.1585,-0.94399,-0.82531,-0.8135,-0.28064,0.19797,0.31785,0.075697,1.2627,1.4669,0.63654,0.49074,0.26451,0.0039749,1.2301,0.99512,1.8498,2.2746,2.5651,1.0404,0.75919,-0.1404,0.16533,1.4034,0.85855,0.74675,0.56059,1.2071,0.68517,0.63698,0.71274,-0.63173,-0.4961,-0.94114,-1.0384,-0.88446,-1.0901,-0.89319,-0.7749,-1.0401,-0.82992,-0.48332,0.24957,2.1621,1.952,0.17643,-0.92632,-0.97472,-1.2292,-1.2473,-1.255,-1.2639,-1.2601,-1.2299,-0.99619,-0.20551,-0.22168,-0.80359,-1.258,-1.2652,-1.2493,-1.2633
-1.0924,-1.2597,-1.1937,-1.1479,-1.0072,-0.98969,-0.93957,-0.89253,-0.68138,-0.49712,-0.32356,0.43054,0.97937,0.092881,-0.68778,-1.1344,-1.2146,-1.2018,-1.0863,-1.2039,-1.1963,-1.2259,-1.2243,-1.2039,-1.0949,-1.0729,-1.0507,-0.45412,-0.47023,-0.69379,-0.46394,0.4802,0.52973,-0.082574,1.3969,0.79125,0.33882,2.4719,2.7987,0.90029,1.5536,0.39326,1.3662,1.9042,1.9978,0.79694,0.59481,1.8114,1.3086,0.27961,2.5351,2.2932,0.66579,-0.61074,-0.57147,-0.73893,-0.15934,0.1126,-0.025214,0.18552,-0.64217,-0.35534,-0.40631,-0.56478,-0.25057,0.053189,-0.23031,-0.12874,1.1188,1.115,0.18592,0.044701,2.5069,2.3101,2.0712,0.70644,0.015633,0.68151,1.521,1.6748,1.7075,0.54172,0.79371,1.5372,0.30646,-0.021693,1.2145,2.3539,1.8506,2.1236,3.3913,2.1105,0.89663,0.37297,1.0349,1.743,1.1555,1.2572,1.333,0.47976,-0.12976,-0.49481,-0.54241,-0.021029,0.35083,-0.28703,-0.53965,-0.76179,-0.46161,0.012761,-0.84864,-0.18635,0.7069,1.2024,0.53694,1.4527,1.9108,1.4701,0.11448,-0.63285,-0.8566,-0.82708
-1.1329,-1.2169,-1.1804,-1.1622,-1.0319,-1.1714,-1.2208,-0.88398,-0.84437,-1.1929,-1.1697,-1.2389,-1.1813,-1.237,-1.1769,-1.129,-0.56306,0.54491,0.10769,-0.94192,-1.1784,-1.1417,-1.1493,-1.1634,-0.82498,-0.78206,-0.61739,-0.59683,-0.93865,-0.70991,-0.4037,0.51635,0.69602,-0.33914,-0.29815,-0.5076,-0.59404,-0.40238,-0.095249,0.50298,0.87963,0.98296,0.83394,0.82459,0.89469,1.7643,-0.33611,0.009077,0.69647,0.16437,-0.4848,-0.059405,-0.15298,0.89091,0.87406,-0.2231,-0.68791,-0.4559,0.11311,0.11803,0.016006,-0.35122,-0.53616,-0.26931,0.038525,0.44896,1.1203,0.90628,0.44247,-0.31376,0.86908,1.004,0.56163,0.2818,0.18138,0.73163,1.3423,2.0418,2.0725,1.6735,1.8488,0.41598,-0.37803,0.27698,-0.64497,-0.30897,-0.74038,-0.34823,-0.91771,-1.0295,-1.1822,-1.2137,-1.1798,-1.1129,-1.0532,-1.1167,-1.0832,-1.131,-1.2155,-1.1289,-1.012,-0.49693,-0.72303,-0.8893,-1.1257,-1.1298,-0.88491,-1.1837,-1.1673,-0.95897,-0.84353,-1.0108,-0.89573,-1.051,-0.76669,-0.69515,-0.21373,-0.48813,-0.47097,-0.67805,-0.41175,-0.55101
-0.83796,-1.1049,-0.90278,-0.68578,-1.0899,-1.1612,-1.2595,-1.2099,-1.0694,-1.0469,-1.0878,-1.2332,-1.2398,-1.1999,-1.0404,-0.97709,-0.96487,-0.10353,0.98477,1.5715,1.2813,-0.026836,0.17865,-0.4841,-0.34577,-0.21249,0.12434,0.60563,1.6393,1.5249,0.71419,0.25395,0.054604,0.60718,0.1196,-0.45148,-0.26434,0.90597,0.45416,0.54512,0.17986,0.59517,1.83,2.2136,1.5553,1.881,1.0128,1.1757,2.3521,1.192,0.94281,0.71477,-0.05656,-0.24606,-0.50664,-7.2897e-05,-0.63788,-0.43269,-0.60064,-0.16567,-0.23697,-0.17803,-0.6272,0.12162,0.60011,-0.18586,0.53722,1.4558,1.5774,1.4372,1.2792,0.77247,1.7713,2.1242,1.7606,2.4181,0.17168,0.029183,0.42466,1.2544,1.7875,1.2187,1.4918,0.82294,0.18401,0.066182,-0.58898,-0.25661,0.83609,0.54,-0.15751,-0.03585,-0.1743,0.24423,0.3924,0.46916,1.0268,0.73725,0.68668,0.92409,0.59344,0.83541,1.2607,1.6671,1.2131,-0.035683,-0.31294,-0.62572,-0.87838,-0.96286,-0.96362,-0.89544,-0.86397,-0.56504,-0.79368,-0.29463,-0.53225,-0.18336,-0.036062,-0.5093,-0.63266,-0.58816
-1.2341,-1.2053,-0.74734,0.50077,0.7496,1.9909,1.736,1.1192,0.047918,-0.38972,-0.85432,-1.2182,-1.2287,-1.1224,-0.93214,-0.66084,-0.62569,-0.61714,-0.96981,-0.93869,-0.78023,-0.88181,-0.75735,-0.94133,-0.48658,-0.41772,-0.90775,-0.90802,-0.44242,-0.27652,-0.58615,-0.85947,-0.33761,-0.43922,-0.54246,-0.0053778,0.18082,1.1055,0.25996,0.87047,1.7275,1.5743,1.5161,2.0728,0.67983,2.4359,1.7508,2.0883,0.26519,0.42725,0.27283,1.2151,-0.46381,-0.28039,0.27934,0.11287,-0.41952,-0.4528,1.8344,2.1039,2.6444,1.5355,0.87164,1.0786,1.7422,3.1882,2.8725,-0.40645,-0.40548,0.18067,-0.10896,-0.39213,0.098551,0.98872,2.2337,1.4584,0.83848,0.73383,0.10141,0.40917,-0.29843,-0.61431,-0.73024,-0.4222,0.041718,-0.058641,0.40063,-0.097077,0.82172,0.96597,1.6987,0.55581,0.83423,0.62399,1.0036,0.1913,0.45844,0.69778,0.73956,1.2281,0.45881,-0.30672,-0.17697,0.77179,1.3773,0.73933,0.55441,0.050825,0.17385,-0.25423,-0.99284,-0.84755,-1.1947,-1.1594,-1.2511,-1.1641,-1.2057,-1.1724,-0.95312,-1.0835,-1.1562,-1.0902
-1.2427,-1.2641,-1.2662,-1.267,-1.2398,-1.2565,-1.2226,-1.169,-1.1568,-0.89088,-0.74872,-0.56845,-0.33939,-0.69827,-0.78962,-0.85792,-0.5635,-1.006,-0.9964,-0.56349,-0.33106,0.066449,1.1307,0.88276,1.705,2.337,1.9532,2.2459,2.3894,0.66074,0.4281,0.12418,0.13113,0.4432,0.64823,2.716,1.6195,0.7965,0.05295,0.18424,1.3644,-0.0037002,-0.8733,0.31508,1.5942,0.94727,0.38523,-0.039682,-0.13965,-0.60237,-0.49505,-0.015547,0.88064,0.82619,1.3827,2.1668,1.5876,0.81615,0.6873,1.1738,0.52585,0.23376,-0.018821,0.23579,1.1907,0.34556,0.90008,2.9854,2.5122,-0.021932,0.10491,-0.13864,-0.73688,-0.38444,-0.55067,-0.62534,-0.96955,-1.0609,-1.2059,-1.2253,-1.1527,-0.35562,-0.064359,-0.22285,0.24772,0.37874,1.4275,0.83694,0.73477,1.7622,1.0095,0.37148,0.7422,0.59177,0.96391,0.58477,-0.2926,-0.65391,-0.39132,-0.57006,-0.61443,-0.20203,0.17718,0.59751,1.4728,1.2287,0.19377,-0.92015,-1.0852,-1.2168,-1.1059,-1.0397,-1.1387,-1.1262,-1.1811,-1.2201,-1.2108,-1.1662,-0.77574,-0.6434,-0.42766,-0.8888
-1.2361,-1.2611,-1.1557,-1.2274,-1.188,-1.0974,-1.1111,-0.85957,-1.0462,-0.94925,-0.65447,-0.52527,-0.50776,-0.87761,-0.15694,-0.55913,-0.39408,-0.12466,0.053521,0.8164,1.0179,0.84964,1.4775,1.8933,0.31811,0.061065,0.19931,0.17915,-0.12841,0.54677,0.98742,0.067817,0.0058627,0.17987,0.17573,0.45879,1.1521,0.95447,1.3338,1.5105,0.57391,0.85731,0.8533,1.1635,-0.17273,-0.35013,0.37108,-0.38846,-0.44039,-0.39409,-0.34003,0.54227,0.66845,0.64814,1.1361,0.33334,-0.48893,0.069566,0.61546,-0.12132,-0.50354,-0.11022,-0.069743,0.064391,0.11476,0.91918,0.44845,-0.55809,-0.39432,0.3729,0.96463,0.014233,0.55754,-0.34754,-0.47007,0.91134,2.8676,2.5413,-0.60402,-0.38537,0.61824,0.15401,0.039406,0.42037,0.82732,1.7988,2.2698,0.97148,1.7297,2.8084,2.4732,0.83484,0.59338,0.67204,1.2839,0.94309,-0.074936,-0.9563,-0.83894,-0.97418,-1.0799,-1.0615,-0.58457,-0.9966,-0.91045,-1.06,-0.80904,-0.83697,-0.73455,-0.60776,-0.16459,-0.57662,-0.82609,-0.35449,-0.55856,-0.20203,-0.48902,-0.53279,-1.0082,-1.0593,-0.97792,-0.46883
-1.2392,-1.2645,-1.2652,-1.267,-1.267,-1.267,-1.2445,-1.172,-1.1716,-1.2223,-1.2297,-1.2234,-0.97938,-0.97439,-1.0575,-1.1093,-1.1113,-0.90712,-0.97983,-0.66755,-0.64559,-0.39784,0.23697,0.65358,1.1085,1.7913,0.80879,0.083995,0.54493,-0.1739,-0.82313,-1.2317,-1.0813,-1.1189,-1.1153,-1.0508,-0.79927,-0.096859,0.44902,0.56191,0.50892,1.0326,0.98482,1.0582,1.7384,1.5153,0.61289,0.63671,0.83722,-0.46886,-0.40736,-0.38138,-0.81326,0.22673,0.23797,0.15848,-0.49048,-0.026744,0.76004,-0.17399,-0.41645,0.37299,0.3685,1.7532,2.6217,2.2262,1.0768,2.1205,2.232,3.0141,3.585,1.9864,0.056675,-0.40825,-0.68141,-0.93152,-0.78893,0.24201,-0.77283,-0.80719,-1.2216,-1.2557,-1.1579,-1.1913,-1.2656,-1.2611,-1.2367,-1.1703,-1.1055,-0.99109,-1.0162,-0.94664,-1.0604,-0.78335,-0.88345,-0.87389,-1.1656,-1.2109,-1.2616,-1.218,-1.1712,-1.0029,-0.9969,-0.82148,-0.85599,-0.4085,-0.91525,-0.98242,-0.74281,-0.72798,-0.73404,-0.62742,-0.97717,-1.0113,-1.0193,-0.7426,-0.78217,-0.68291,-0.51749,-1.0274,-1.06,-1.1687
-1.0577,-1.0897,-0.53764,-0.98594,-0.58609,-0.14585,0.21212,0.63765,-0.41228,-0.9481,-0.91562,-0.75852,-0.1163,-0.28161,-0.23838,-0.54501,-0.75369,-0.73288,-0.45242,0.11256,0.7647,1.4747,1.2438,0.82094,0.87406,1.1311,1.6075,2.4645,0.56252,0.3566,0.6246,1.4087,1.5572,0.32222,0.38726,0.43117,1.256,0.44351,0.29302,0.45133,0.32108,0.019397,-0.15288,0.093264,0.13312,1.6245,0.029494,-0.67377,-0.64533,-0.33891,0.08925,-0.24802,-0.48207,0.08221,0.72097,1.1067,1.4777,0.37002,0.57805,1.0629,0.76073,1.4621,1.406,1.6488,0.88885,0.22686,1.9009,1.9771,0.65413,0.082345,0.42561,0.45688,0.29479,-0.41315,-0.38723,-0.29514,-0.29204,-0.28691,-0.41299,0.097069,-0.22581,-0.039999,0.09386,1.1228,0.78271,0.89628,1.2618,1.2843,1.3732,1.4809,0.8956,-0.38325,-0.71766,-0.34042,0.14092,0.27554,0.5595,1.201,-0.54155,0.094236,0.05243,-0.70984,-0.52907,-0.24183,-0.39719,-0.62362,-0.87767,-1.0302,-0.80569,-0.1228,1.1256,0.6459,-0.74808,-1.1654,-1.1466,-1.0793,-1.1315,-0.94933,-1.2175,-1.2465,-1.2581,-1.2605
-1.1553,-1.2125,-1.1455,-1.1576,-0.92443,-1.1619,-1.2287,-1.2526,-1.2109,-1.0695,-1.2237,-1.2388,-1.2467,-1.2417,-1.267,-1.2592,-1.2421,-1.2262,-0.9947,-0.97251,-0.70341,-0.068711,1.5352,1.5048,0.48976,0.88883,0.19559,-0.307,0.56046,0.98556,1.2393,1.0784,0.31618,-0.2503,-0.60839,0.53215,1.6536,1.5541,2.2063,1.1033,0.12752,0.87155,0.69977,1.2606,0.96345,0.64967,1.1676,0.95534,1.1135,0.3984,0.073125,0.20106,0.77719,0.80428,-0.39034,-0.50968,0.9185,0.82765,-0.05661,-0.50272,-0.09653,0.23069,0.0038586,0.26673,0.2539,1.5358,1.5891,0.45495,0.47884,1.3512,3.4119,0.50996,-0.85032,-0.706,0.077833,1.2215,2.3937,1.731,-0.37619,-0.68315,-0.79578,-0.15735,2.5181,0.95274,-0.38906,-0.79739,-1.0148,-0.95722,-0.84047,-0.90953,-0.96939,-1.0201,-0.92282,-0.44869,-0.24956,-0.82956,-0.59087,-0.56903,0.2906,0.61999,0.54683,-0.38692,-0.46843,-0.54278,-0.75085,-0.30004,-1.0419,-0.81186,-0.95422,-1.0033,-0.71452,-0.13901,0.71874,-0.030324,-0.037784,0.1346,0.11767,-0.22947,1.4192,1.3945,0.44779,-0.82169
-1.2023,-1.2637,-1.2497,-0.75906,-0.28239,-0.34645,-0.89897,-1.1343,-1.1787,-1.2527,-1.0719,-0.81993,-0.65468,-0.55353,-0.74867,-0.73163,-0.46427,-0.83644,-0.73345,0.12344,-0.36261,-0.20399,-0.50868,-0.59983,-0.9325,-0.71365,-0.88798,-1.2075,-1.224,-1.201,-1.1023,-1.2317,-1.1939,-1.0846,-1.0296,-0.94431,-1.0873,-0.80465,-0.3873,-0.19027,-0.040466,0.25963,0.091711,-0.16117,-0.18356,-0.22589,-0.55544,-0.59305,-0.026443,0.064939,0.35565,0.85107,1.3346,2.4978,1.4801,0.73871,0.3169,1.3444,0.95214,0.61215,-0.32949,0.23179,0.135,0.3245,0.12339,0.029902,0.77902,1.5221,1.9659,1.0049,0.47971,0.8839,0.95082,1.6304,1.4041,0.1617,1.293,1.7243,1.2722,2.2227,1.1777,1.7147,1.9214,1.9669,1.0368,0.24692,-0.33938,-0.13503,-0.68544,-0.018401,0.32859,0.74785,0.4409,0.042171,0.0037422,-0.98162,-0.95599,-0.40364,-0.58828,-0.27675,-0.71173,0.33484,1.8526,0.040452,-0.58167,-1.036,-1.2026,-1.1715,-1.2176,-1.2505,-1.1432,-1.2141,-1.1425,-0.84338,-0.52333,-0.79732,-1.0541,-1.1642,-1.1775,-1.217,-1.2491,-1.267
-1.2634,-1.2612,-1.2644,-1.2564,-1.2664,-1.2665,-1.2668,-1.2642,-1.1419,-1.0225,-0.977,-0.72104,-0.76409,-1.1081,-0.81681,-0.86443,-0.62723,-0.77245,-0.47074,-0.7447,-0.53087,-0.28996,-0.58729,-0.67818,-0.47672,0.036421,0.92763,0.88578,0.19766,1.0675,1.6165,1.3147,2.0207,0.57961,-0.11506,-0.54272,-0.75665,-0.99798,-0.93097,-0.27196,0.057984,0.1972,0.025107,-0.10051,-0.76499,-0.36431,0.46917,0.91211,1.2168,1.862,1.3242,-0.1082,-0.20801,0.084971,1.632,2.0131,1.9429,0.97643,0.54781,0.24921,0.69574,1.0563,1.2207,0.65016,0.74441,0.52905,-0.019639,1.5743,1.4813,-0.77969,-0.55703,-0.26321,1.29,1.7352,0.88215,1.3929,0.82254,0.56007,1.0935,1.159,1.9067,0.18675,-0.44212,-0.25683,-0.66534,-0.26778,-0.4756,-0.25396,-0.1562,0.58873,-0.0098877,-0.28893,0.92591,1.1574,0.44869,0.32561,0.30908,1.0069,1.6504,1.3676,2.3979,0.9804,-0.36269,-0.76668,-0.91656,-0.35533,0.0023849,0.085112,0.254,0.82282,0.19079,-0.13288,-0.76891,-0.48505,-0.56398,0.069453,-0.097677,-0.33624,-0.05875,-0.37769,-0.31612,-0.41711
-1.2493,-1.2287,-1.1706,-1.161,-0.95333,-1.0214,-1.1146,-0.9638,0.0027248,-0.6153,-0.22505,-0.17053,0.37527,-0.13653,0.2728,-0.074873,0.35746,-0.11296,0.0011447,-1.0716,-1.202,-1.1278,-1.1509,-0.96263,-1.0688,-1.0219,-0.27666,0.77331,-0.37731,-0.67149,0.60588,0.71135,0.49989,-0.019589,0.81142,1.677,0.62695,1.1718,0.43939,-0.12187,-0.91609,-0.57421,-0.24277,-0.31497,-0.69077,-0.22005,0.12726,1.746,1.1074,0.21229,-0.42724,-0.66082,-0.23891,-0.22741,-0.32123,-0.25288,-0.5325,-0.50949,-0.85152,-0.59912,-0.39852,0.13917,1.4145,3.08,2.5851,1.1985,-0.18536,0.11097,1.042,2.5512,2.1077,2.9109,0.74575,-0.92967,-0.73202,1.0748,1.559,2.9091,2.4437,2.7207,0.24671,-0.76798,-0.10781,0.85185,1.2773,-0.56939,-0.64432,0.35112,-0.18628,0.28933,-0.23838,-0.11325,0.12355,-0.12677,0.2698,1.1916,0.96251,0.53677,-0.35387,-0.88145,-0.56591,-0.65913,-0.94444,-0.86162,0.20907,-0.44637,-0.86396,-0.84345,-1.2492,-1.1498,-1.0692,-1.1543,-1.1009,-1.1268,-1.2173,-1.17,-1.2039,-1.1075,-1.1921,-1.1312,-1.1865,-1.1193
-0.96783,-1.0512,-0.99415,-0.82078,-1.0218,-0.94328,-0.87089,-0.71044,-0.70559,-0.82389,-1.0635,-1.1295,-1.1787,-1.0944,-0.92675,-1.0738,-1.0542,-1.1948,-1.2079,-1.0763,-0.8657,-1.1264,-1.1916,-0.83234,-0.30144,0.28317,0.25115,-0.0507,-0.759,-0.88718,-0.6027,-0.82235,-0.90094,-0.47628,0.035082,0.60562,0.27078,-0.35137,-0.27223,-0.0019561,-0.0049745,-0.0573,-0.0028817,0.10032,1.0555,1.93,2.3152,1.208,-0.23413,-0.36038,0.050433,-0.0052458,-0.32805,0.41103,1.5399,1.5542,-0.021666,-0.24272,1.1384,2.1642,1.8285,1.2589,1.1932,2.2244,1.0515,0.33164,1.3829,1.7738,3.0352,2.1348,0.064827,-0.72913,-0.48151,-0.50446,0.039078,1.1101,0.093727,-0.12421,-0.21703,-0.17966,0.35028,-0.012007,0.1648,-0.72348,-0.96543,-0.99248,-1.1391,-1.0233,-0.49584,0.13351,-0.25661,-0.43177,-0.52865,-0.39144,-0.31705,-0.1993,-0.085699,-1.1706,-1.2225,-1.1731,-1.021,-1.008,0.15036,0.80449,0.76798,-0.043091,-0.3529,-0.18698,0.23537,-0.76644,-0.82695,-0.73766,-0.26841,0.45382,0.46,0.45702,-0.21417,-0.88406,-1.2254,-1.2079,-1.1489,-1.1623
-1.0955,-1.1838,-1.196,-1.1855,-1.266,-1.2563,-1.2567,-1.2663,-1.2614,-1.2658,-1.215,-1.1706,-0.92491,-0.91805,-0.68624,-0.92032,-0.69046,-0.28842,-0.5016,0.87767,1.9782,1.9654,1.1803,0.67102,2.0716,1.5917,1.1023,1.2243,-0.29309,-0.35334,-0.40606,0.37728,-0.90807,-1.123,-0.71344,-0.39607,0.50914,2.3229,1.1097,0.051358,-0.69215,-0.91903,-0.37502,0.65853,0.71603,-0.028055,0.11486,1.5511,0.73049,0.46814,1.6039,2.1892,2.9364,3.1198,1.6988,0.80742,1.9054,1.4518,0.54751,-0.60434,-0.7098,-0.49655,-0.50454,0.22442,0.2507,0.76025,1.0163,1.2208,0.66968,0.080494,-0.16074,-0.084743,0.68857,0.5312,1.1125,2.1651,1.2776,-0.34699,0.33837,-0.42859,0.36742,0.46316,0.66109,-0.73704,-0.14997,-0.91347,-1.1254,-1.154,-1.1858,-1.0852,-1.1748,-1.2027,-1.2367,-1.0336,-1.227,-1.1978,-1.1997,-1.1725,-1.2382,-1.2158,-1.1173,-0.43916,0.79709,0.64557,-0.27823,-0.031154,-0.073095,-0.57162,-1.2071,-1.2486,-1.2093,-1.1664,-1.1739,-1.1869,-1.2022,-1.0329,-1.0865,-1.1105,-1.0828,-1.1136,-0.85272,-0.78066
-1.2465,-1.2667,-1.2653,-1.2226,-1.1091,-1.1774,-1.0768,-0.95468,-0.61632,-1.0092,-0.7189,-0.54007,-0.46298,-0.95428,-0.89703,-0.089745,-0.33558,-0.64651,-0.9843,-1.2319,-1.2637,-1.246,-1.1271,-0.96966,-0.93818,-0.87466,-1.0657,-0.82202,0.049675,-0.92352,-0.52748,-0.55545,-0.094335,0.16011,-0.16386,1.0279,1.2131,0.58469,-0.12143,-0.12344,0.1683,0.747,0.61862,0.90931,0.094605,-0.9161,-0.86812,-0.91018,0.12395,-0.42066,-0.23743,-0.24149,-0.46074,-1.0109,-0.39004,-0.74236,0.14349,0.11556,-0.24256,-0.67395,-1.1369,-1.1279,-1.1767,-0.98261,-0.73534,-0.092725,0.26388,0.29514,-0.72534,-0.81872,-0.90208,-0.63331,0.77189,-0.31005,-0.46283,-0.48984,-0.64754,-0.28623,-0.63588,0.46813,0.19581,0.63357,-0.25841,0.77876,1.9007,2.0389,1.4337,1.2129,1.9161,1.6278,0.84942,0.22913,-0.76806,-0.68893,-0.52755,-0.59612,0.21858,-0.27917,0.17056,0.82189,1.2105,0.42855,0.74561,0.3405,0.079587,-0.26361,0.7974,0.16731,-0.15769,-0.72194,-1.087,-0.72959,-0.53982,-0.72142,-0.77124,-0.86444,-0.93307,-1.2507,-1.1583,-1.1828,-1.2341,-1.2379
-1.1304,-1.13,-1.2073,-1.1992,-1.179,-1.0798,-1.1641,-1.1777,-1.1489,-1.0574,-1.071,-0.81618,-0.46786,-0.42743,-0.91967,-0.36902,-0.3322,-0.81075,-0.63538,-0.67156,-0.47747,-0.097437,0.45882,0.35909,0.075132,0.11714,0.043279,1.5125,1.1517,0.28953,0.29362,-0.10568,-0.0010866,0.48788,0.50009,0.86721,0.47276,0.52121,0.065674,0.19189,0.32032,0.57958,1.639,2.761,1.4794,1.0698,0.063354,-0.063716,1.2385,0.16701,0.14435,1.8887,-0.13519,-0.014944,0.5925,2.1642,2.1494,1.4278,0.33244,-0.25007,0.16009,1.404,1.0537,0.80184,2.0041,3.0099,0.46798,-0.70191,-0.44142,0.10338,0.62497,0.95892,0.18348,0.05532,-0.43411,-0.87794,-0.75682,-0.52853,-0.24705,0.53272,0.55417,0.16507,0.45609,0.36608,0.68585,0.61721,-0.14327,-0.55887,-0.68073,-0.67156,-0.73567,-0.69758,-0.91145,-0.75194,-0.41806,-0.66803,-0.90383,-0.063589,-0.22399,-0.54103,-0.50555,-0.43133,-0.60631,-0.77502,-0.92793,-0.92463,-0.69994,0.027232,-0.51759,-0.51323,-0.38575,0.20445,0.74019,0.39266,1.1067,0.42711,-0.40096,-0.93987,-0.76806,-0.83043,0.041014,-0.32591
-1.114,-1.1377,-1.2119,-1.186,-0.90741,-0.86095,-0.24394,-1.0535,-0.73259,-0.38953,-0.48881,-0.65478,0.02894,0.05137,-0.46902,-0.33502,-0.26982,-0.092338,-0.25962,-0.81144,-0.19642,0.70288,0.7967,-0.27623,-0.75822,-0.38965,-0.13427,0.43754,0.85055,0.35831,0.53532,2.485,1.2715,-0.37204,-0.88876,0.17525,-0.20156,-0.081755,-0.49504,-0.72515,-0.6318,1.0892,0.48725,0.90676,0.29315,-0.40465,-0.27025,-0.61445,-0.40778,-0.52617,1.0812,0.62117,0.096905,0.83295,1.1626,-0.13734,-0.1541,0.36331,0.22248,-0.6554,-0.8534,-1.1048,-0.98302,-1.0184,-0.61024,0.72898,0.47611,0.30626,0.27394,0.042841,0.21003,0.54393,0.79786,-0.14999,1.2368,1.1883,0.0068687,-0.43415,-0.35521,0.49698,0.70988,0.31954,1.2482,1.0485,-0.086507,0.95281,0.9359,0.55489,0.63918,-0.61797,-0.21339,0.13346,1.1027,0.2167,-0.95972,-0.92053,-1.0581,-1.1501,-1.1304,-1.0056,-1.0743,-0.53081,0.33708,-0.019197,-0.58742,0.05968,0.011046,-0.84926,-1.105,-1.1305,-0.86222,-0.65121,-0.42415,-0.18584,-0.67856,-0.95911,-0.32889,-0.64637,-0.52042,-0.58102,-0.53398,-0.93999
0.0044824,-0.85553,-0.8087,-0.89625,-1.0625,-1.0841,-1.1892,-1.1282,-1.0307,-0.85099,-0.97522,-1.0442,-0.87148,-0.3346,-0.24232,0.16494,0.10786,0.55625,-0.17756,0.1688,1.1454,0.66745,-0.18276,-0.17842,0.26459,-0.68268,0.31062,1.554,0.80199,1.073,0.86203,2.0961,2.4996,1.7874,2.2125,0.93238,-0.52307,-0.13843,-0.070164,-0.78514,-0.20638,-0.45286,0.059863,0.36267,0.49467,0.57006,0.50369,-0.34967,-0.067315,1.2842,1.0875,0.37,0.75703,1.5343,1.3948,-0.50194,-0.11528,0.39443,-0.025697,-0.085468,-0.23222,0.42697,0.45433,0.71046,0.93178,0.81311,1.362,1.3129,0.65829,0.19505,-0.43413,-0.45646,0.13093,0.79678,0.61326,0.20166,1.352,2.4924,0.50064,0.89968,0.058701,0.26572,0.8127,2.7213,3.1659,0.038132,-0.79101,-0.85811,0.026754,0.22598,0.99625,1.3388,0.15333,-0.29934,0.21018,0.92755,0.76936,0.88114,0.85367,0.19549,-0.65494,-0.66748,-0.49644,-0.13939,-0.18039,0.77651,0.82234,0.31714,0.19073,-0.18262,-0.17449,-0.32138,-0.42247,-0.12548,-0.23524,0.17106,0.8834,0.6927,0.030289,0.053,-0.26306,-0.63441
-1.2277,-1.1807,-1.2292,-1.1233,-1.1868,-1.0049,-0.87574,0.37968,0.34808,-0.24107,0.031728,0.55483,-0.3226,-0.58814,-0.85766,-1.0358,-1.1076,-1.1819,-0.86623,-0.93708,-0.80408,-1.0185,-0.95514,-0.77433,-1.1778,-1.2366,-1.1311,-0.89404,-0.95516,-0.32963,-0.46984,-1.08,-0.8553,-1.0849,-1.0084,-0.98276,-0.96717,-0.61451,-0.89822,-0.45602,-0.25777,-0.040341,0.63511,0.28497,-0.26144,0.39105,1.1163,1.0455,0.74138,1.2702,1.3004,1.3204,0.34214,2.1974,1.835,1.0307,-0.20254,1.3503,0.95209,2.6359,2.9935,0.4199,-0.61188,0.0093939,1.5556,0.29794,-0.23413,-0.060755,0.27175,-0.18616,-0.2854,-0.28831,0.067606,0.6466,0.34931,-0.17094,0.13867,0.58557,0.46009,0.3624,0.98739,0.28645,0.29408,2.4755,2.3984,0.92781,-0.4169,-0.16686,0.27811,0.20504,0.51742,-0.020057,-0.073419,-0.14613,-0.4314,-0.50523,-0.0065435,0.30074,-0.28749,-0.32817,-0.7866,-1.1843,-1.2146,-1.226,-1.0474,-1.0595,-0.97245,-1.0708,-1.1497,-1.1961,-1.1815,-1.2405,-1.2546,-1.2305,-1.1294,-0.98978,-0.77714,-1.1681,-1.253,-1.2666,-1.2454,-1.2247
-1.2627,-1.267,-1.267,-1.267,-1.2664,-1.2514,-1.2235,-1.2338,-1.1429,-1.1063,-1.116,-1.1612,-1.1721,-1.0472,-1.1446,-1.1296,-1.0381,-1.0117,-0.078455,0.82461,0.37399,0.34782,1.0265,0.56501,-0.92987,-1.0561,-1.0457,-0.74003,-1.1345,-0.87992,-1.0478,-0.81047,-0.69602,-1.1559,-1.0171,-1.1986,-1.1526,-1.0248,-0.97361,-1.0649,-0.43251,-0.14821,0.4967,-0.03173,-0.44136,0.69493,0.13389,1.0401,0.78569,0.48051,1.7126,1.5056,-0.01836,-0.74429,0.36253,0.53662,1.69,4.191,2.374,1.0443,-0.069195,-0.044794,0.35333,0.96048,0.29856,-0.0098077,-0.62484,1.7393,2.4516,1.2918,1.0363,0.85944,0.51476,0.35082,0.58415,0.018756,2.0957,1.9086,1.8251,0.84231,1.7576,1.6286,0.19432,-0.43595,0.19037,0.40893,0.43995,-0.42047,0.025027,0.076663,0.037188,-0.7275,-0.87548,0.14965,1.5333,1.5719,0.96963,0.95573,2.305,2.2537,1.2774,0.33803,0.81474,0.86146,-0.0065825,-0.89272,-1.0128,-1.166,-1.2436,-1.2054,-1.1996,-1.2298,-1.2492,-1.2665,-1.267,-1.267,-1.1809,-1.0294,-1.2021,-1.1516,-1.247,-1.2469
-1.0511,-1.1385,-1.2541,-1.2586,-1.2635,-1.232,-1.1992,-1.2309,-1.0402,-1.0768,-1.0974,-0.94882,-0.86017,-0.45991,-0.17596,0.67695,0.57114,-0.04524,-0.16996,-0.71211,-0.92521,-0.69229,-0.86909,-0.38603,1.1284,1.8199,1.1646,-0.26666,-0.75861,-1.0686,-0.97262,-0.73484,-0.267,0.1381,-0.35684,-0.33762,1.8741,2.0381,2.3259,1.3912,2.386,0.89664,0.66932,0.93591,1.8824,3.9793,3.2885,1.5634,-0.11582,-0.90818,-1.1801,-1.1408,-1.1557,-0.82619,-0.49822,-0.31141,-0.47389,-0.12367,-0.17146,-0.33525,-0.43313,-0.10547,0.94074,0.36341,0.99909,1.3081,1.1742,-0.16712,-0.96177,-0.90611,-1.2368,-1.13,-0.93959,-0.7726,-0.56309,0.63303,1.2161,0.61858,0.2402,1.2593,1.7248,0.038303,-0.86903,-1.0495,-0.57968,-0.3903,-1.001,-1.1652,-1.1214,-0.78326,-0.71928,-0.098895,0.56722,1.3146,0.42266,0.46165,0.11289,0.021703,0.37959,1.4804,1.3095,0.88398,0.74914,-0.6661,-0.85111,-0.68056,0.78851,0.60601,0.28537,-0.17314,0.00083119,-0.5493,-0.61705,-0.31602,-0.37772,0.078689,1.2024,2.0101,0.74361,-0.096036,-0.47622,-0.73771
-1.2188,-1.242,-1.2553,-1.2392,-1.2336,-0.99131,-1.1972,-1.074,-1.0326,-0.19509,-0.3886,-0.40545,0.39519,0.56159,2.6052,2.2576,1.1281,0.30373,-0.13897,0.4629,-0.064057,0.82092,0.70449,0.74405,0.1592,0.94387,1.5486,0.62626,2.0214,1.8398,1.1182,1.0164,0.3782,0.68268,0.7944,0.019604,-0.448,0.81755,1.1907,1.8337,1.7933,2.953,2.7387,2.5756,1.2492,0.84854,1.7927,1.4539,1.39,1.5437,3.2235,1.4364,0.069323,0.38714,0.14594,-0.028873,0.56559,-0.056375,0.23268,1.2359,0.6051,1.2731,2.1844,1.2711,1.7207,0.92669,0.1712,0.16604,0.18766,0.24463,0.076673,0.96827,1.126,1.1295,0.20927,-0.79242,0.067987,0.17385,0.47373,2.106,1.7835,-0.58309,-0.49508,-0.21079,0.85375,1.1203,1.2592,1.5914,0.4206,0.33791,2.0827,1.101,0.4572,0.8028,1.6281,0.37745,1.9379,2.217,3.0726,0.51802,-0.38781,-0.86514,-0.61373,-0.50326,-0.55941,-0.14923,0.0035429,-0.41228,-0.1398,0.86061,0.82728,-0.69306,-1.2357,-1.2439,-1.2561,-1.1434,-1.1937,-1.2613,-1.2559,-1.2615,-1.2596,-1.2262
-1.267,-1.249,-1.267,-1.2665,-1.2637,-1.267,-1.267,-1.267,-1.267,-1.2242,-1.267,-1.2636,-1.2544,-1.2147,-1.1319,-0.95991,-0.76159,-0.62493,-0.36373,-0.46479,-0.81215,0.20259,-0.34795,-0.13587,-0.77023,-0.67981,-0.11282,-0.34457,-0.57038,-0.58712,-0.25531,-0.86737,-0.99331,-1.1211,-1.1996,-1.1923,-1.0165,-0.32517,-0.772,0.24835,0.58866,0.43773,-0.074157,0.675,1.7394,2.4254,0.09339,2.5736,2.5276,2.9226,1.5276,1.1096,1.1569,2.6559,2.5537,1.4063,-0.26688,-0.64983,0.82757,0.63642,-0.033813,-0.24302,1.0548,1.5446,0.8316,0.33886,0.41277,0.14876,0.9074,0.62626,0.50865,-0.45031,-0.67608,-0.53712,-0.51198,-1.038,-0.75342,-0.41837,0.18251,-0.11188,-0.038243,0.30211,0.021064,0.53878,0.29402,0.72143,0.41303,0.017247,-0.25864,-0.26193,-0.30769,0.37601,1.5545,2.0431,2.3221,1.7371,0.07819,-0.65912,0.20537,-0.24625,-1.0301,-1.0097,-1.0078,-0.85179,-0.85798,-0.29653,-0.75868,-0.59591,-0.36443,0.2779,-0.31938,-0.69315,-1.094,-1.1863,-1.2108,-1.1843,-1.1465,-0.9042,-0.63269,-1.0597,-1.1712,-1.1215
-1.1905,-1.2117,-1.1413,-1.1998,-1.2165,-0.91524,-1.1491,-1.1735,-1.2279,-1.1087,-0.95125,-0.35689,-0.37452,-0.91341,-1.0059,-1.0308,-0.85384,-0.024041,1.2023,0.46859,1.0407,-0.42582,-0.14069,-0.49628,-0.78899,-0.67806,-0.61307,-0.28012,-0.42909,-0.41855,-0.72083,-0.92314,-0.76512,-0.60458,-0.40072,-0.60255,-0.19822,-0.26115,-0.48344,-0.48581,-0.18262,-0.17764,-0.10124,-0.12374,0.016283,0.3849,-0.25488,-0.13684,0.074461,0.67933,1.3657,1.0762,1.0258,2.796,2.0256,2.9759,4.1844,3.3251,0.042884,-0.36944,-0.26496,2.5514,0.87284,0.46566,0.53262,1.2617,1.7248,0.49026,0.17765,-0.28593,-0.0038048,-0.62617,-0.83104,-0.2286,0.72511,-0.099088,0.037768,0.32984,0.62946,0.90526,1.9038,1.7568,1.2779,1.0814,-0.1062,-0.44902,0.23824,0.48194,-0.045472,-0.27302,0.70753,0.29421,0.58186,0.45039,0.25051,-0.5869,-0.14852,0.30922,0.65204,0.56166,0.30531,-0.15463,-0.22908,-0.56311,-0.6689,-0.42921,-0.0818,0.010876,-0.59632,-0.7454,-1.1544,-1.1755,-1.1278,-1.204,-1.1194,-1.1345,-1.0494,-0.9634,-1.0642,-1.2089,-1.1846,-0.75327
-0.51866,-0.97862,-0.63017,-1.0908,-0.98381,-1.21,-1.2557,-1.1875,-1.1562,-1.1402,-1.1803,-1.1493,-1.0179,-0.94753,-0.6925,-0.47039,-0.54731,-0.26406,-0.39203,-0.42578,-0.27405,-0.58876,0.015175,1.0109,0.91368,0.73548,0.66583,1.5558,0.85743,-0.16822,-0.60333,-0.44913,-0.39062,0.71778,0.71497,0.6379,0.53366,0.053263,-0.052878,0.25144,-0.3388,-0.31118,-0.41171,-0.44601,-0.19076,-0.26746,0.19491,-0.2076,0.24855,0.62567,0.50865,0.21601,0.76083,1.5056,2.3322,2.4119,1.606,0.83152,0.94394,2.7121,3.3228,3.7443,1.8876,-0.47132,0.075728,0.95656,2.1424,1.8516,0.9793,-1.1061,-1.102,-0.59962,-0.57499,-0.54176,-0.68268,-0.71151,-0.74389,-0.6586,0.048074,0.2257,0.94881,0.54944,1.2269,2.123,2.0337,1.4245,1.2419,-0.1726,-0.083029,1.3114,0.91511,1.0012,1.095,0.090074,-0.91996,-0.9954,-0.99849,-0.60504,-0.13621,0.16496,0.38385,0.85592,0.68039,0.080117,-0.08488,-0.27667,-0.31989,-0.52409,-0.3823,-0.59303,-0.85571,-0.83324,-0.77705,-0.81346,-0.89179,-0.851,-1.0969,-1.085,-1.029,-0.9869,-0.9852,-1.1519
-1.2548,-1.267,-1.2513,-1.2374,-1.239,-1.1959,-1.1337,-1.0065,-0.58881,-0.54038,-1.0245,-1.195,-1.116,-0.86912,-0.46453,0.73334,-0.1627,-1.0959,-0.90397,-0.67662,-1.0065,-1.0646,-0.93248,-0.4884,-0.72013,-0.27305,0.091436,0.483,1.1728,0.12261,-0.090268,0.33675,1.023,1.6868,3.2733,2.6386,2.1231,1.2791,0.52948,0.63148,0.5116,2.0312,0.80185,0.5594,-0.0068859,0.29388,0.18879,0.33503,0.27777,-0.19907,-0.78364,-0.97602,-0.73176,-1.053,-1.085,-0.93377,-0.85862,-0.32114,-0.24439,0.42816,0.10761,-0.03932,-0.10023,1.0703,1.1662,0.65059,-0.25501,0.37946,0.26147,0.072377,-0.49897,0.57424,0.65489,1.5302,1.0451,0.44118,-0.20495,-0.74937,-0.67681,-0.37877,-0.91318,-0.34751,-0.26051,-0.60039,-0.37041,0.19686,-0.1356,0.59527,1.0741,-0.33567,-0.58427,-0.11086,0.3036,0.43208,-0.62316,-0.72453,-0.91279,-0.62214,0.18236,0.066143,1.309,0.76882,0.15587,1.7083,1.941,1.7543,1.3961,1.7049,0.80388,0.21746,-0.59769,-0.68468,-0.31107,0.26912,0.21488,-0.63218,-0.47323,-0.56638,-0.72523,-1.0595,-0.91113,-1.0043
-1.1852,-1.1765,-1.0803,-1.1718,-1.2589,-1.2501,-1.1709,-1.0844,-1.073,-1.0164,-0.3075,0.40301,-0.52502,-0.59171,-0.67133,-0.59696,-0.23318,0.14896,1.3165,0.88258,1.6016,2.1009,0.95171,0.43044,-0.84864,-1.0433,-0.99244,-0.92823,-0.72535,-0.99997,-1.134,-1.0519,-1.1276,-1.1721,-0.90881,-0.54067,-0.19438,0.099299,-0.86733,-0.38846,1.2839,0.65009,-0.60442,0.18127,0.82626,0.56929,-0.60167,0.0058456,1.8742,2.4119,1.5561,1.0115,1.0336,1.0303,-0.15621,0.081733,0.44436,1.1558,1.5417,0.93676,1.3383,0.54181,0.13476,0.88404,1.6674,0.18709,0.2715,0.70659,1.9598,2.1689,0.81408,-0.025092,-0.15376,-0.31665,-0.97488,-1.0067,-0.36692,-0.11763,-0.74401,-0.44986,-0.03966,0.21069,-0.36049,-0.86318,-1.1169,-1.1002,-0.56121,-0.12499,-0.66814,-0.43103,0.20458,0.21703,0.4769,1.0681,0.57519,1.1342,0.18478,-0.52285,-0.43824,-0.77664,0.20024,-0.30891,0.14729,0.3486,0.24779,1.8972,1.4724,0.93958,0.77756,0.93499,0.38808,-0.3202,0.12828,0.1165,-0.27732,-0.42425,0.13754,-0.59663,-0.58429,-0.8262,-0.70476,-0.77695
-0.70937,-1.0028,-0.9462,-0.58336,-0.84682,-0.24414,1.4677,0.64285,-0.38325,-0.74086,-0.87972,-0.94206,-0.90305,-0.83574,-0.87019,-0.58802,-0.93243,-0.40358,-0.18028,-0.1601,-0.085935,-0.10811,-0.90112,-1.1975,-1.1608,-1.0707,-1.0155,-0.39221,-0.41048,0.39971,-0.68825,-0.20868,0.65023,0.55602,-0.48397,-0.59298,0.10299,0.093579,0.34218,0.95131,0.68414,1.5643,1.8894,2.655,1.1052,0.90892,1.527,2.2156,3.5009,3.2463,2.0575,-0.21588,-0.88578,-0.89138,-0.80299,0.1673,0.18847,-0.076077,-0.46599,0.024174,-0.32122,-0.96086,-1.0587,-1.2246,-1.2587,-1.2405,-1.2331,-1.2163,-0.51575,-0.5126,0.23923,0.24536,0.091937,-0.16664,0.56184,0.60585,1.0059,-0.37124,0.4338,0.87037,-0.42404,-0.25282,-0.32903,-0.26027,-0.89499,-0.33784,-1.0306,-0.72605,-0.32325,0.6583,0.50705,0.23751,0.33155,0.33991,0.046511,-0.47307,-0.63815,-0.13989,-0.30866,-0.34523,-0.51138,-0.95961,-1.2208,-1.2529,-1.2477,-1.0659,-0.1186,-0.72371,-0.93346,-0.91803,-0.35702,-1.1347,-1.1033,-1.0253,-0.98115,-0.69941,-0.94228,-1.1076,-1.1244,-1.1606,-1.2105,-1.2478
-0.95705,-0.85351,-0.71094,-0.52155,-0.57738,-0.78961,-0.76786,-0.55996,-0.52072,-0.45685,-0.65869,-0.57492,0.55577,2.9524,1.994,2.0494,1.3363,1.4402,0.0065525,0.055242,-0.65983,-0.28929,-0.26878,0.42128,0.13836,0.36219,0.7174,-0.34485,-0.17604,2.0329,1.8131,1.1949,0.35507,1.2274,0.80674,-0.33689,0.15319,0.20759,2.3548,2.2837,2.3088,2.1674,1.0473,0.099425,-0.25899,0.7098,1.6833,-0.054852,0.39791,0.37289,0.30322,0.62547,1.1067,0.45462,0.73282,0.050606,-0.15977,0.30304,-0.20947,-0.191,-1.0573,-0.96788,-0.59257,-0.69899,-0.21048,0.34386,-0.021067,-0.21926,0.52205,0.5204,0.50391,1.0008,1.1803,-0.020148,0.77277,1.7757,1.906,0.48857,-0.10001,-0.094313,-0.095199,0.29334,-0.051889,-0.30356,0.76494,-0.45449,-1.0193,-0.39957,-1.1325,-0.9722,-1.0594,-0.16589,0.65089,-0.26862,-0.46936,-1.0743,-0.85611,-0.94142,-1.0155,-0.93319,-0.82702,-1.1914,-1.068,-1.0717,-0.57258,-0.9818,-1.0643,-1.1533,-0.97907,-1.0667,-1.0591,-1.0718,-0.9824,-1.2518,-1.2345,-1.2226,-1.2504,-0.65769,-1.0385,-1.1691,-1.2511,-1.1187
-0.81839,-1.1573,-1.1533,-1.1851,-1.1657,-0.85161,-1.1323,-1.122,-1.16,-0.27658,-0.72468,-0.79991,-0.85371,-1.0316,-0.68602,-1.0268,-0.51834,-0.89758,-0.38567,-0.63252,0.016333,0.38949,-0.0060726,1.1981,2.1432,1.5832,1.4318,1.6147,0.35212,-0.25027,-0.59916,-0.36906,-0.58035,-0.62305,-0.87756,-1.081,-1.2314,-1.2115,-1.1725,-1.1796,-1.2109,-1.2161,-1.0761,-1.1244,-0.52065,-0.67064,-0.42336,-0.33144,0.4954,0.019487,0.10648,-0.81172,-1.1566,-1.2056,-1.2006,-1.0091,-1.1967,-1.2478,-1.2562,-1.0731,-0.99159,-0.11889,-0.43699,-0.12948,0.76952,0.35489,0.78261,0.10902,0.56102,0.84407,0.33275,0.064385,0.28489,1.3627,0.52455,0.12147,1.6737,1.8199,2.07,0.89903,-0.43277,0.038826,-0.03506,0.23863,0.85386,1.8117,0.59907,-0.90545,-0.37131,0.31346,-0.28577,0.68389,0.3916,0.76496,0.94179,1.1492,1.4585,0.49597,0.57052,-0.047027,-0.43882,-0.28918,0.29473,0.38135,0.48406,-0.98399,-1.2633,-1.2527,-1.2557,-1.2402,-1.1233,-0.99446,-1.0831,-1.0097,-0.80724,-0.61761,-0.6651,-0.94012,-1.1672,-1.2211,-1.2495,-1.2484
-1.2306,-1.267,-1.266,-1.2565,-1.2239,-1.2079,-1.0922,-1.1551,-1.2117,-1.2511,-1.2423,-1.1141,-0.91445,-0.73396,-0.60032,-0.87803,-0.17082,-0.037942,0.85518,-0.14508,0.10783,0.34654,0.72405,0.74604,0.14227,0.23358,0.139,0.33848,-0.10807,-0.32416,-0.13249,-0.040957,-0.069893,-0.12252,0.86732,-0.14856,0.094355,-0.10614,0.34334,0.31114,0.40635,-0.18783,-0.30317,-0.22944,0.84517,1.0462,0.51222,-0.64021,-0.15722,0.026353,1.3356,0.75722,1.3255,1.6613,2.3596,1.2059,2.8022,3.8446,0.47491,-0.59832,-0.40067,0.45247,0.33034,0.11052,0.12677,-0.37689,0.33111,-0.24101,-0.16574,-0.25555,0.55394,1.4853,0.77615,1.183,0.44427,0.11013,-0.12988,-0.67756,-0.28076,0.061776,-0.68898,-0.66136,-0.31314,0.93137,2.457,1.1917,-0.29619,-0.17521,1.153,2.3697,0.81294,0.32093,0.21001,2.1735,0.61543,-0.15278,0.49979,0.32508,1.0232,1.0869,0.5973,0.52713,-0.065704,-0.90135,-0.7185,0.41391,0.96191,-0.021035,-0.5946,-0.51903,-0.15719,-0.27304,-0.084674,-0.24586,0.42623,0.36751,0.28425,-0.33557,-0.16025,0.079542,0.563,-0.23579
-0.89142,-1.1921,-1.1792,-1.2321,-1.2095,-1.1821,-0.97514,-0.97383,-0.83032,-0.20621,-0.41641,0.18462,-0.65891,0.10092,2.62,2.7608,1.2703,0.18137,0.25507,-0.67067,-0.89282,-1.2334,-1.254,-1.2436,-1.1662,-1.0504,-0.83587,-0.94098,-0.99203,-0.53379,0.20046,-0.39027,-0.67794,-0.12713,0.48272,-0.049009,0.15798,0.25433,-0.15804,-0.34826,-0.89681,-0.74534,-0.9663,-0.54017,-0.88739,-0.11408,0.9531,0.12966,-0.21262,-0.90213,-0.84028,-0.95992,-0.49879,-0.53404,-0.38889,0.49983,0.94365,0.32548,0.68122,1.9351,1.9989,1.0859,0.94058,1.1208,1.1519,1.1283,1.76,0.77934,2.0444,2.1258,1.3001,2.6854,2.3889,1.2389,0.73362,1.9444,1.2337,0.24972,-0.64228,-0.35568,0.1978,1.1053,1.6883,1.8656,0.62441,-0.2048,-0.8898,-0.79906,-1.0321,-1.0576,-1.2371,-1.2633,-1.1551,-0.94382,-0.58581,-0.93289,-1.0465,-1.0267,-0.92908,-1.1724,-1.1443,-1.0976,-0.51907,-0.81825,-0.88419,-0.95167,-0.084961,-0.94242,-0.90848,-0.75896,-0.37263,-0.2202,0.35247,-0.5075,-0.95272,-0.69874,-0.56213,-0.21532,-0.77974,-0.96675,-1.1422,-0.74755
-1.267,-1.2184,-1.267,-1.2516,-1.2581,-1.2476,-1.2189,-1.1059,-1.1529,-1.2277,-1.1848,-1.2399,-1.2276,-1.0234,-1.1383,-1.0755,-1.2147,-1.1774,-1.0126,-0.98001,-0.89815,-0.60314,-0.20332,0.28587,0.96999,1.7894,2.1325,2.6206,2.8232,1.7937,2.2837,1.9739,2.4377,2.501,2.0891,0.46469,-0.08642,0.2611,0.22412,-0.2218,0.1019,1.2063,0.1216,0.35171,0.98807,1.5018,0.7072,-0.30694,-0.66795,-0.67671,-0.57258,-0.46431,-0.62419,-0.29829,0.70237,0.28193,1.4218,2.5546,1.2034,0.33365,2.374,2.796,1.3074,0.19393,1.1386,1.225,1.31,-0.17143,-1.0808,-1.1582,-0.91272,-1.1081,-1.0044,-1.1056,-1.144,-0.36447,0.03358,-0.018998,-0.45069,1.0277,1.0742,0.25576,0.12627,-0.091279,-0.15055,-0.65671,-1.0388,-1.1138,-1.121,-1.0957,-1.1824,-1.1102,-1.1061,-1.1746,-0.98463,-0.31177,-0.58776,-0.4426,-0.071231,-0.52019,0.049259,0.13423,0.21402,1.0937,1.1515,2.9359,3.9458,1.4054,-0.40581,0.1664,0.26832,-0.4552,-0.97121,-0.046572,0.19086,1.0595,-0.59472,-1.2098,-1.2475,-1.1003,-1.2304,-1.2411
-0.82386,1.0332,-0.0090946,-0.88659,-0.69747,-0.62311,-0.47865,-0.70563,-1.0526,-1.2328,-1.2548,-1.1868,-1.2502,-1.2597,-1.2492,-1.2313,-1.2068,-1.1929,-1.0784,-0.92405,-1.0948,-1.0382,-1.0316,-0.69549,-0.30007,-0.44409,-0.26912,0.028514,0.84536,0.74953,-0.086635,-0.013975,0.35123,0.88588,2.0763,1.1297,-0.9457,-0.27593,0.054457,-0.6459,-0.66574,-0.35951,-0.31214,-0.52096,-0.18242,-0.011794,0.0086084,0.51776,0.13586,0.20352,1.4943,3.6302,0.53126,0.28699,-0.66418,-0.11009,1.2303,2.1731,2.6255,2.0051,1.895,2.7342,0.51492,0.023234,0.026546,0.78788,2.2364,2.7127,1.5046,1.3135,1.3139,1.8497,0.64226,2.3172,1.918,0.86216,1.1695,0.55028,1.1677,1.53,1.2215,0.29905,1.6038,0.6783,0.82854,0.2356,-0.11688,-0.72306,-1.0303,-0.45609,0.52009,2.2918,1.8444,-0.084818,-1.1742,-0.45099,0.71612,0.73734,1.0345,-0.62514,-0.81483,-0.68761,-0.94741,-1.0828,-0.81389,-0.62661,-0.82191,-0.6151,-0.78912,-0.57924,-0.68585,-0.94396,-0.2016,-0.18231,-0.28932,-0.34685,-0.91383,-1.032,-1.1363,-1.1482,-1.0827,-0.5653
-1.1777,-1.1923,-1.1038,-1.2259,-1.1211,-1.1778,-1.114,-1.1915,-1.0264,-1.0716,-0.79374,-0.81951,-0.9824,-0.42204,-0.29883,0.0021596,-0.78415,-0.13287,-0.23357,-0.74659,-0.1274,-0.43132,-0.61014,-0.56153,-0.0071002,0.0065618,-0.11933,0.55371,0.47832,2.0847,2.2248,1.8743,0.5593,1.5296,0.77129,0.23216,2.6852,3.644,2.4272,0.12708,-0.13152,-0.53597,-0.21887,-0.23064,-0.20609,-0.012972,0.3991,-0.12299,-0.63418,-0.16149,-1.0757,-1.1039,-0.89204,-0.36299,-0.091657,0.051871,0.75152,0.69155,0.24055,0.21562,-0.75041,-0.26954,0.14456,0.79748,1.0894,0.65116,0.94875,3.9509,2.3248,0.79567,-0.66763,-0.22864,-0.23187,0.13124,-0.080287,-0.22572,-1.0492,-1.096,-0.94613,-0.38424,0.26512,0.67011,0.27709,-0.77989,-1.0402,-0.75012,-0.91932,0.2179,0.72799,0.35177,-0.26063,-0.11539,0.26486,0.21098,-0.39691,-0.15606,-0.31824,1.5548,1.0285,0.40483,-0.33621,-0.64862,-0.82565,-1.0578,-1.1539,-0.98478,-0.93952,-0.94911,-1.1719,-0.85146,-0.19024,0.23679,0.21818,-0.53399,-0.095646,0.47445,0.56341,0.7092,0.82004,-0.12802,-0.73465,-1.0939
-0.38085,-0.90207,-1.0756,-0.98938,-0.86942,-0.83718,-0.58106,-0.5992,-0.43039,-0.11072,-0.13213,0.47433,0.40962,0.09556,0.55787,-0.25407,-0.21356,0.8872,0.85059,0.60017,0.18845,-0.3589,-0.34327,-0.21781,-0.26218,-0.33469,-0.37217,1.6859,1.7857,0.64159,1.1082,1.2451,0.15836,0.30341,0.18405,0.041422,-0.17014,0.36539,1.0117,1.2754,1.5413,0.42106,-0.042218,-0.44017,-0.38441,-0.71384,-0.61137,-0.99779,-0.74523,-0.063743,-0.14828,-0.50257,0.17364,0.23986,0.055635,0.024693,1.1469,1.1174,1.184,0.5691,-0.30934,0.62635,1.3413,0.70577,-0.070934,0.56881,0.79781,0.57135,0.46591,0.067808,0.95043,2.0688,2.985,1.1992,0.14502,0.30098,0.61002,0.30651,-0.43709,-0.93898,-0.2036,-0.84829,-0.42837,-0.82535,-0.90645,-0.31962,0.10002,-0.16945,-0.92129,-1.0272,-1.1799,-0.76133,-0.70214,-0.48714,-0.87359,-0.47053,-0.55473,-0.18948,-0.60877,-0.76543,-0.22093,-0.45028,0.17398,-0.47119,-0.11136,0.13195,0.074591,0.37148,0.41762,2.17,2.6181,0.3106,-0.29121,-0.81108,-0.9159,-1.2298,-1.1926,-1.255,-1.1879,-1.229,-1.1629,-1.1173
-1.1448,-1.1449,-1.1711,-1.1931,-1.1731,-1.0325,-1.1051,-1.2238,-1.2657,-1.2565,-1.2445,-1.235,-1.1104,-1.118,-1.0719,-1.0672,-1.0366,-1.2217,-1.2155,-1.1986,-1.1115,-1.2123,-1.1361,-0.51871,-0.73795,-0.62062,-0.80134,-0.55662,0.06919,-0.4891,0.043575,0.35954,0.13192,0.28439,-0.70386,0.40288,0.19245,0.74338,0.085174,1.2393,0.29798,0.34133,0.52718,2.9842,1.5883,1.8627,1.3583,0.48195,-0.21956,0.89367,2.8473,3.923,2.8698,0.7698,-0.69063,-0.47219,-0.41182,-0.12449,-0.8078,-1.1132,-1.2401,-1.2037,-1.2516,-1.0796,-1.2572,-1.2202,-1.1699,-1.1335,-1.0737,-0.71069,-0.49737,-0.42092,-0.112,-0.42371,0.11441,1.6166,-0.037255,-0.57747,-0.74147,-0.80168,0.79548,-0.39038,-0.64055,-0.91743,-0.38806,-0.32116,0.12643,0.43062,1.4937,1.2372,0.98416,-0.68244,-0.33057,-0.34035,0.21907,0.59804,1.282,-0.131,-0.10829,0.40173,0.49089,0.78177,-0.09305,-0.85125,-0.97377,-1.1815,-0.99791,-1.1742,-1.1832,-1.181,-1.2146,-1.2034,-1.1946,-1.1774,-1.1014,-1.1473,-1.1393,-1.2073,-1.0947,-0.96727,-0.73031,-1.1105
-1.2644,-1.2517,-1.1653,-1.1744,-1.2396,-1.1976,-0.68264,-0.80901,-1.252,-1.2411,-1.2658,-1.2473,-1.1872,-0.82383,-0.81892,-0.20864,0.21448,-0.82863,-1.0003,-0.72106,-0.98785,-0.57106,-0.96137,-0.4135,-0.50206,-0.26857,-0.021462,-0.74054,-0.89159,-0.70097,-0.27703,-0.58522,0.94999,0.89474,0.56424,0.46647,0.44084,0.43189,0.010466,-0.82618,0.069679,1.8658,0.15863,-0.21571,-0.16668,-0.40041,-0.32125,-0.66232,-0.21252,0.12267,0.02987,0.93394,0.74935,0.99391,3.2437,4.3343,0.8597,-0.52916,-0.58798,-0.52727,1.168,1.3018,1.9914,1.4826,0.71174,0.50124,0.49588,1.5188,0.99943,-0.36337,-0.95954,-0.92308,0.23412,0.37179,0.39203,-0.056122,0.55369,0.091073,-0.48525,0.99026,0.34374,0.63336,-0.38347,-0.71375,-0.54632,-0.015534,0.21425,-0.35651,-0.026042,-0.099723,0.28432,0.74813,-0.17083,-0.50535,-0.2863,0.22077,1.0095,0.40105,0.43995,1.6316,1.206,0.58687,-0.50036,-0.61879,-0.59289,-0.2615,0.75963,0.23317,0.010977,-0.11499,0.51559,0.15704,-0.39904,-0.88645,-1.1042,-1.1071,-1.2237,-1.2238,-1.238,-1.2483,-1.1176,-1.0986
-1.2467,-1.1533,-1.0871,-0.99127,-1.1289,-0.97536,-1.0979,-0.74432,-0.81068,-0.99019,-0.81526,-1.039,-0.92428,-0.85511,-0.14285,-0.4165,-0.47866,-0.42619,0.11774,1.6537,1.3868,1.1983,1.8167,0.090496,-0.37582,-0.095216,0.26725,0.84276,1.8692,0.76302,-0.81643,-0.9574,-0.93758,-0.71624,-0.46702,0.14215,-0.38556,0.62471,1.4665,0.68589,0.57791,-0.18209,0.17163,-0.013966,0.20471,1.2543,1.2496,0.93698,1.3031,0.56559,1.1886,1.3312,1.7972,0.068429,-0.42573,-0.72809,-0.77611,-0.070404,0.92621,-0.18697,0.089819,0.25864,-0.42442,0.021033,1.7692,-0.01056,1.4387,0.9469,1.6952,2.3835,2.0003,0.82874,0.64493,0.66498,1.5263,1.1505,0.44964,-0.18631,-0.4261,0.048097,0.15931,-0.15651,-0.46596,-0.58841,0.40095,0.97846,1.3211,1.1256,0.74035,1.0788,0.22102,0.13059,0.23375,1.3372,1.0038,1.2089,0.96646,1.0938,1.6486,0.91142,0.64469,0.7189,0.97675,0.58453,-0.46358,-0.57897,0.38223,0.020624,0.34302,-0.34453,-0.75004,-0.68379,-0.66915,-0.98933,0.081508,0.38901,0.23574,-0.68666,-1.2462,-1.2613,-1.2536,-1.251
-1.2633,-1.2383,-1.2552,-1.2392,-1.2661,-1.2667,-1.17,-1.1834,-1.2322,-1.1386,-1.0988,-1.0765,-0.80721,-0.78263,-1.0354,-0.82365,-0.55189,-0.14999,-0.17517,-0.71464,-0.088461,-0.087902,-0.50023,-0.95244,-1.1447,-1.1237,-1.2049,-1.2107,-1.1009,-1.1407,-0.82781,-0.36676,-0.60875,0.14607,-0.0127,1.6154,1.2504,0.67484,0.68738,1.9312,1.0649,-0.4422,-0.37284,-0.06647,0.39243,0.35743,-0.45153,-0.66871,-0.23844,0.61656,-0.011438,0.28604,1.0946,0.35349,1.2903,-0.13151,0.136,1.002,1.2198,2.0205,1.8802,0.42612,-0.63961,0.39976,0.73281,0.10919,1.3066,1.7179,0.54776,0.06364,0.74619,1.7258,1.4241,1.7373,1.3325,-0.15607,0.25533,-0.563,-0.2044,0.51077,0.020624,-0.31373,2.1916,0.28386,-0.84143,-0.65557,0.41378,0.74979,0.94527,-0.30782,-0.22217,0.1737,0.048488,-0.73664,-0.055932,1.9248,2.0743,1.7029,1.6874,0.37808,-0.2169,0.5886,0.72235,0.41076,0.052072,0.31228,0.61799,0.42897,0.037236,-0.11012,-0.64006,-1.0947,-0.78769,-0.67189,-0.76738,-0.91811,-1.0828,-1.044,-1.1298,-1.2622,-1.1779,-1.2216
-1.1654,-1.1344,-1.127,-0.96685,-0.76936,-1.062,-0.33917,-0.57213,-0.33943,-0.18022,0.21521,0.0048892,0.14575,0.35258,1.5797,0.68375,1.7547,0.86641,0.4009,-0.87947,-0.96,-0.50066,-0.55576,0.08997,0.53036,1.8199,2.4012,0.7138,0.18655,0.43797,0.37962,0.88867,0.43126,1.8785,0.62178,-0.66163,-0.70759,0.098659,0.36972,0.48084,1.0242,1.0643,1.8504,0.46234,0.90168,0.61672,0.087008,0.22148,0.17255,2.2348,0.46868,0.25379,1.9831,1.0578,0.56329,2.7982,2.702,1.9396,1.3643,0.45306,2.1381,2.5172,1.074,0.67074,-0.55827,-0.55968,0.6435,0.24835,0.26691,1.5321,1.6,-0.0010766,-0.032499,1.7037,1.2863,0.32704,-0.17982,0.51806,0.62461,1.1346,1.0583,1.0818,1.631,1.5225,0.5847,-0.46858,-0.81637,-0.90648,0.69987,0.65098,0.18684,-0.61389,-0.93291,-0.92604,-0.71886,-0.74676,-1.0942,-0.93293,-1.1074,-1.1914,-1.0132,-1.0171,-1.0571,-0.73662,-1.0109,-0.925,-1.0293,-0.33998,-0.38308,-0.80993,-0.78263,0.051614,0.42857,0.76986,0.7933,0.67634,0.3581,0.51311,-0.96904,-0.24074,0.37847,0.13599
-1.2081,-1.231,-1.1987,-1.2264,-1.2456,-1.2644,-1.2661,-1.264,-1.2164,-1.1938,-1.2127,-0.87564,-1.2125,-1.1443,-0.9416,-0.75798,-0.98956,0.0079148,-0.53669,-0.56393,0.047901,-0.93537,-1.1781,-1.0546,-1.1808,-1.0352,-0.80933,-0.87342,-1.0702,-1.1364,-0.77432,-1.1541,-0.91007,-0.55603,-0.52228,-0.18971,-0.35975,-1.0107,-0.81798,-1.0995,-0.21604,-0.40761,-0.35125,0.49554,0.51757,1.7312,0.47846,0.76114,2.7466,1.2823,1.4164,3.0946,3.4289,1.6699,-0.065323,-0.32042,-0.23057,0.59347,1.2484,1.3778,1.8806,0.33243,0.13035,0.68942,1.7155,3.7597,3.8484,1.7899,-0.11658,-0.29366,0.30916,0.73037,0.47355,-0.37895,-0.10539,-0.6499,-0.86012,-1.0615,-1.1,-1.1275,-1.1133,-1.0266,-0.86819,-0.50402,-0.63686,-0.96085,-0.70277,-0.57049,-0.63349,-0.43138,-0.24734,0.079001,1.1884,1.2549,1.1614,1.4445,0.88433,-0.13471,0.18762,2.1058,1.4566,0.11971,0.14574,0.025835,-0.3513,-0.64011,-0.46208,-0.7291,-1.037,-1.1814,-1.0328,-0.63596,-0.23044,-0.83549,-1.154,-1.2162,-1.02,-1.2065,-1.2462,-1.2224,-1.2584,-1.1674
