-0.49257,-0.87966,-1.0126,-1.3675,-1.5032,-1.2486,-0.85204,0.52648,0.53185,-0.82186,-1.039,-0.4951,-0.189,-0.39501,-0.49503,-0.25713,-0.47152,-0.16271,0.89395,1.4853,1.5659,0.25954,-0.25412,-0.76671,-0.61041,0.16967,-0.38531,0.58223,1.1267,-0.023062,-1.1481,-1.0875,-1.0083,-1.2664,-0.84432,-0.96685,-0.67886,-0.35054,-0.68203,-1.0642,-1.0828,-0.8802,-0.39504,-0.25906,-0.31847,1.4567,2.3641,0.21582,-0.33951,-0.37715,0.4048,-0.19353,-0.59608,-1.1136,-0.7672,0.55988,-0.48982,-0.39732,0.78779,0.74895,-0.19246,-0.52357
0.24401,-0.82625,-0.63556,-0.74154,0.2754,0.96617,1.4453,0.88855,-0.21487,-0.33,0.13435,1.567,0.94393,-0.31442,-0.4557,0.67301,1.1942,0.34727,0.3875,1.3954,0.21085,0.065047,1.0859,0.71577,0.34607,-0.20772,-0.22437,-0.48183,0.36773,0.42315,0.6105,1.1005,2.302,2.2552,0.77072,0.63674,-0.069501,-0.30362,-0.24945,0.11286,0.18302,-0.22169,-0.28589,-0.18583,0.27579,0.48025,0.37911,-0.41467,-0.62822,-0.87322,-1.2315,-1.0264,-1.1458,-1.0519,-1.1501,-1.1351,-1.4235,-1.2253,-0.55209,-0.80628,-1.1843,-0.99622
-0.48782,-1.277,-1.3181,-0.69582,-0.38011,-0.22117,1.0069,1.3648,0.60846,1.0539,1.9355,2.41,1.3623,0.80162,0.83666,0.55031,0.51377,1.256,0.97839,0.95723,0.85601,0.15445,0.3745,0.7591,1.233,1.307,2.4617,2.3371,1.8302,0.96111,0.15317,0.61619,1.0419,0.17462,1.1828,2.0968,0.70013,-0.3387,-0.22591,0.50334,0.33183,0.2378,1.0197,0.44423,-0.0016951,-1.1298,-1.3124,-1.4185,-1.4974,-1.4355,-1.5675,-1.548,-1.4302,-1.3437,-1.3849,-1.4063,-1.1873,-1.1001,0.18795,-0.12067,1.4436,1.3175
0.86106,0.46895,0.36092,-0.45759,-1.1237,-1.0934,-0.46995,-0.42414,-0.72882,-1.1221,-1.1895,-1.3481,-0.61097,-1.057,-0.86295,-0.85963,-0.60175,-0.63574,0.054948,-0.66668,-0.79212,-0.77526,-1.0732,-1.0228,0.065042,3.1413,1.9703,-0.29458,-0.47379,-0.19126,1.1635,0.13535,0.92199,0.36363,0.12176,0.18204,1.0397,2.3756,1.1766,0.22883,-0.13547,0.10635,0.34233,-0.028179,0.088757,-0.33878,1.2883,0.47865,1.0597,-0.61036,-1.1091,0.051476,0.17466,0.20347,-1.2166,-1.298,-1.39,-1.4135,-1.6062,-1.5824,-1.3078,-0.98642
-1.5366,-1.5379,-1.2843,-0.64103,0.07442,1.3841,0.1619,-0.80718,-1.3784,-1.5036,-1.5034,-1.4711,-1.4221,-1.3013,-1.0869,-0.39718,0.56162,0.16715,0.0090488,-0.28569,1.0068,0.67923,0.96509,1.8309,1.8042,1.2414,0.88791,2.2897,2.5145,1.2654,0.18144,-0.46118,-0.67103,1.7893,2.2815,-0.35401,-1.0189,-1.0101,-0.73962,-0.44317,-0.28069,-0.2394,-0.58739,-0.82921,0.12876,0.02964,-0.11212,-0.9066,-0.40155,-0.42265,-0.90977,-0.59973,0.22354,-0.8969,-0.56527,1.0322,0.20428,-1.257,-1.3801,-1.415,-1.4434,-0.67722
-0.29019,-0.0028548,0.80419,1.6248,1.7433,1.2333,1.1622,0.24356,0.077879,0.33746,0.65405,-0.0424,0.24821,1.6806,0.24621,-0.89637,-0.75522,0.43849,0.88304,-0.34366,-0.78424,0.38749,0.035568,-0.10007,-0.66897,-0.19643,0.3111,0.34142,-0.074254,-0.26963,0.13982,-0.31497,0.053776,2.2919,3.982,3.6898,0.71899,-0.87855,-0.0088445,0.52442,1.3251,0.31829,0.23503,-0.30906,1.2499,1.8272,1.4806,1.6311,2.6661,0.3118,0.54278,-0.033909,0.012197,0.77894,0.16556,-0.8001,-0.99441,-0.90095,-0.60226,-0.59293,-0.72669,-0.46878
-0.24973,0.69106,0.167,0.10498,0.69793,0.9605,0.18204,-0.36401,0.0020992,0.21622,2.0478,1.1467,0.11471,0.52844,2.6727,0.90148,-0.0059629,-0.97188,-0.446,-0.68026,-0.31245,-0.59779,0.10429,-0.45637,-0.86929,-0.79127,-0.62334,-0.20089,-0.23363,-0.36944,-0.79498,-0.029712,1.4788,-0.21752,-1.234,-0.91759,-0.53342,0.085084,0.44337,2.3819,1.8647,1.0397,1.8107,-0.1685,-0.5516,0.15836,-0.15468,-0.99718,-0.73604,-0.25429,-0.46003,-0.48072,-1.3055,-1.3944,-1.5844,-1.5307,-1.6142,-1.4854,-1.4874,-1.1505,-0.35173,0.33541
-0.2178,-0.5401,-0.87071,0.20917,-0.26554,-0.29831,-0.27597,-0.40393,-0.55582,-0.80696,0.20746,-0.52931,-0.75205,-0.33639,0.25428,-0.15999,0.2616,-0.033789,0.35315,-0.32952,-0.39976,-0.036012,-0.96868,-1.0201,-1.1723,-1.2728,-0.98452,0.28782,-0.9434,-0.3668,-0.57511,-0.36489,0.19557,-0.37581,-0.1036,0.38147,1.4794,1.0105,1.3838,1.3169,1.3327,0.68332,0.21762,-0.2062,-0.33229,0.87503,0.89263,1.6099,0.83626,-0.16305,0.42764,0.0096192,-0.41474,0.17472,1.762,0.26296,-0.41656,-0.39471,0.36285,0.61821,2.1217,2.2624
-0.39957,0.97553,2.22,2.2075,1.5953,0.79045,0.83584,0.34837,1.0445,0.49107,0.29037,1.5247,2.6153,1.3248,0.061551,-0.37551,-0.37127,-0.24905,-1.1308,-0.21482,-0.24577,-0.43085,0.63258,0.035599,-1.132,-0.38562,-0.48376,-0.31498,-0.67577,-0.94653,-0.33032,0.44238,1.0027,1.124,2.0488,1.8577,-0.46847,-0.31638,0.89374,0.53953,-0.31765,-0.7763,-1.0849,-0.66478,-0.55332,-0.64462,-0.29152,-0.15119,-0.94964,-0.82363,-0.40134,-0.80906,-1.2238,-1.2358,-1.3432,-1.3636,-1.5078,-1.3702,-1.354,-1.2884,-1.2831,-0.52827
-1.0693,-0.3992,0.20898,0.10661,-0.35054,-0.84656,-0.81905,0.0063946,0.33434,1.1293,0.31625,0.48622,2.4945,1.2456,-0.26862,-0.80661,0.32948,0.72896,1.3193,0.38757,0.79766,1.9279,0.61035,-0.088389,0.38198,-0.047886,-0.75882,-1.2451,-0.66312,-0.46808,-0.64357,-0.51325,-0.17167,-0.71873,-0.65076,-0.85067,0.073335,0.24181,0.19097,0.20009,-0.18523,-0.42043,1.0212,1.5995,0.16021,-0.30487,-0.64957,-0.54058,0.47601,0.7079,1.1628,0.30323,0.23131,2.8074,1.0865,-0.67949,-0.64193,1.385,0.15682,0.18791,0.5169,0.046739
-0.41666,-1.0574,-0.73522,-0.21929,0.04226,-0.97107,-0.022085,2.3276,3.0842,3.3183,1.6992,0.58297,0.21028,0.22556,0.55807,0.97043,1.1366,1.4752,0.70444,0.49743,-0.25721,0.022166,0.85024,1.1472,1.0854,1.0997,-0.21678,-0.004383,-0.45744,-1.016,-0.16324,0.17879,0.41016,0.70734,0.16197,0.37782,0.423,-0.19407,-0.30312,-0.13286,0.32364,-0.46771,-0.31762,0.12419,-0.46211,-0.37006,-0.15272,0.39647,1.2157,0.016904,-0.31421,-0.2271,-0.6364,-1.1278,-0.72556,-0.52927,0.45593,-0.037242,-0.08905,-0.3213,0.22349,0.56815
2.7434,-0.11225,-1.2081,-0.31621,1.3446,1.1439,0.10171,-0.21629,-0.57001,0.52412,0.45398,1.8217,2.1384,0.55955,-0.81068,-0.60911,-0.49819,0.012955,1.5993,1.6105,1.243,0.78135,-0.23164,-0.44981,-0.24447,1.2062,2.7938,2.0264,1.6978,0.82762,0.20125,1.6371,0.9975,0.032019,0.067492,1.2092,0.62121,-0.30174,-0.5701,0.30278,0.89312,-0.4138,-0.51851,0.72537,0.80999,0.017514,-0.51972,-0.93047,-1.1786,-0.38315,-0.20144,-0.82844,-0.42702,-0.60501,0.77411,0.14582,0.59018,1.3811,0.64573,0.49866,0.26592,0.71616
-0.44777,0.50196,1.0058,1.4649,0.2758,-0.49583,-0.075645,0.55639,-0.38225,-0.34965,-0.81582,-0.76054,-0.16393,-0.1643,-0.40443,-0.95544,-0.13774,-0.78506,-0.79513,-1.0349,-1.2049,-1.1781,-1.4338,-0.83245,-0.47693,-0.010447,1.1675,0.10923,-0.30736,-0.10499,0.18699,1.198,0.023772,-0.34407,1.2478,1.2714,-0.50914,-0.86156,0.53392,0.50128,0.86088,-0.29363,-1.0574,-0.55049,-0.12162,-0.077683,2.0673,1.9819,0.9195,-0.29387,-0.88557,-0.82633,0.57997,-0.28559,-0.66347,-0.42681,-0.53901,-1.1727,-1.2866,-1.4343,-1.4507,-1.5004
0.29083,0.71728,0.61788,0.030064,0.77889,1.8485,1.1138,1.5409,4.0316,1.9819,0.077406,-0.13607,1.4883,0.85378,-0.37814,1.2148,2.8082,1.5443,-0.46507,-0.53092,0.50705,-0.18208,-0.2127,-0.47244,-0.85434,-0.30082,-0.96344,-1.0244,-0.1955,-0.21022,-0.43738,0.16506,1.0656,-0.091855,0.69223,1.7895,0.97559,0.10759,0.50898,-0.017931,-0.47184,-0.85268,-1.0164,-1.1171,-0.41088,0.89558,0.67569,-0.28914,-0.074556,-0.19419,-0.46914,1.3624,0.64905,0.46324,1.2708,1.7448,1.1776,-0.50635,-0.93324,-0.61327,0.35596,-0.024568
-1.0925,-1.1714,-0.88552,-0.87246,-0.5958,-0.43961,0.093226,0.61037,-0.47666,-0.97358,-0.81731,0.45442,1.4804,-0.55435,-0.75875,1.9765,2.6808,2.2603,1.3064,1.0551,0.37032,1.8397,1.5045,-0.15632,-0.11268,0.26089,-0.90173,-0.90009,-0.85033,0.11701,0.0021706,-0.9101,-0.87567,-0.29322,-0.25743,-0.040758,-0.14937,-0.41359,-0.4817,-0.21878,-0.76309,-0.18224,1.6597,2.8042,1.0741,-0.12525,-0.6649,-0.72795,0.40177,0.45317,-0.70206,-1.241,-0.85712,-1.0198,-0.56692,-0.94754,-0.72874,-0.51963,-0.31587,-0.64203,-0.17439,-0.13432
-0.26569,-0.80728,-0.47371,-0.66039,0.044019,1.5968,1.7834,0.9083,0.5164,1.1615,0.88904,-0.11227,-0.027043,-0.49048,-0.50646,-0.68444,-1.0443,-1.1088,-1.1095,-0.72578,-0.97147,-1.1506,-1.2749,-0.49683,-0.21192,-0.48513,0.0097873,0.18041,0.66863,1.4326,0.77966,0.6428,0.031535,-0.034008,0.33313,0.10288,-0.51273,0.12059,1.1796,1.0228,1.4731,2.5182,1.7788,0.092527,-0.2891,-0.33261,0.050653,0.75839,-0.55294,-0.38543,0.31768,-0.057517,-0.72372,0.0069266,-0.63932,-0.3885,0.67604,0.17083,1.3688,0.78247,-0.4753,-0.58476
2.2423,0.62615,-0.46085,0.20757,2.8101,2.2928,0.93829,-1.0016,-0.79749,-0.36147,-0.042459,0.298,-0.65126,-0.88023,-1.0648,-0.8886,-0.43173,-1.1105,-0.52032,-0.48605,-0.27303,-0.54448,-0.55425,0.63982,0.12586,-0.71438,-1.1057,-1.0866,-1.1724,-1.3593,-1.2537,-1.3719,-0.97061,-1.1019,-1.1439,-0.82683,-0.30928,0.20674,0.075003,-0.50498,-0.3467,0.89423,2.5258,0.45552,-0.4607,1.7706,1.3676,1.5288,-0.28965,-0.17988,0.65057,-0.51918,-0.44927,0.34786,0.69517,0.87007,-0.57886,-0.64972,-0.83025,-1.1413,-1.0861,-1.0847
-1.2938,-0.79215,0.39221,-0.16867,-0.43656,-1.0797,-1.1323,-0.87684,-1.418,-1.3909,-1.3519,-1.0112,-0.79229,-0.94145,-0.29192,1.2876,0.41737,0.086332,0.81513,1.8172,-0.0173,-0.69908,-0.7882,0.012204,1.5491,1.5503,2.1337,2.7814,2.2382,1.8286,0.522,-0.61729,-1.0669,-1.0462,-1.2552,-1.2441,-1.3669,-1.5506,-1.5343,-1.5797,-1.4178,-0.8343,-1.0578,-0.94773,-0.9926,-0.44709,-0.70685,-0.93028,-0.90145,-1.1734,-0.53153,0.88609,-0.15743,0.15331,0.44624,1.5788,0.90959,0.40365,0.22722,-0.77672,-0.16983,-0.85583
-0.20767,-1.2224,-1.3458,-1.5363,-1.362,-1.3371,-1.2631,-1.2448,-1.4962,-1.3574,-1.2839,-1.1456,-0.57139,0.027168,-0.11498,0.66648,0.75393,0.11321,0.72151,0.40897,-0.0020841,-0.043917,0.19378,-0.71576,-0.36697,0.57582,0.99075,1.1595,1.5442,1.9718,0.8366,0.8229,0.5811,-0.21219,-0.29049,0.66574,0.23491,0.89374,1.0339,0.55416,-0.17353,-0.6083,-0.71285,-0.57055,0.52867,0.21317,-0.33199,0.015324,-0.91317,0.12949,0.12786,-0.8559,-0.82634,-0.76355,-1.3572,-1.5612,-1.6155,-1.481,-1.4306,-1.4808,-1.4413,-1.3819
1.4048,1.4157,1.3421,0.22702,-0.065359,-0.58815,-0.75409,-0.65943,-1.0796,-1.4698,-1.5234,-1.4888,-1.3468,-0.9747,-0.7584,-0.20012,0.19615,-0.39217,0.19842,-0.71665,-0.88638,-0.92502,0.32479,1.1067,1.2868,1.169,1.4055,2.9039,2.5089,0.51326,1.0179,0.48881,0.75398,1.6383,0.8069,0.052605,0.24564,-0.30204,0.12072,-0.25379,-0.58902,1.0163,0.66254,0.24556,-0.59729,-0.96817,-0.14733,0.35406,0.35445,0.11508,2.0819,0.4451,-0.55973,0.21803,0.95906,0.60345,0.15578,-0.21626,-0.66949,-0.1798,0.94117,1.6389
-1.3307,-1.0442,-0.13944,-0.33141,0.24349,-0.052932,0.57003,0.84473,0.59394,-0.031778,-0.24301,-1.0632,-1.0989,-1.4564,-1.3108,-0.92706,-0.36303,-0.27589,-0.42736,-0.4256,-0.58446,-0.4523,-0.56647,-0.60716,-0.7509,-0.96671,-1.0416,0.25946,1.7963,1.6148,1.5595,0.68198,-0.081515,0.22411,1.6706,3.0114,2.5536,-0.051254,-0.79383,-0.86658,-0.87876,-0.28215,0.76847,0.74739,0.41268,-0.044294,-0.16152,-0.40124,-0.59768,-0.44674,-1.0185,-1.287,-1.3789,-1.2401,-1.1804,-1.438,-1.5551,-1.5651,-1.5832,-1.5779,-1.5028,-1.5586
-0.66141,-0.3495,-0.4289,0.52755,1.621,0.39471,0.37175,0.71773,0.13217,0.20763,0.19167,0.099859,-0.64835,-0.37749,-0.19011,0.54931,2.6237,1.3956,1.0145,2.2528,1.8429,-0.24018,-0.90979,-0.12008,0.038621,0.040935,0.20552,0.79815,0.88072,1.0158,1.6873,1.8454,1.0372,1.5542,1.7714,0.23922,-0.34442,-0.10439,0.94968,0.55684,0.52524,0.02314,0.56069,-0.0096457,1.0528,1.8952,1.5335,0.5356,-0.63277,-0.7455,-0.83668,-0.85684,-0.99866,-0.75928,-1.0938,-0.86451,-0.85749,-0.77105,-1.0098,-1.0599,-1.2398,-1.1322
1.4156,2.2771,1.9259,0.27814,-0.52206,-0.16325,0.08321,0.47426,0.36622,0.71058,0.79522,0.066078,-0.36534,-1.4697,-1.5172,-1.5063,-1.4673,-1.4526,-0.94709,-0.33161,-0.37944,-0.35224,-1.0861,-1.0443,-1.1284,-1.3276,-0.78447,-0.29378,-0.35265,-0.28521,0.055461,0.4477,0.47166,0.4223,0.99239,-0.42393,-0.74077,-0.53871,-0.14569,0.39725,0.44994,0.2551,0.21226,0.97023,0.47194,-0.24524,0.23344,0.46087,0.71886,0.47315,0.88879,-0.087497,0.3871,0.99662,0.30012,1.4129,0.46804,1.3136,2.0833,1.3835,0.18071,1.0135
-0.85032,-0.20947,-0.3205,-0.6165,-0.57612,-0.18825,0.35349,-0.69741,-1.2004,-1.2207,0.11316,-0.24539,-0.013474,0.77198,1.1378,0.74466,0.24309,0.67515,2.2253,2.1524,2.0333,1.3751,0.72983,0.3155,-0.84391,-0.32685,2.7391,1.7022,0.72504,0.31522,-0.66301,0.24633,1.0532,0.78579,0.54509,-0.78367,-0.60607,-1.165,1.02,1.3839,-0.20922,-0.6387,-0.23519,0.1866,-0.13406,-0.41581,-0.48365,-0.58802,-0.85756,-1.0108,-1.0326,-0.9198,-0.85126,-0.65214,-0.77416,-0.775,0.37221,1.0088,0.94835,1.1971,1.5356,1.7025
0.9771,-0.29042,-0.64221,0.037988,1.2097,0.90321,1.4598,0.42988,0.03012,-0.95441,-0.75805,-1.3051,-1.4319,-1.4247,0.38857,-0.54094,-0.3985,-1.0322,-1.2712,-1.468,-1.5267,-1.2813,-1.3528,-1.5509,-1.49,-1.4748,-1.5633,-1.4077,-1.5564,-1.5496,-1.5367,-1.2943,-1.2018,-1.2262,-0.72771,-0.30872,-0.47886,-0.54809,0.30594,-0.056622,-0.94917,-0.92288,-0.32159,-0.53515,0.69474,0.48171,1.3121,1.6979,1.9543,0.32952,-0.17012,-0.9499,-0.34141,0.63558,0.10577,-0.17968,-0.10039,0.53474,-0.14724,-0.09644,0.17895,-1.1108
-0.78941,0.18738,0.23863,-0.39485,1.1358,0.50919,0.041112,2.248,2.5861,0.62201,1.2979,0.097442,1.104,1.6606,1.7575,0.51508,0.30595,1.5647,1.0444,-0.020142,2.3133,2.063,0.37939,-0.94128,-0.90065,-1.0739,-0.47427,-0.19293,-0.33551,-0.11748,-0.9738,-0.67705,-0.72978,-0.89373,-0.56866,-0.25439,-0.5477,-0.44261,0.84803,0.8441,-0.11708,-0.26317,2.2841,2.0805,1.8334,0.42145,-0.29325,0.39566,1.2642,1.4233,1.4571,0.25104,0.51173,1.2809,0.0076336,-0.33186,0.94707,2.1258,1.6052,1.8876,3.1992,1.874
-0.72708,0.22479,0.41067,-0.66029,-0.61788,-0.83457,-0.92401,-0.72572,-0.40796,0.21095,0.60063,0.70753,0.55336,0.54368,0.61621,1.5159,-0.65715,-0.30003,0.41113,-0.13937,-0.81099,-0.37088,-0.46769,0.61229,0.59487,-0.54023,-1.0211,-0.78109,-0.1924,-0.18731,-0.29286,-0.67278,-0.86412,-0.58805,-0.26956,0.15507,0.84962,0.6282,0.14835,-0.63403,0.58971,0.7293,0.27164,-0.017872,-0.12177,0.44751,1.0793,1.803,1.8347,1.422,1.6033,0.12095,-0.70053,-0.022863,-0.97669,-0.62907,-1.0754,-0.66969,-1.2589,-1.3745,-1.5325,-1.5651
0.42947,-0.046686,-0.25293,0.31875,-0.18569,-0.77651,-0.5829,0.62788,0.16044,0.25455,-0.12334,0.30633,1.5839,1.9807,1.2997,1.503,0.73839,0.9069,2.124,0.92383,0.66599,0.43006,-0.36794,-0.56399,-0.83358,-0.3095,-0.96936,-0.75707,-0.93083,-0.48082,-0.55458,-0.49361,-0.95831,-0.1836,0.31144,-0.50171,0.24638,1.1968,1.3225,1.1775,1.0141,0.48976,1.5232,1.8883,1.512,2.1923,-0.13181,-0.27923,0.12992,0.98838,1.5399,0.95147,1.234,0.54198,-0.11905,-0.24095,-0.91877,-0.57491,0.55558,0.24925,-0.47238,-0.34651
-1.18,-1.2738,-0.81109,-0.77629,-0.96129,-0.54513,-0.29805,0.021783,-0.26302,0.44123,1.0478,0.85916,0.38311,0.73455,-0.47736,1.1876,0.52254,1.3332,-0.16599,0.077484,-0.07468,0.85262,-0.89029,-0.74225,-0.22872,-0.59253,-0.84527,-1.0375,1.2085,1.3418,1.5381,1.0083,0.044109,0.76143,1.4081,2.3132,0.88047,-1.0017,-1.3224,-0.43271,-0.65109,-1.07,-0.80543,0.15163,1.2781,-0.26858,-0.59999,-0.51979,-0.66985,-0.33967,-0.7776,-1.0578,-1.2948,-1.0442,-0.64696,-0.60252,-0.51921,-0.63863,0.35999,0.54339,1.2814,0.093852
0.13349,-0.18095,-0.17376,0.1491,0.36123,2.5005,1.366,0.51463,-0.25464,-0.11881,1.1021,-0.31325,-1.2129,0.016551,1.3399,0.6706,0.089127,-0.35048,-0.4539,-0.93262,-0.8216,-0.32551,0.60168,0.54534,1.1211,1.9324,1.3331,0.53495,0.40165,0.90496,0.23461,-0.067581,-0.32889,-0.065478,0.92244,0.048089,0.62179,2.7792,2.2897,-0.33211,-0.20088,-0.45286,-1.0718,-0.70715,-0.87913,-0.95639,-1.3125,-1.407,-1.557,-1.5771,-1.502,-0.67734,-0.37601,-0.53998,-0.053132,0.082414,1.1675,0.55646,0.45075,1.5137,0.73496,0.074901
0.71214,-0.23926,-0.30336,-0.12334,-0.12761,0.16523,0.88256,0.67806,1.0705,1.2533,0.28433,0.57754,0.57339,0.89428,-0.48812,-0.68077,0.074491,-0.71131,-0.76504,-0.71714,-0.66121,0.2516,0.38214,0.28572,0.86595,0.035447,-0.81526,-0.23745,0.32732,-0.43493,-0.83037,-0.42345,-0.38158,-0.2428,-0.19069,0.64154,0.15454,-0.88681,-0.71738,0.076379,0.68857,-0.2947,0.2674,-0.66898,-0.79574,0.63344,2.6574,2.2853,-0.93433,-0.70811,0.3302,-0.15008,-0.26865,0.12549,0.39762,1.5515,2.0389,0.69565,1.4801,2.5961,2.2494,0.55428
-1.161,-1.5837,-1.4281,-1.4671,-1.4633,-1.3966,-1.1363,-0.40963,0.15513,0.27192,0.21709,0.75889,0.70946,0.78535,1.4891,1.2583,0.32466,0.34931,0.55675,-0.79449,-0.73087,-0.70399,-1.1508,-0.074851,-0.06322,-0.14546,-0.81686,-0.33709,0.4769,-0.48942,-0.74027,0.07647,0.071819,1.5044,2.4029,1.9937,0.80461,1.8844,1.9998,2.8089,3.3995,1.7456,-0.25079,-0.73179,-1.0144,-1.2732,-1.1256,-0.059286,-1.109,-1.1445,-1.5733,-1.6085,-1.5074,-1.542,-1.6188,-1.6141,-1.5889,-1.5202,-1.4532,-1.3348,-1.3608,-1.2888
0.085043,0.98294,1.1625,-0.080202,-0.568,-0.46686,0.13306,-0.48222,-0.83329,-0.50333,-0.55404,-0.88258,-0.99578,-0.87162,-0.63878,0.33819,-1.1472,-1.4329,-1.3228,-1.1972,-1.2618,-0.94351,-0.93365,-0.35744,0.30232,0.46935,0.58114,-0.52769,-0.47975,0.54062,0.16915,0.58311,0.43722,0.98373,0.37261,-0.25702,0.44555,0.4182,-0.55885,-0.87706,-0.75065,-0.73837,-0.80969,-1.1733,-1.2198,-1.1832,-0.88714,-0.67165,-0.77284,-0.27554,-0.61663,-0.44165,-0.31489,0.65995,-0.19974,-0.69489,-0.55565,-0.2799,0.49003,0.66357,0.38418,-0.75365
0.97275,0.80625,0.01769,-0.56838,-0.93885,0.24114,1.4014,1.2984,1.9731,0.83205,-0.17749,0.59226,0.41455,0.99477,0.68734,0.36271,0.8986,0.67895,0.84256,0.10275,-0.23377,-0.10141,0.49464,0.52268,-0.71326,-0.83673,0.64084,0.54685,-0.36799,-0.82952,-0.40929,-0.070755,-0.30543,-0.033469,-0.04674,1.2795,1.3346,0.16126,0.18598,1.0885,3.2204,0.21818,-1.1892,-1.0398,-0.2289,0.95435,2.1671,1.4815,-0.69862,-1.0162,-1.1327,-0.47221,2.2958,0.67627,-0.71194,-1.1344,-1.3593,-1.2997,-1.179,-1.2504,-1.3123,-1.3648
-1.4498,-1.5838,-1.5446,-1.4315,-1.3746,-1.2864,-1.4344,-1.1419,-0.71011,-0.50627,-0.35129,-0.040808,-0.21454,-0.47616,-0.49933,-0.54312,-0.88407,-0.92297,-0.33678,-0.24224,0.058532,0.57108,1.0713,2.2748,1.2218,0.45483,0.018432,1.0815,0.67564,0.32389,-0.65031,-0.06962,-0.16975,0.026298,-0.18177,-0.27849,0.49654,1.2653,1.7245,0.73023,0.18687,0.60504,0.67428,1.3774,1.1433,-0.14213,1.0283,1.4745,1.0067,1.9901,0.90905,1.4646,1.6784,1.7255,0.7632,-0.053961,-0.66054,-0.44913,-1.0186,-0.32846,0.030536,0.46429
1.363,1.0507,1.7812,0.29023,-0.42846,-0.87091,-1.0922,-1.3419,-1.2726,-0.59079,-0.24943,-0.1054,-0.28345,-0.41341,-1.1009,-0.68633,0.17597,0.63423,0.9495,1.617,1.0605,-0.42136,-0.52463,-0.22151,1.379,1.7733,1.7007,0.70077,0.25733,-0.051598,0.401,0.78337,0.95349,0.36322,0.46073,0.23793,-0.32974,1.3193,1.2231,-1.1161,-0.88572,-0.58174,1.0251,1.4858,0.60324,1.1317,0.54156,0.27002,0.82191,0.88967,1.6632,-0.11622,-0.76683,-0.57514,-0.99777,-0.58646,-0.80147,-0.57216,-0.47102,0.29967,-0.31965,-0.60834
0.075209,-0.044295,-0.16047,-0.49119,0.20666,0.88722,-0.20555,-0.54264,-0.92446,-0.93576,-1.4451,-1.1399,-0.66172,-0.71985,-1.0448,-0.88172,-0.33149,1.1544,0.72124,-0.44003,-1.0283,-1.2489,-1.0875,-0.93105,-0.84168,-0.84306,-1.0625,-1.07,-1.4555,-0.98494,-0.95641,-0.40788,0.64659,2.3773,2.271,0.67243,-0.6554,-0.38782,-0.067866,1.9047,1.5853,2.2449,0.034838,-1.2923,-1.0817,0.49921,0.88346,2.1006,1.8605,2.2179,-0.4725,-1.2889,-0.6828,-0.099037,0.4398,-1.2308,-1.1641,-0.26696,-0.85535,-0.56328,-0.94144,-0.95064
-0.93297,-1.1602,-1.2415,-0.80218,-0.27313,0.31715,-0.029279,-0.67294,-0.59107,-0.31145,-0.31457,-0.3687,-0.3124,-0.20563,0.78255,1.6873,2.0858,0.94035,-0.55165,-0.68226,-0.25724,-0.31485,-0.64882,0.11582,1.2837,1.2985,-0.33184,-0.56053,0.86836,1.9296,1.5823,0.993,0.92499,1.9919,0.7784,0.033684,1.1213,1.5257,2.8307,1.8992,-0.24235,-1.0638,-0.80759,-0.83132,-0.26899,0.83911,-0.21245,-0.47381,-0.53396,-0.49529,0.052974,-0.32184,-0.13892,-1.0579,-1.3082,-1.3362,-1.4879,-1.3681,-0.82241,-0.17129,-0.57491,-0.75612
-0.72953,0.080902,-1.2489,-1.4713,-1.0475,-0.71919,0.21732,2.0938,0.83867,-0.25629,-1.0255,-1.2602,-0.69741,0.37188,0.43137,-0.33845,-0.19093,1.2953,0.44633,0.17491,1.35,1.9555,2.7286,2.8376,1.4481,0.52592,1.6619,1.1925,0.25702,-0.93466,-1.0438,-0.82315,-0.83141,-0.077244,-0.050053,0.47712,0.74206,0.95364,0.38341,-0.22614,-0.47572,-0.3971,0.40296,0.24015,0.84157,1.9306,1.0124,-0.66841,0.040654,-0.75283,0.070705,0.16976,0.37453,-1.0719,-0.47119,-1.2545,-1.4738,-1.5033,-1.5362,-1.4321,-1.5248,-1.5537
-0.85514,-0.88407,-0.40702,-0.14377,-0.47895,0.75398,0.9456,0.29548,-0.43505,-0.43713,-0.1353,0.46341,0.33059,0.63134,-0.21154,-1.2572,-1.2076,-1.2511,-0.18118,-0.74462,-0.55507,-0.55926,-0.78609,-1.3553,-0.71295,-1.0775,-0.16097,-0.18987,-0.56037,-1.0067,-1.4856,-1.4763,-1.5268,-1.326,-1.0702,-0.40535,-0.036418,-0.0040801,-1.0598,-1.1565,-1.2427,-0.96464,0.48916,-0.6302,-0.78825,-0.8162,-0.97935,-0.60555,-0.96729,0.17489,-0.10684,0.34605,-0.57677,0.49627,1.1951,1.8,1.1738,0.94544,1.6729,1.3746,0.56937,-0.072365
-0.45901,-0.486,-0.47278,-0.44286,-0.55982,-0.026886,-0.35672,-0.33966,-0.35918,-0.29856,-0.47542,-0.24879,0.55464,1.6324,0.50904,0.27886,-0.36489,-0.46018,0.69468,-0.35749,-0.44002,1.2156,-0.72621,-0.47478,-0.14691,1.2395,1.2212,0.72405,-0.064369,-0.67803,-0.52143,0.60119,-0.093914,0.12259,1.1025,2.286,-0.26892,-1.188,-0.97261,-0.68255,-0.24754,-0.3306,-0.88678,-1.1309,-1.4822,-1.4656,-1.377,-1.028,-0.70203,-0.011214,0.019924,-0.28844,0.099538,-0.10441,-0.017687,-0.38285,-1.0041,-1.116,-1.1492,-1.0151,-1.1087,-1.0773
0.24441,2.2615,1.0061,-0.69433,-1.2289,-0.12812,-0.51795,-0.394,-0.82158,-1.0597,-0.96307,0.81743,0.19468,0.6287,-0.0061347,-0.72807,-0.58901,-0.94512,-0.7313,-0.85379,0.80921,0.33323,-0.20916,0.55233,0.89338,-0.45151,-0.46885,0.066452,-0.079248,-0.98749,-1.1923,-1.4525,-1.3264,-1.3631,-0.94077,0.44477,0.18316,0.0074273,-0.02601,-0.2651,-0.09213,0.25332,0.51603,-0.46459,0.97019,0.92,-0.30232,-0.81914,-0.67691,0.20474,0.425,0.021169,0.98198,0.77529,-0.39892,0.67634,0.65885,0.26466,0.35186,-0.94876,-0.5302,-0.17135
0.58241,1.8591,2.2766,1.5397,1.9796,0.6552,-0.85058,-0.45263,-0.38201,-1.1217,-0.52293,-0.77795,-0.24749,0.065789,0.20235,0.28036,0.19537,-0.67118,-0.37906,1.0192,0.81566,0.073374,0.47379,1.2779,1.1336,-0.82872,-0.42868,0.098653,-0.33601,-0.39784,-0.54968,0.13231,0.16062,0.4256,0.65458,0.5318,1.0997,1.0489,0.37164,-0.10762,-0.75857,-0.78166,-0.17397,0.51491,0.32504,-0.10079,1.0893,2.2692,0.20853,0.62137,-0.24869,-0.034517,0.53139,2.506,2.966,-0.26997,-1.1278,-1.1972,-0.28174,-0.075624,0.72128,1.0757
-0.79551,-1.4268,-1.1943,-1.4319,-1.3526,-1.3262,-1.31,-0.94518,-1.2387,-0.78121,-0.57611,-0.35116,0.34766,-0.014598,-0.57991,0.095147,0.84549,0.77228,0.4576,1.0047,1.0359,1.0567,0.044552,1.964,1.589,0.75695,-0.51897,1.0876,0.67559,2.4176,2.7876,0.125,-0.94246,-0.2997,1.3,-0.0011768,-0.55165,-0.37228,-0.028276,-0.50202,-0.60469,-0.6077,-0.23948,0.35954,0.05197,-0.48627,-0.16596,0.29639,0.16658,0.065511,0.71211,-0.013063,-0.0051706,2.2516,2.1719,0.65047,-0.74074,-0.48206,-0.021694,-0.097292,0.22589,-0.33017
-1.4269,-1.1598,-1.1753,-1.5056,-1.3619,-1.5545,-1.557,-1.4329,-1.5119,-1.4663,-1.053,-0.63925,-0.39645,-0.73571,-1.1362,-0.42846,-0.81839,0.14217,0.17798,-0.25663,1.0303,0.52909,-0.69771,-1.2399,-0.55219,-0.62648,0.79708,3.6643,1.9827,-0.067185,-0.63867,-0.59602,-0.091573,0.26389,-0.19515,-0.53663,-1.1929,0.61922,1.4036,0.19407,-0.26328,-0.37561,-0.19159,-0.039728,0.079642,-0.4444,1.6999,1.2835,1.1146,0.20223,1.2533,1.289,-0.37094,-0.92049,-0.2511,-0.24911,-0.54743,-1.1293,-0.56146,-0.56229,-0.93554,-1.2533
-1.3157,-1.0697,-0.58566,-0.16655,-0.6786,-0.65872,1.6295,1.7992,2.0969,1.1299,2.1591,0.61822,0.38304,0.65886,1.6381,3.8075,3.0928,1.308,-0.42925,-1.249,-1.5303,-1.4896,-1.5051,-1.1642,-0.82487,-0.6316,-0.7997,-0.43737,-0.48681,-0.65627,-0.75753,-0.41854,0.66385,0.066557,0.72421,1.0439,0.90537,-0.48232,-1.3045,-1.2469,-1.589,-1.4785,-1.2815,-1.1087,-0.89198,0.3455,0.94875,0.33055,-0.060918,0.99342,1.475,-0.26979,-1.2085,-1.3952,-0.90915,-0.71322,-1.3451,-1.5149,-1.4696,-1.1198,-1.0536,-0.41174
0.84749,0.74213,0.081857,0.39687,0.51245,-0.28914,-0.77291,0.5364,0.92243,1.5877,1.5459,2.7457,2.524,2.3552,0.98294,0.56846,1.5452,1.1948,1.1287,1.2877,3.0255,1.1766,-0.2377,0.091108,-0.15843,-0.33929,0.27572,-0.36775,-0.068692,0.96924,0.3166,1.0077,1.9505,1.0057,1.4708,0.64932,-0.1323,-0.13764,-0.11528,-0.056328,-0.2301,0.69233,0.85554,0.85913,-0.092912,-1.1292,-0.23908,-0.12956,0.18069,1.8694,1.5357,-0.91268,-0.82162,-0.52751,0.57386,0.8496,0.99332,1.337,0.12572,0.040169,1.8453,0.82961
-0.57356,-1.2068,-1.3371,-1.4693,-1.5505,-1.543,-1.3611,-0.64584,-1.1081,-0.052481,0.2996,0.14345,-0.38614,0.38892,1.4901,2.1998,-0.2128,2.3532,2.3056,2.7142,1.271,0.8386,0.88744,2.4383,2.3326,1.1455,-0.58553,-0.98173,0.54677,0.34901,-0.3444,-0.56085,0.78185,1.2886,0.55094,0.041162,0.11762,-0.15552,0.62935,0.33849,0.21682,-0.7753,-1.0089,-0.86511,-0.83911,-1.3833,-1.0889,-0.74226,-0.1206,-0.42517,-0.34899,0.0031401,-0.28763,0.24799,-0.0052377,0.43695,0.1179,-0.29158,-0.57701,-0.58041,-0.62775,0.07959
-1.2072,-1.2722,-1.1979,-0.95123,-0.83027,-1.1094,-0.62695,-0.63884,-0.87719,-0.86689,-0.73937,-0.90716,-0.70405,-0.6836,-0.51462,-0.32584,-1.0187,-1.0173,-0.46072,0.099343,0.83446,0.53526,0.41929,2.1564,1.1289,2.2757,3.2952,2.704,-0.35166,-0.89983,-0.63063,2.0057,0.091862,-0.46249,-0.044695,0.40414,0.51832,-0.14943,-0.33282,-0.81562,-0.83461,-1.3415,-1.2982,-1.0283,-0.78115,-0.87057,-0.36693,-0.32783,-0.40092,-0.050713,0.85236,0.74815,-0.24479,-0.091788,-0.91196,-0.97006,-0.1431,-0.008146,-0.48087,-0.66668,0.2621,-0.42008
-0.93361,-0.77409,-0.71355,0.43318,0.43028,0.35054,0.2427,-0.25432,-0.36413,-0.049291,-0.65994,-0.63136,-0.73537,-0.77086,-0.50678,-0.58613,-0.10778,-0.52421,-0.052276,0.33788,0.21682,-0.08594,0.47772,1.2482,2.1034,2.1858,1.3521,0.55085,0.66716,2.4965,3.1283,3.5644,1.6435,-0.79704,-0.23107,0.68022,1.9071,1.6062,0.70374,-1.4537,-1.4495,-0.92978,-0.9043,-0.86992,-1.0157,-1.0455,-1.079,-0.9908,-0.25969,-0.075921,0.6722,0.25902,0.95992,1.887,1.7946,1.1644,0.9754,-0.48799,-0.39532,1.0473,0.63733,0.72645
-0.40281,0.03897,0.74896,1.4357,3.0771,2.4204,1.8871,1.0139,0.23836,0.34389,0.21987,1.7921,0.52015,0.26932,-0.31655,-0.0053827,-0.11411,0.037194,-0.022047,-0.51537,-1.1202,-1.3192,-1.0665,-1.3988,-1.4319,-1.2755,-1.1977,-0.64166,-0.56227,0.13355,-0.19809,-0.3501,-0.41312,0.7979,0.89709,0.36367,-0.57325,0.083163,-0.038906,-0.23454,-0.82565,0.28467,0.36811,1.2736,0.77185,0.14701,-0.52146,-1.0847,-1.0096,-0.70129,-1.2542,-0.66895,-0.57894,-0.93057,-0.69264,-0.10576,-0.44971,0.30644,0.8018,-0.6567,-0.9139,-0.42412
-1.4826,-1.3977,-1.476,-1.522,-1.2497,-0.86879,-0.51053,-0.20669,-1.2067,-0.71131,1.0188,0.36315,-0.93474,-0.12188,0.54541,0.27955,-0.93189,-0.30337,1.6296,2.1859,1.3005,0.73704,0.75987,0.75654,-0.47103,-0.22486,0.1503,0.88635,1.2856,0.65974,1.0751,0.25113,-0.17,0.60519,1.4156,-0.11586,-0.028528,0.4216,1.7182,1.9345,0.53281,-0.33538,-0.46849,-0.63702,-1.318,-1.3509,-0.68903,-0.43112,-1.0792,-0.77484,-0.35045,-0.091444,-0.68238,-1.2024,-1.465,-1.4477,-0.89004,-0.43873,-1.0007,-0.75536,-0.097769,-0.08489
-1.0776,-0.85972,-0.067157,0.075092,-0.89748,-0.98235,-0.62182,-0.50256,-0.30002,0.26799,-0.18255,0.78883,1.2693,1.8138,-0.088201,0.11709,0.80267,1.5257,2.7082,1.7755,0.55557,-1.0847,-1.4089,-1.3324,-1.2458,-0.2937,-0.48451,-0.50631,-1.0757,-0.63127,-1.0016,-1.3563,-1.4344,-1.5816,-1.6137,-1.5928,-1.5858,-1.5695,-1.0311,-0.90885,-0.40513,-0.28064,-0.38015,-0.54192,-0.31065,-0.15608,-0.044144,-1.1313,-0.36147,0.25178,-0.94414,-0.84135,-1.0865,-0.84201,-1.3761,-0.67927,-1.3804,-1.0686,-0.72939,0.13949,-0.26619,-0.56512
1.5664,0.92679,0.057929,0.96046,0.52522,-0.65796,-0.15094,-0.094648,2.1268,2.0532,2.0792,1.9329,0.77408,-0.20656,-0.57737,0.42492,1.4321,-0.36617,0.10224,0.076362,0.0042845,0.33768,0.83556,0.16092,0.44874,-0.25707,-0.47472,0.0040996,-0.52613,-0.50702,-1.4033,-1.3108,-0.92248,-1.0326,-0.52718,0.04633,-0.33122,-0.53626,0.23068,0.22897,0.21192,0.72599,0.91172,-0.33027,0.49008,1.5277,1.6625,0.19605,-0.41289,-0.407,-0.40791,-0.0059331,-0.3631,-0.62348,0.48198,-0.77962,-1.3639,-0.72281,-1.4811,-1.3152,-1.4054,-0.48105
-0.9293,-0.69125,-0.90984,-0.95402,-1.2173,-1.4278,-1.5834,-1.5628,-1.5224,-1.5298,-1.5622,-1.5675,-1.4227,-1.4727,-0.84808,-1.0032,-0.74743,-0.65232,0.20311,-0.28926,-0.19926,-1.1492,-1.506,-1.5567,-1.5516,-1.3534,-1.5475,-1.6004,-1.6091,-1.4196,-1.3353,-0.43242,-0.76153,-0.44338,0.48671,0.057741,0.50025,-0.19663,0.271,0.56383,0.034836,-0.24281,-0.014681,1.1004,0.23327,-0.18375,1.4222,1.5734,1.8321,0.6207,-0.75715,-0.26925,-0.34569,-0.062535,0.57397,1.5649,0.31037,-1.2462,-0.69357,0.014882,-0.60507,0.39812
-0.44649,-0.35179,-0.38173,-0.43618,0.58789,-0.46311,-0.2118,-0.41923,0.045791,0.012479,0.11098,-0.50375,-0.62307,-0.54679,0.56498,0.77299,0.22052,-0.97177,-0.47208,-0.28216,1.0724,0.47398,1.0619,1.4093,2.1317,0.93816,2.5897,3.6681,0.18191,-0.92843,-0.72394,0.1587,0.032346,-0.19508,-0.17827,-0.69935,0.033134,-0.55876,-0.4809,-0.57381,0.26368,1.2273,0.49357,0.91452,0.15022,-0.19549,-0.44379,-1.0104,-0.59989,-0.24551,-1.0222,-0.99365,-0.63339,0.65415,2.2326,0.9235,-0.61586,-0.49069,0.88349,2.1422,0.53163,0.022608
-0.10806,-0.80362,-1.201,-0.85314,-0.19381,-0.88566,-0.76092,-0.94635,-1.1118,-0.67374,-1.2423,-1.2066,-1.4311,-0.9249,-1.2598,-0.51279,0.23012,-0.66593,-0.82584,-1.3518,-1.1793,-1.3125,-1.0955,-0.94054,-0.73176,0.13834,0.51462,-0.11856,0.25185,1.4159,1.4952,0.080445,0.19131,0.58086,0.56207,0.76305,1.4892,0.35769,1.2736,1.448,0.54479,1.515,1.7279,0.38903,0.088688,1.4374,0.13023,-0.77362,-1.3227,-1.2482,-0.59214,0.57385,1.1395,1.0736,-0.10705,-1.0612,-1.4201,-1.2515,-1.5576,-1.6017,-1.6048,-1.62
2.0533,1.7328,2.2125,2.2781,1.8519,0.17133,-0.39883,-0.039296,-0.077553,-0.53889,-0.204,0.93855,-0.18361,0.054449,0.71282,1.2443,0.42223,-0.62698,-1.0005,-1.0095,-0.90181,-0.78978,-0.9552,-0.61802,0.41724,-0.017745,1.1616,2.3335,0.93556,0.035769,2.1467,2.5833,1.0432,-0.10879,0.86858,0.95791,1.0459,-0.48678,-1.4276,-1.5077,-1.2537,-1.4558,-1.3485,-1.4532,-1.493,-0.6865,-0.27468,-0.32908,-0.7757,0.75381,0.80192,-0.044822,-0.17879,-0.40386,-0.46517,-0.98884,-1.3842,-1.4617,-1.4692,-1.443,-1.5327,-1.458
-0.39905,-0.32388,0.05396,0.60709,1.8387,0.85933,-1.2878,-0.59489,-0.25308,-0.97765,-0.99819,-0.68137,-0.63236,-0.8484,-0.49815,-0.32162,-0.30052,0.22624,-0.16886,-0.098868,1.2366,3.4463,0.24021,-0.012508,-0.99657,-0.42332,0.96341,1.9388,2.4068,1.765,1.6511,2.5193,0.2233,-0.28538,-0.28196,0.5057,2.0043,2.4971,1.2472,1.0494,1.0499,1.6042,0.35505,2.0879,1.6749,0.58255,0.90055,0.25989,0.89867,1.2735,0.95433,-3.1058e-05,1.3498,0.39234,0.54777,-0.065672,-0.43034,-1.0575,-1.3754,-0.78128,0.22866,2.0617
1.9923,1.6297,0.26922,1.273,0.48854,-0.069231,2.4687,3.4606,2.2017,-0.17794,-0.44549,-0.86392,-0.53586,-0.54804,-0.52263,-0.32284,0.10348,-0.43666,-0.96554,-0.4765,-1.4224,-1.4515,-1.2323,-0.68497,-0.40425,-0.25576,0.46809,0.40604,-0.060552,-0.08634,-1.0858,-0.58828,-0.15986,0.51564,0.81766,0.36426,0.67214,3.7782,2.0958,0.51377,-1.0001,-0.54596,-0.54931,-0.17364,-0.39248,-0.54295,-1.3949,-1.4433,-1.2883,-0.70695,-0.035128,0.38386,-0.022744,-1.1163,-1.3856,-1.0855,-1.2605,-0.083985,0.44374,0.054514,-0.57907,-0.4288
0.45932,0.42947,-0.82551,-0.99776,-1.0891,-0.85613,-0.72505,-0.54156,0.21361,0.72224,0.53627,-0.48068,-1.1847,-1.1825,-1.2433,-1.3227,-1.2119,-1.426,-1.2626,-0.78878,-0.94864,-1.0313,-0.54736,-0.589,-0.8449,-0.59887,0.6339,0.49329,0.74646,0.086048,-0.65926,-0.031555,0.30973,-0.16549,-0.66765,-0.21157,0.12454,-0.28096,-0.09122,-0.36754,0.42741,1.3694,1.7631,0.039887,-0.81338,-0.43709,-0.14596,-0.76453,-1.0359,-1.501,-0.8568,-1.3517,-0.8056,-1.2188,-1.2731,-0.77371,-0.32319,-0.88501,-1.4537,-1.4783,-1.5335,-1.1001
-0.26434,0.062555,-0.17294,-0.015195,-1.0376,0.10739,-0.11031,0.45966,-0.2213,0.97268,-0.0011379,0.043713,0.23599,2.778,1.3338,1.6177,1.0958,0.1892,-0.53658,0.61515,2.6364,3.7492,2.6597,0.487,-1.0239,-0.79794,-0.73549,-0.43822,-1.1452,-1.4612,-1.5924,-1.5548,-1.6043,-1.4263,-1.6101,-1.5719,-1.5197,-1.4821,-1.4202,-1.0447,-0.82399,-0.7449,-0.4253,-0.74778,-0.19105,1.363,-0.34796,-0.90687,-1.0765,-1.1388,0.51356,-0.7133,-0.97212,-1.2586,-0.7109,-0.64168,-0.17862,0.13609,1.2359,0.97054,0.70877,-1.0155
-0.59603,-0.91488,0.67342,0.61626,0.27433,0.17318,0.14666,0.13741,-0.29859,-1.1642,-0.23733,1.6209,-0.1453,-0.53259,-0.48186,-0.72368,-0.64178,-0.99464,-0.52929,-0.18251,-0.27852,0.65682,0.46584,0.71886,3.0464,4.1748,0.58001,-0.85688,-0.91773,-0.85492,0.89892,1.0374,1.7509,1.2244,0.42693,0.20916,0.20361,1.2619,0.72457,-0.68536,-1.3021,-1.2644,-0.067208,0.075229,0.096163,-0.36748,0.26342,-0.2152,-0.81145,0.71508,0.046207,0.34585,-0.70616,-1.0479,-0.87463,-0.32549,-0.087761,-0.67826,-0.33636,-0.41259,-0.01527,0.46458
-1.1541,-1.2999,-1.2794,-1.0504,-0.79259,-0.16235,-0.70831,0.33689,1.2077,0.40018,0.28847,-0.4978,-0.13186,-0.32387,-0.097627,0.98822,0.98336,0.65996,1.0388,0.27573,0.92029,1.0678,1.5499,-0.23863,-0.74988,-1.0627,-1.1124,-0.38226,0.64882,-0.50286,-0.2165,-0.041838,-0.74852,-0.28766,1.521,-0.32035,1.179,0.67023,1.4444,2.1565,1.7601,0.54797,0.35781,0.37856,1.2697,0.88082,0.15576,-0.50217,-0.75026,-0.25966,-0.1446,-0.47135,-0.79149,-0.91818,0.1054,0.70287,1.0574,0.85508,0.45653,0.80666,-0.080761,-0.17431
-1.1682,-0.69252,-0.9692,-0.16567,-0.65549,0.614,0.036303,-0.12863,-0.25301,1.1983,0.25038,-1.2836,-0.94631,-1.0397,-0.34508,-0.25849,-0.9164,-1.065,-0.77161,-0.25296,-0.4635,-0.17457,0.74051,-0.27468,0.15272,-0.90994,-0.34788,0.37893,0.56374,0.87833,1.194,-0.1303,-1.0594,-0.26955,-0.094743,-0.28669,0.47155,0.88711,-0.35142,-0.89547,0.011254,0.95041,0.62237,0.6031,-0.1169,-1.2075,-0.41479,-0.99284,-0.60141,0.046469,-0.32813,-0.8239,0.54647,-0.97625,-1.3554,-1.2393,-0.2028,-0.15454,0.095713,-1.002,-0.90251,-0.23328
0.083322,0.60998,0.13675,1.6341,0.33386,-0.99393,-1.0415,-0.20735,0.073082,0.18805,0.75016,0.79167,1.605,0.16891,0.62344,0.32862,-0.2194,-0.080287,-0.1309,2.0026,0.17547,-0.046859,1.7422,0.78492,0.27335,2.5855,2.486,1.6973,1.1021,0.15931,1.9026,2.2949,0.80173,0.38451,-0.887,-0.88846,0.35633,-0.052478,-0.033283,1.2757,1.3459,-0.31054,-0.34304,1.4532,1.0214,0.028933,-0.49546,0.22656,0.33679,0.86437,0.78547,0.80982,1.378,1.2658,0.29549,-0.79421,-1.154,-1.2472,0.41465,0.36407,-0.11612,-0.94454
-1.1105,-1.5034,-1.251,-0.88468,-0.84977,-0.50569,-0.68161,-1.3551,-1.1557,-1.4469,-0.53294,-0.73113,-0.67282,0.20325,0.22605,1.4817,0.18559,0.47804,2.5322,1.0172,1.156,2.8922,3.2381,1.4182,-0.377,-0.64092,-0.54796,0.30457,0.98219,1.116,1.6362,0.034503,-0.17457,0.40384,1.4654,3.5803,3.6721,1.5424,-0.43003,-0.61323,0.010433,0.44621,0.18051,-0.70148,-0.41846,-0.98179,-1.1993,-1.4076,-1.4475,-1.4759,-1.4612,-1.3716,-1.2076,-0.83087,-0.9683,-1.3035,-1.0365,-0.89964,-0.96482,-0.75571,-0.56532,-0.22769
