5.634,6.8327,6.58,5.1053,4.6213,5.604,6.046,6.178,5.508,4.6173,3.4587,3.4747,2.358,2.0287,3.0427,2.9087,4.0627,4.582,3.588,1.9647,1.4973,1.3513,0.77867,1.094,1.3567,2.118,3.614,4.2727,3.3873,2.438,2.2953,3.8587,4.746,5.1387,4.8107,3.512,1.57,0.53267,1.4887,2.37,2.6167,3.838,4.55,5.184,4.58,3.682,3.312,2.9713,2.1373,0.75267,0.52667,0.93133,1.5747,2.4593,3.0653,2.4273,0.862,0.416,0.91467,1.832,3.9007,4.632,4.4893,4.338,4.324,3.5087,3.618,3.0853,1.7067,0.56333,0.49467,-0.05733,-0.54,-0.572,-0.61866,-0.12333,1.2293,1.892,1.8573,1.1007,0.25067,0.87667,1.136,1.5053,2.09,2.404,1.8827,1.1607,0.588,0.89533,2.068,2.41,2.4733,2.7427,2.4413,1.1933,0.25,0.796,1.0947,1.3713,1.752,1.9673,2.6113,3.3067,3.25,3.408,2.3013,2.1487,1.9473,1.0313,0.74,0.23667,-1.258,-3.272,-3.9887,-2.5933,-1.0767,-0.24866,0.38533,0.18134,0.78867,1.8293
3.8107,2.6153,2.0647,2.4673,3.3327,4.386,3.266,2.314,1.4833,1.6173,1.8527,3.0913,4.41,4.9973,5.178,5.8713,5.5067,4.246,3.3627,3.118,2.8887,3.0627,3.2873,3.5033,3.7607,3.9793,3.8173,3.7507,4.5073,4.3807,4.3913,4.446,4.864,4.294,4.1507,4.8293,5.364,6.222,5.9087,5.6147,5.6227,4.9947,3.8453,2.5513,1.9553,1.826,2.238,3.512,4.702,4.0933,4.4753,4.122,3.2273,2.3347,2.1153,0.964,1.018,1.1387,1.5867,1.5747,1.4173,0.802,-0.36733,0.41334,2.7633,4.1733,4.3127,4.214,3.5893,3.412,3.8193,3.3453,3.0947,3.1733,3.296,3.9533,3.9227,2.3773,1.1207,1.7527,2.754,2.3473,2.3367,3.018,2.9093,3.3893,3.284,2.07,2.3513,3.198,3.5967,2.754,3.476,4.1887,3.8893,2.1173,1.472,0.83733,0.93467,0.30133,-0.18533,0.19867,0.912,2.438,2.0247,0.85933,0.090002,-0.148,-0.94266,-1.13,-1.11,-1.676,-2.166,-0.83866,0.16933,0.27533,0.14467,0.20867,-0.41533,0.296,0.78,0.97334
3.1713,3.4593,3.5773,3.506,4.364,5.372,4.8293,3.6993,2.6967,1.784,1.158,2.3227,3.7247,3.296,4.0493,4.7013,4.62,4.9353,4.6853,5.142,4.878,3.4873,3.534,4.6893,3.9147,4.0993,4.644,4.6593,4.332,4.6093,5.5127,6.0173,4.9453,4.0947,3.0147,2.3667,2.6113,1.6087,1.0927,1.1307,0.23467,0.61867,1.6667,2.4427,2.7647,2.9373,2.1973,2.4893,2.8587,2.3893,2.2427,1.858,1.522,0.63,0.58067,-0.80066,-1.5327,-0.47133,-1.9433,-2.026,0.224,2.8507,3.9293,4.2553,2.9473,0.806,0.58667,0.61267,1.0693,1.6867,2.0913,1.894,1.1447,1.568,2.1127,2.314,3.2133,3.404,3.454,3.2347,2.9793,2.4387,2.3213,2.7833,2.1013,2.1933,1.5627,1.646,1.5047,1.1527,0.44533,0.48067,0.56267,-0.512,-0.85733,-0.528,-0.30533,-0.94266,-1.712,-1.5027,-0.94867,-1.014,-1.438,-1.31,-0.93933,-1.3807,-1.726,-2.8513,-1.5933,0.716,1.3193,1.7327,1.5507,1.006,1.7607,1.8753,1.6007,2.2893,2.3407,1.6307,1.0413,0.412
1.3113,-0.394,-1.0587,-1.1307,-1.322,-0.724,0.042671,1.4693,1.0593,0.073337,0.19134,2.274,4.0473,3.8567,3.2867,2.6247,2.5647,2.3853,2.192,3.6467,3.3767,3.546,3.3473,2.97,1.7713,1.0993,2.0753,4.1907,5.232,3.4027,3.818,5.4447,5.5407,4.7847,4.1927,4.76,5.604,5.022,4.4507,4.676,5.6967,4.684,3.7753,3.792,3.6233,3.3667,3.3113,3.32,2.5933,0.16734,-1.0253,-2.544,-2.882,-3.0147,-2.788,-2.184,-0.568,0.28867,1.734,1.4813,1.5233,2.1633,2.506,1.842,1.232,1.6967,0.9,-0.624,-3.074,-2.524,-0.32133,0.55134,0.68134,1.4653,1.5733,1.5873,2.4907,1.8207,2.036,2.356,1.794,1.792,2.6967,2.9673,3.266,4.1873,4.0553,3.7193,3.7173,3.7013,2.5313,1.994,1.628,1.408,1.6607,1.9113,0.78134,1.2467,0.32933,0.66,1.052,1.7367,0.66534,-0.19466,1.1827,1.8393,2.76,3.894,3.2247,3.0213,2.538,2.6013,2.1667,1.8847,1.638,0.71133,0.43667,0.72534,0.57334,-0.35333,-1.752,-2.724
3.5333,3.4053,2.1,2.5687,2.798,3.5153,3.8687,4.0133,3.1507,3.06,2.7773,3.9433,4.834,4.8447,4.7767,4.748,4.7267,5.2,3.99,3.822,3.9247,3.0693,2.1373,0.38867,0.038,-0.30667,0.19533,2.194,1.902,1.3907,2.4027,2.8327,1.922,1.4067,0.952,1.792,2.8787,3.3207,3.852,4.37,4.502,4.3327,3.9873,3.5047,2.5853,0.70133,-1.83,-2.3973,-1.54,-1.2573,-1.1567,-0.96733,-0.274,-0.84866,-0.21867,0.48067,1.2213,1.4393,2.0673,2.3973,2.3333,1.53,-0.21266,-0.97,-1.1353,0.92,0.84,0.080002,-0.36266,0.35734,1.7833,0.59733,0.21933,-0.31667,-0.66933,-0.738,-0.43133,0.59,0.586,-0.42666,-0.584,-0.055331,0.186,0.16134,0.64067,1.044,2.2833,2.988,3.5667,2.48,1.312,1.0053,0.68133,0.39333,0.79933,0.93667,0.698,0.11,1.546,2.4033,2.206,2.2407,1.862,2.2753,2.3133,2.3347,3.0967,2.9647,2.372,3.0353,3.174,2.41,1.8267,1.3633,2.0027,3.6253,4.1147,2.3513,0.75267,-0.93866,-1.964,-1.1687
4.4393,4.492,3.4147,3.5853,3.9367,3.8513,3.7167,3.8167,4.1727,5.3047,5.1833,4.414,3.9067,3.646,1.4613,1.5407,0.74533,0.056002,-0.67133,-3.0233,-4.864,-4.162,-1.412,2.1847,3.968,4.4793,4.4653,4.1327,3.67,2.062,2.5293,3.066,3.062,2.9453,1.5933,0.23067,0.34067,0.93867,1.7447,2.2373,2.674,1.8867,1.554,1.5053,1.634,1.1067,1.4693,1.134,1.2507,1.7567,2.772,2.6807,2.65,2.2667,2.6453,1.29,1.074,-0.051997,-1.0573,-2.3527,-1.8473,-1.0393,-0.36,-1.5913,-1.572,-1.6,-1.138,0.52934,1.304,0.91667,1.1507,0.92267,0.14267,0.252,-0.95533,-0.60933,-0.60533,0.060004,0.94733,2.382,2.8667,2.4607,1.802,2.2147,1.24,0.998,1.05,0.32667,0.70934,1.7347,1.4187,1.122,1.4807,1.4373,0.612,0.29733,0.982,1.026,1.2533,1.43,1.0187,-0.126,-0.302,0.846,1.4207,2.978,1.7773,0.63667,0.38867,0.87067,1.3853,2.0007,1.3113,0.66733,0.79267,0.48867,0.198,-0.75733,-0.80066,-0.46,0.016669,1.5693
1.8507,1.502,2.7267,3.5687,2.5313,1.222,0.0073344,-0.7,0.98134,3.0547,4.0867,4.7013,4.2407,3.9113,3.34,2.7047,1.6813,1.4873,1.8813,2.644,3.9007,6.014,6.4973,4.3053,3.0693,1.8453,1.0753,1.9293,3.606,4.6907,4.0493,1.664,0.972,0.81067,-1.0453,-2.7547,-2.338,-1.1447,-0.576,0.50467,1.162,2.4427,3.4027,2.578,0.79534,0.72667,0.456,0.67734,1.6587,3.0073,3.218,3.0527,2.4487,1.74,2.672,3.2787,3.1553,2.6447,1.548,1.3087,2.6853,1.9707,-0.32067,-1.412,-0.952,0.14333,-0.82666,-1.168,0.18667,0.44733,1.4007,2.212,3.4567,4.7187,4.236,2.826,2.258,2.8867,3.3513,2.8807,3.4393,3.654,3.778,3.9553,3.784,3.426,2.776,2.3527,2.0387,1.5207,0.42467,0.15667,-0.658,-1.0233,-1.392,-1.786,-2.6813,-1.9687,-0.082663,0.67467,1.5727,2.7273,3.2047,3.1727,2.4593,2.2473,1.7913,1.5447,0.74733,-0.21533,-0.34067,0.2,0.44533,-0.70467,-1.2713,0.57334,1.862,1.074,-0.834,-2.6693,-2.3827,-0.62266
4.188,3.6947,4.088,4.786,4.6427,4.934,4.5207,3.642,3.8313,4.8573,5.1307,4.522,4.6813,3.95,2.4227,1.2807,1.61,2.706,2.9193,3.32,2.9173,2.6253,2.2647,0.75067,0.54467,1.968,2.1187,1.528,0.506,0.824,1.988,4.0053,4.6833,5.03,4.1213,3.6533,2.2807,2.5593,3.0007,2.6527,1.8513,1.754,3.05,4.2613,4.524,4.736,4.7213,4.4587,3.872,4.1007,4.408,4.72,4.0647,4.12,3.9847,3.5007,3.3807,3.2813,3.1593,2.4067,1.8753,1.142,0.34134,-0.27267,0.30467,1.7413,3.1213,2.0347,2.4553,2.3287,1.9693,1.0767,-0.17333,0.234,2.6827,3.414,2.0467,1.458,1.5773,1.3973,0.23534,-0.73866,0.152,0.614,-0.024664,-0.14533,0.097334,0.186,0.124,-0.81667,-0.95267,-0.606,0.57467,0.98334,0.86467,0.74667,-0.070667,-0.328,-1.6893,-1.3907,-0.46,0.05867,0.96933,1.112,1.3893,2.1787,3.4653,2.8187,2.2453,1.5293,0.024667,-1.3813,-1.5287,-2.0173,-2.6713,-1.4113,-0.116,0.076,-0.31933,-0.045997,-1.106,-2.1053
1.2253,3.6587,5.0067,5.2213,5.4847,4.9547,3.296,2.184,2.2827,2.2133,2.5513,3.1893,4.2973,5.1453,5.3553,4.6127,3.54,3.7327,4.1407,4.0513,3.7133,3.7167,2.8907,0.29,-3.038,-3.456,-1.9993,-0.124,0.31867,0.31,-0.090664,-0.29,-0.18,-2.304,-3.0733,-0.924,0.62933,0.90334,1.238,1.7653,2.086,1.9447,1.1893,2.2853,3.51,2.3153,0.87467,0.49067,1.2847,1.028,1.3887,2.128,1.0413,0.38667,1.6807,2.1267,0.80267,0.51,0.246,0.32733,0.154,0.47,0.71,-0.648,-1.002,-1.632,-0.864,0.25067,1.4667,2.4507,2.5847,2.658,2.704,2.6347,1.4187,0.95,1.7867,2.3467,3.1853,3.3693,2.7647,2.902,2.816,3.2473,3.5693,3.0013,3.012,3.2093,1.7527,0.68467,0.26,-0.358,-0.32867,0.86933,2.0293,2.048,1.592,2.248,2.6593,2.9,2.272,1.8847,3.128,3.7053,3.6973,3.4607,3.1913,2.45,1.184,1.0113,0.60134,0.57333,-0.82866,-2.0867,-2.6947,-3.1133,-3.058,-3.8093,-4.206,-2.5727,-2.5667,-2.6133
2.9387,0.29733,-0.87466,0.92867,3.1747,2.7893,2.616,3.4027,2.868,3.848,5.3467,5.2433,3.612,2.4433,3.2867,3.064,5.2587,4.84,3.4833,2.7527,1.75,0.222,-0.98866,-0.49,0.19,2.2287,1.822,1.5153,2.4013,3.9233,3.4727,4.8647,3.478,2.2647,0.91867,0.17734,-0.42867,-0.82733,0.51934,1.8627,2.7987,1.8567,-1.2667,-2.54,-1.092,3.1773,3.4793,2.4987,2.3633,2.5627,2.0033,1.378,1.8847,2.0013,0.01667,0.468,1.6667,2.676,2.1533,2.1187,0.856,-0.678,-1.5487,-0.58533,0.78667,3.6447,3.4187,2.656,0.94,-0.41466,-1.292,-0.54667,1.3353,0.672,-0.36933,-0.63866,0.492,2.264,2.272,1.8407,0.30067,-0.89533,-2.176,-1.7527,-0.51266,1.3947,1.9867,2.7567,2.5687,2.456,2.62,1.3993,1.2453,1.7047,1.6447,2.0907,2.1047,2.796,2.2653,1.128,0.44067,-0.67933,-2.5293,-3.462,-2.0293,0.8,1.7647,2.652,2.8613,3.1633,2.8487,1.6047,2.6353,2.7,2.6307,1.8467,2.6313,3.0473,3.9527,3.1647,2.7247,1.524
1.874,2.1033,3.0653,3.1307,3.3827,2.4453,1.9933,3.2307,3.544,2.918,3.1827,4.106,4.382,3.788,2.5427,1.668,2.0427,3.63,4.7787,3.6247,3.2107,3.724,3.2633,1.772,1.972,0.82133,-0.61867,-0.51466,-0.87666,-2.818,-3.6293,-2.7673,-0.63133,-1.6427,-1.866,0.50467,1.116,0.89133,-0.356,-1.7393,-2.232,0.96467,4.0947,3.7,3.4613,2.466,2.4747,1.6913,1.842,2.9127,2.698,3.2873,2.6267,2.892,2.6173,3.34,3.0633,2.91,2.664,2.6113,1.9513,1.8747,1.5873,0.90667,1.214,3.0693,2.7187,1.0207,0.616,1.2673,1.8687,3.2453,3.1953,2.1433,1.2307,1.7633,0.312,-0.92266,-1.8827,-1.178,-0.61466,-0.85666,-1.6487,-0.188,0.64667,1.328,1.528,0.86734,0.92267,-0.478,-0.78933,-1.9253,-2.6007,-0.904,1.8113,3.0607,3.7707,3.8087,2.1307,-0.12266,-2.28,-3.2093,-1.1853,-0.79,-0.039331,0.69533,2.4927,3.82,4.7487,4.0893,2.7533,2.2147,1.326,-0.20266,-1.022,-1.9033,-2.1167,-0.976,0.198,-0.12667,-0.67133,-0.61466
1.698,1.3967,2.9953,3.7087,4.274,2.1767,4.594,4.7693,3.1293,2.7973,2.31,4.0807,5.2293,6.024,5.394,3.4687,3.6773,3.3547,3.654,4.9433,3.8233,2.014,2.134,1.0653,0.96067,1.076,3.194,1.984,-1.1427,-3.2573,-2.4167,-0.132,2.1393,-0.454,-1.024,0.7,2.2313,4.6007,5.9287,4.7293,3.114,-0.040664,-0.86867,-1.3667,1.6647,2.8147,2.616,3.144,3.3307,2.0027,0.82933,-1.9947,-3.6627,-2.332,0.33334,1.0393,0.852,0.66067,1.7533,2.1313,3.198,3.8467,4.5247,4.4727,3.3427,1.1493,1.7613,3.09,3.276,3.2953,3.2913,3.5307,2.5093,1.684,1.786,3.0507,5.0433,6.5233,6.144,2.3607,0.378,-0.97667,-2.2593,-1.538,-0.31933,0.27933,-0.156,-0.88933,-1.012,-0.039331,-0.114,-0.472,-1.4307,-0.76867,-0.926,-1.8127,-1.0627,0.86467,0.78867,0.522,0.89533,0.55133,-0.166,-0.262,-0.049333,0.162,0.17867,1.4907,3.4573,3.9007,4.4887,4.28,3.412,2.462,0.698,0.116,0.7,0.49,0.106,-0.67,-0.196,-0.364
4.2673,4.4427,5.6013,4.6133,4.89,5.68,4.644,3.7387,4.492,4.0613,5.508,6.44,5.8333,4.5773,2.8367,2.2413,1.568,2.8727,3.3207,2.814,1.2733,-1.6433,-2.2987,0.602,1.5993,-0.56333,-1.1493,0.44867,1.298,1.1207,-0.25867,-2.1453,-2.0693,0.030003,0.84667,3.42,3.834,3.744,4.2427,4.2387,5.2713,4.8593,4.3693,3.4393,2.0733,2.338,3.648,3.2913,2.9047,3.522,3.8087,3.7567,3.4587,2.6133,1.656,0.208,0.47133,-0.70666,0.89934,3.186,3.828,2.464,2.7213,2.032,1.38,1.5687,3.056,3.696,2.152,0.70667,1.4167,3.1847,3.532,2.8793,2.8533,3.308,2.7527,1.9093,1.0267,1.2067,2.7193,4.5033,4.108,3.6633,3.9313,4.1733,3.3927,3.8247,3.7147,3.306,4.3213,5.3027,4.326,3.954,3.6267,3.6,2.7993,1.9387,0.624,0.45933,-0.19333,-0.494,1.1073,3.4713,4.2787,4.706,3.5467,2.1287,0.064666,-1.15,-1.1673,-1.3293,-0.54733,-0.10866,-0.065332,-0.75867,-1.694,-0.16733,2.3367,1.2633,0.142,0.13267
5.936,5.5193,4.4667,4.418,5.6173,5.0807,3.4693,2.4647,0.414,1.576,2.4247,3.3633,3.8393,5.176,5.5993,4.5727,2.3613,0.32,0.1,-2.7267,-2.9447,-0.42066,1.8113,2.858,1.2487,1.2653,1.9873,1.4687,1.786,2.224,-0.478,-2.0327,-2.5007,-1.318,-1.0727,1.1573,3.8627,5.2847,4.428,3.528,3.2467,3.6207,3.72,5.5153,4.7573,2.444,-0.11133,-0.37467,-0.604,-0.642,-2.8113,-3.5907,-3.9893,-1.9673,-0.16667,-0.46866,1.334,3.7293,2.9,1.5047,2.4007,3.2293,3.6427,3.982,4.238,3.894,3.3247,3.6327,2.4047,3.0687,2.7673,2.772,2.7127,1.812,1.4467,1.3853,1.9593,1.722,1.868,2.8667,3.118,1.1793,1.1933,0.14867,0.12133,-1.1093,-1.2987,0.027335,2.486,3.69,3.2953,2.0133,1.2153,1.0067,0.46133,0.49267,0.49267,-0.064665,-0.27066,-0.81866,-1.044,-0.53533,0.392,0.112,-0.63133,0.32134,0.19733,0.39,0.072669,0.82067,1.956,2.6613,1.95,0.95067,0.656,-0.48133,0.017335,0.0026672,0.42067,0.26534,0.069335,0.080002
3.1053,2.0033,0.796,1.7653,1.8207,3.4907,4.2727,6.9813,7.4887,5.174,3.2953,4.3667,3.5867,1.8767,3.568,6.1813,6.2913,4.754,2.6793,2.8073,4.7213,4.5507,4.0927,3.2127,5.9947,7.0813,6.3473,4.8493,3.8307,4.07,3.6407,3.9493,1.928,0.944,0.80067,0.10667,-0.73,-1.9293,0.144,0.46333,-1.8147,-4.6127,-2.9273,-0.10067,2.5267,1.7587,2.5513,3.642,3.9513,3.8473,2.106,1.822,1.9413,4.458,5.4833,4.5027,5.724,4.9047,3.276,2.7627,3.8433,5.7513,5.8353,4.6087,3.99,4.1993,3.256,0.48533,-2.428,-3.412,0.53,2.3893,1.3333,-0.30933,-1.622,-2.2573,-0.82666,1.576,3.5353,5.118,5.1907,5.472,4.93,3.82,1.562,0.74733,0.592,1.04,1.658,1.982,1.024,1.6647,2.076,1.6007,1.2873,1.2133,1.056,1.1333,-0.36533,-2.9667,-4.376,-3.7187,-1.4967,-1.4193,0.95067,2.4987,1.9973,0.80733,-0.93933,-1.9327,-2.9193,-0.60266,2.1367,2.7513,2.6073,2.7813,2.6767,1.9733,1.718,1.282,0.90067,0.67
1.9587,2.9673,4.2213,3.3013,1.6747,1.0013,0.91534,3.668,3.388,3.6587,3.9327,3.3647,4.75,6.2947,6.03,4.5073,4.472,5.4493,6.87,7.702,6.3687,6.3393,5.162,3.84,2.058,-0.37467,-2.742,0.308,3.9113,4.3413,2.4453,1.4207,1.684,1.52,0.98067,0.68667,0.696,2.8613,2.8227,3.5507,4.578,4.7327,4.4293,5.1,4.1733,3.3487,2.9493,3.512,6.2393,6.674,4.236,3.8367,3.1253,2.284,2.5313,3.2867,2.154,0.41533,0.12667,0.28467,0.726,3.0147,3.874,3.1213,0.452,-1.47,0.31867,2.664,3.006,3.1727,1.868,1.172,1.7673,2.0627,1.5747,2.196,1.6473,0.242,1.398,1.644,2.0007,2.0073,2.2547,2.4867,1.8393,0.55467,0.33733,-0.58667,-1.2567,-0.906,1.8407,2.716,3.2953,3.5207,3.1547,0.60867,-1.7533,-1.89,0.22467,0.91267,1.1773,1.3053,2.06,1.7287,1.1373,0.366,2.4693,3.0467,3.4013,3.552,2.2393,1.5967,1.4093,0.95067,0.65467,1.1353,1.9267,1.2007,0.49467,2.1793,1.6073,0.536
3.428,3.7687,4.604,4.7493,4.0533,4.1487,4.6147,3.4113,1.776,1.5707,3.202,3.324,4.2453,5.1147,3.7993,3.314,3.1307,3.2687,2.6407,2.566,3.282,3.3573,2.3847,1.976,1.682,1.7133,2.396,4.282,3.2393,3.5753,3.0093,1.3593,1.426,1.494,1.568,1.928,2.368,2.8253,3.9647,2.72,1.9853,0.452,0.258,2.306,2.7513,2.836,3.1787,2.9887,2.1613,1.19,1.0753,1.682,2.5707,0.404,0.050001,1.626,3.208,3.314,3.8073,3.3227,2.6887,2.3527,3.19,3.362,2.0087,1.2693,0.366,-1.6827,-1.562,-0.055998,0.60734,1.1053,0.30533,2.5687,4.3193,3.3427,3.258,3.192,2.6327,2.7807,3.51,3.4407,3.164,2.3893,2.9053,2.4853,0.89267,0.994,1.7053,1.7607,1.526,0.89667,1.0973,1.6407,2.1853,2.388,2.3693,2.6913,2.1133,1.7433,0.288,1.3973,1.7353,1.4647,1.704,0.91733,0.20533,-0.73133,-0.86933,0.576,0.40734,1.0027,1.666,1.7987,0.43133,0.68933,2.1867,2.494,2.38,-0.202,-0.726,-1.0967
3.9553,4.7107,4.7507,4.5567,4.414,3.8433,4.4973,4.8473,4.9973,5.0433,4.6507,4.5527,4.7127,4.8507,5.4327,4.4247,3.9567,4.1367,3.4333,4.6333,3.78,3.7293,4.1893,4.6533,4.31,5.0133,4.846,5.4713,4.2773,4.774,4.1713,2.42,0.816,0.78333,3.482,5.4,6.7407,6.6853,5.1027,4.722,4.2367,2.9733,1.2507,-0.27867,-2.3767,-0.316,1.9433,1.76,0.348,-2.3493,-1.2387,1.9453,3.33,3.6127,3.1433,0.95267,-0.632,-0.24067,0.24333,1.516,3.1987,4.1353,4.4627,3.2353,3.3433,3.8273,3.9373,3.3987,3.3653,2.8427,1.8453,1.3467,1.1773,2.3287,3.1287,2.46,1.3847,-0.362,0.58533,0.57467,0.148,-0.30933,-0.862,-1.1273,-1.5573,-1.2393,0.216,2.2013,2.996,2.534,2.1087,1.8487,0.41867,-0.19666,0.41667,0.86333,2.282,3.204,2.4273,2.652,3.252,3.6913,2.9393,2.3847,2.2047,2.3653,2.746,2.4833,1.4967,0.69734,0.28667,-0.592,-0.44533,-0.622,1.3233,1.9367,2.2307,2.0973,1.3767,1.6127,1.8073,1.9847
3.1587,1.4673,0.4,-0.486,1.056,2.534,4.296,5.7053,5.3753,4.9727,5.7173,5.266,4.7973,2.9567,1.4067,1.7227,2.6933,2.3113,0.592,-0.26667,0.83334,2.0347,1.9987,2.5227,3.05,4.29,4.4487,4.2473,3.978,4.226,4.4053,4.942,5.1233,4.6247,2.9053,1.4413,0.978,1.828,2.1953,2.6127,3.228,4.2173,2.3073,2.0593,1.8853,1.708,0.72,-0.784,-2.6327,-2.1933,-0.176,0.13333,0.508,1.5673,2.1407,2.224,2.8013,2.438,1.374,1.6907,1.0993,0.926,1.648,1.9773,2.5447,2.362,1.76,1.3627,1.1033,1.9167,2.5933,3.268,3.4927,3.244,2.4973,0.80867,0.86867,0.67267,0.94267,1.184,1.4293,2.1573,3.9193,4.5367,4.4093,4.5707,4.0787,3.308,2.92,2.5667,2.0313,1.3493,1.8993,0.712,0.756,-1.312,-2.5873,-2.6233,0.478,3.4173,3.6707,3.8567,2.6647,2.4967,2.3867,2.7533,3.076,2.3013,2.6993,1.5707,1.688,1.828,2.0773,0.996,0.074669,-0.224,-0.312,-0.59533,-1.1733,-0.57733,-0.69333,-0.61866
5.6887,6.6827,5.8573,6.1067,6.2153,6.816,5.0507,3.7533,3.9353,1.5493,3.2087,3.788,5.0747,4.768,1.9733,1.8627,2.2047,1.6787,2.226,2.8693,3.2073,1.336,0.46,0.097334,0.11667,1.3133,0.266,-0.912,-1.092,0.612,0.34133,-1.1707,-2.416,-0.89,0.132,1.8747,5.286,7.026,6.2187,4.9293,3.2927,2.6847,2.7493,2.8933,2.35,3.1253,2.516,-0.0079976,-3.68,-3.0187,0.96933,3.16,0.898,0.60867,0.39467,0.78734,-0.49066,-2.67,-2.48,0.44667,2.0093,0.48733,0.71467,0.64933,1.902,2.718,4.088,4.21,3.6107,3.0967,2.3287,1.7513,1.4107,1.8193,2.4953,2.9653,3.1593,2.5507,2.712,1.7633,0.60667,0.566,2.056,1.6493,1.8973,2.6407,3.2253,2.3607,1.7653,1.3093,0.74333,0.77267,0.954,1.846,1.9073,1.4807,0.754,1.3267,1.51,2.7733,3.846,3.694,2.6167,1.912,1.698,1.948,2.306,1.8533,2.702,3.0113,2.6367,2.5393,2.3807,2.0727,1.9407,0.91334,0.13667,0.0026672,1.0213,1.5633,2.7,3.02
1.8953,1.492,1.278,1.0247,0.33934,1.3933,1.978,2.1953,2.4073,2.8627,1.29,0.91134,2.282,3.194,1.9467,3.8147,5.7413,6.544,5.6793,5.348,5.2213,4.7847,3.0247,2.328,1.342,1.126,2.4653,1.9487,2.59,1.3847,0.63067,1.0307,0.67867,-0.728,0.12734,1.9653,2.704,2.816,2.2213,2.842,2.474,2.91,2.518,2.1553,1.776,2.5793,0.79933,-0.926,-1.386,0.081336,1.91,2.9813,2.2047,1.444,1.9987,1.168,1.7147,0.96067,-0.25533,-1.1593,0.15533,1.6987,3.1287,1.9993,-0.47867,-2.7353,-2.9333,-0.43866,2.3853,3.8967,3.8473,2.8067,2.2433,2.306,1.0633,0.35733,1.1767,1.3607,1.594,2.3007,2.9307,2.848,3.3227,3.162,3.8353,3.9827,4.46,4.7973,4.65,3.4487,2.7973,2.9453,3.5127,4.114,3.5333,3.018,3.7567,3.1173,3.0193,2.102,2.5727,2.8713,1.8033,2.2627,0.906,0.70867,0.42534,0.59733,0.55133,0.384,0.754,1.19,1.2547,1.1467,1.8847,1.936,2.68,3.2793,2.1067,1.9587,0.54667,-0.48533
3.5327,2.7053,1.1333,1.15,1.6093,1.8167,3.0527,3.9507,5.4253,5.5167,4.2253,3.1067,3.2567,3.152,3.886,3.79,4.36,2.938,3.1233,5.1853,4.224,3.006,2.472,2.9727,2.126,1.7147,1.4533,0.48267,1.518,1.944,0.66334,0.588,0.99867,1.9147,2.4373,1.7327,2.542,2.8827,3.0793,3.2527,2.1393,1.1833,-0.24666,-1.5953,-0.33933,2.5547,3.3773,3.7107,3.7013,0.39333,-2.3547,-1.548,0.67467,1.0627,1.5533,2.99,3.5027,2.7733,2.9893,2.556,3.2173,2.5527,2.476,0.958,1.8787,2.8027,2.504,3.4387,3.1687,3.1733,2.3153,2.8107,2.7947,2.4107,1.4807,0.66933,2.0207,3.5453,3.666,3.5287,3.6227,2.762,2.2333,0.87933,0.976,1.4327,2.2013,3.242,3.2793,2.0973,1.4307,1.1613,1.9773,2.6873,1.4707,1.014,1.482,-0.30466,-2.4307,-2.6267,-3.0767,-1.8527,0.84334,1.8713,3.3453,2.5793,1.386,1.9067,1.7693,0.612,0.23733,-1.2887,-1.7147,-0.156,2.3173,3.234,3.8653,3.4847,2.6487,2.4373,2.916,3.356
1.482,2.7887,2.906,2.2507,1.7587,0.472,1.5,1.686,0.082,-0.61867,-2.388,-1.1447,-1.548,-1.6633,-1.578,-0.89,1.0887,2.5593,4.322,4.9067,5.0567,4.5907,3.182,2.16,0.88067,1.2693,1.4993,2.24,0.78533,0.40067,0.16467,0.48734,2.094,3.45,4.758,3.2473,1.3013,-0.468,0.96534,2.736,3.4953,5.042,4.7133,5.836,6.28,4.4287,3.2227,3.3807,3.6633,3.604,2.628,3.632,3.7993,3.9527,4.9013,3.5973,0.91067,0.432,1.4387,3.1573,2.1487,1.884,1.0807,0.33267,-0.21466,1.1607,1.962,1.2353,1.2373,0.792,0.51467,1.5647,1.7793,0.27667,-0.484,1.1347,1.6733,-0.75867,-3.782,-5.762,-4.4387,-0.37333,0.11467,1.6913,4.1027,2.722,2.554,1.4107,-0.12267,1.1833,1.8907,2.3,1.722,1.6573,0.49933,0.1,-1.0293,-2.6747,-0.59733,1.692,2.2393,2.076,2.168,2.6947,2.8887,3.6907,3.54,3.1787,3.1433,3.896,2.8413,0.90533,-1.526,-3.3947,-2.192,0.21267,2.1027,2.5353,2.7873,2.9753,1.7727,1.4633
0.35,2.22,2.5753,1.7567,2.3953,3.6567,3.7087,3.9433,5.0627,7.1327,7.1393,6.574,3.5327,3.0487,3.2887,2.4433,2.3307,2.06,2.6987,3.3073,0.938,-0.73466,-2.064,-1.0413,-0.074665,1.52,2.552,3.4533,3.548,3.7433,2.352,2.708,2.6987,2.5573,1.9367,1.7913,2.1913,3.0227,5.1353,5.278,3.0407,2.21,2.1333,-0.072664,0.22467,-0.532,1.0427,1.2367,1.4353,1.7393,2.842,3.1587,2.5153,1.792,3.4333,3.138,1.496,-0.069333,-0.40866,1.7013,3.63,4.0773,3.6633,2.71,2.6953,3.816,4.2547,4.2353,2.8693,2.668,2.714,3.3067,1.312,2.068,2.4867,2.846,3.6213,3.8353,3.9573,3.6053,2.7333,1.294,0.10067,-0.462,-0.19467,-0.428,-0.822,-1.3033,-1.4107,-1.9347,-2.1,-2.2367,-0.18666,1.7907,1.9653,0.99867,0.83267,1.3407,2.2127,2.7887,3.1427,3.8133,3.9793,4.5993,4.0507,2.6493,2.9313,2.1153,2.198,1.6493,1.0213,0.17533,-1.4007,-1.418,-0.21333,0.064668,-1.1327,-2.3793,-2.1007,-1.1367,0.23,1.316
3.494,4.702,3.3053,3.524,4.0687,3.72,4.7153,4.3427,2.2527,2.488,3.0087,3.6347,5.2007,5.0307,5.7367,5.734,5.962,4.9313,5.176,4.2993,2.4467,0.516,0.256,0.23733,0.352,-0.27267,-2.2867,-0.378,-0.57333,-0.992,-3.2627,-1.3847,3.62,4.476,3.026,-0.12867,0.0099996,-0.22267,0.994,2.6853,4.7187,5.0573,5.8967,4.7553,3.9267,3.6947,5.0007,3.934,4.0127,4.4773,5.5533,5.548,4.7173,6.0573,6.502,7.3593,6.8107,6.53,6.1453,4.748,3.9913,3.6087,3.2227,2.0353,2.296,2.3507,1.984,2.0167,1.5413,2.56,2.59,2.904,3.3393,2.2827,1.2227,1.168,0.80067,0.232,-1.0353,-1.1193,0.488,1.7233,1.2527,1.1527,1.7833,2.0707,2.7633,2.4707,2.0647,1.0227,0.522,0.35733,0.80133,3.888,3.9513,4.0927,2.9467,2.0293,0.652,0.51067,-0.294,-1.6847,-3.3513,-2.0593,-0.57933,1.9587,2.4493,2.9747,2.8753,2.53,1.896,2.0033,0.64667,0.836,0.34867,-0.722,0.418,1.7773,0.87067,1.124,0.99,0.45867
0.29867,-0.64133,0.274,2.4267,3.8347,4.452,4.738,2.0333,2.318,0.84,-0.56,1.1067,5.35,6.942,7.4187,5.468,4.6173,3.8073,2.432,2.298,2.8393,3.3553,4.2307,3.5833,2.714,2.8207,1.8727,2.19,1.574,2.0133,0.81333,-0.70333,-0.156,-0.31533,-2.5027,-2.8447,-2.556,-3.2793,-2.11,-0.7,2.1767,2.3253,2.1047,1.78,0.78467,1.146,2.1847,1.9467,2.7247,1.9813,0.51467,2.6073,4.5787,4.6607,4.4647,3.4853,3.226,4.4027,3.5967,2.9747,2.434,2.194,0.75067,0.732,1.2787,-0.60933,-1.0993,-0.17133,0.06467,-0.65267,0.69134,2.5533,1.208,0.63334,0.17533,-0.21,0.41467,2.228,2.2853,2.2187,1.478,1.1407,-0.069333,-0.8,0.54267,1.482,0.29134,0.82267,1.0793,0.964,-0.15933,0.288,1.6467,0.40533,1.5607,0.77467,0.60267,0.414,0.70667,0.88934,1.916,2.0793,1.5587,2.2387,2.2973,2.234,2.7133,2.7373,1.4573,1.7453,1.524,-0.55333,-1.5433,-1.2587,-1.3767,-1.8633,-1.3953,-0.306,0.644,1.3873,1.04,0.37067
5.478,4.9747,3.828,5.0387,6.1413,5.0787,3.0547,2.1713,2.286,1.9113,2.7573,2.8507,3.824,4.2307,3.15,1.7407,0.70333,3.2353,4.414,4.6933,4.9247,4.3727,3.3467,3.5687,1.8867,0.59333,-1.0747,-0.96933,0.17333,1.3673,2.99,3.3807,1.3,0.75867,1.222,2.1347,1.894,1.5887,1.844,0.882,0.095336,0.652,1.9573,2.102,1.306,1.9387,2.9453,3.568,3.3147,2.9447,1.6753,1.0493,1.04,1.232,1.9307,1.8107,2.9173,2.1513,1.9547,-0.29467,-0.64466,-0.78067,-0.412,0.20933,1.5713,3.122,3.316,2.5427,1.686,1.6567,1.3647,1.4493,1.958,3.4207,2.61,2.5327,2.418,1.7887,1.2327,0.41734,0.916,2.706,2.7147,3.5847,3.5747,3.7147,3.5653,3.868,3.7773,3.942,4.5633,4.7,4.242,3.6493,3.372,3.1693,2.7607,3.2073,3.372,2.6367,2.3473,1.6133,2.1107,1.6693,2.1433,2.056,1.1753,0.364,-0.029998,-0.49,-0.51267,-0.91066,-0.69533,-0.028001,-0.488,-1.6547,-1.57,-0.65933,0.071335,-0.66933,-0.098665,2.2947
3.0487,2.352,2.3467,3.166,4.5333,5.8713,5.314,4.9893,4.3567,3.7,3.534,3.8707,4.036,3.462,3.3453,3.336,2.7407,1.3873,-1.354,-1.3207,-0.62666,-1.3267,-1.3267,1.0633,1.456,-0.264,0.49733,1.238,2.0053,3.3447,3.286,3.018,1.7793,1.5687,2.3553,3.6787,3.9747,2.0727,1.1207,0.49333,-0.041999,0.278,-0.13733,0.51733,1.26,2.6273,3.604,2.58,1.836,1.358,0.44733,0.436,1.03,2.1073,3.9353,5.5767,5.3713,3.7873,3.2733,1.5247,0.55333,0.36267,1.2607,0.5,1.6733,0.27933,-0.99467,0.18333,1.1313,-0.27267,-0.83267,-0.646,-1.3727,-2.1233,-2.0973,-0.12,1.5667,1.3453,2.1293,2.0507,2.6087,3.0993,2.722,3.3927,3.47,2.4993,1.4373,-0.604,-3.298,-2.168,-0.82133,0.022668,0.024668,-1.1433,-1.1673,-0.92466,0.83,3.2147,3.3307,0.37133,-0.82533,-1.4407,-1.3227,-0.546,0.027337,0.50934,1.5653,1.58,2.3247,2.9313,1.9007,1.6327,0.292,0.374,1.91,0.32667,-0.31067,-1.3173,-1.352,-1.6687,-2.222,-2.2893
3.6627,4.242,3.0567,2.422,0.68067,-1.482,-1.0387,0.696,3.7427,5.7333,6.11,6.8693,4.8327,2.7973,1.9593,2.16,2.8067,3.078,3.404,2.8067,2.3847,2.6253,2.336,1.494,0.46867,0.23133,1.0887,3.3107,4.9947,5.2193,5.2,4.0113,3.1887,2.2807,1.7333,2.922,4.1187,3.9753,3.732,2.6007,1.4053,1.07,0.48067,0.174,1.3107,-0.112,-0.70066,0.30867,1.6067,1.2827,-1.4753,-3.086,-1.4393,2.458,3.2327,2.302,2.3967,2.974,1.016,-0.97,-1.498,-0.768,-0.23133,-0.504,-0.39867,0.382,3.316,4.114,3.534,3.6733,4.56,3.174,2.9253,1.2527,1.548,0.902,0.6,2.066,3.1527,1.9193,1.394,2.5153,1.6773,0.738,0.41867,-1.1293,-2.3253,-2.864,-1.9833,-2.446,-2.7067,-2.326,-1.9487,-3.0133,-2.964,-2.612,-2.426,0.37934,2.2927,3.6067,3.4627,2.6473,1.7313,0.578,1.4987,3.708,4.442,3.96,3.024,2.462,2.5327,2.1653,2.786,3.2987,3.8067,4.2987,3.788,2.4633,0.96134,1.7093,0.84534,1.17
5.72,5.668,4.2327,3.5113,4.0207,2.4413,2.648,1.9227,1.032,-0.32666,-0.058666,1.7467,3.0887,1.006,-0.17133,-0.67267,-0.012665,-0.17667,-0.45667,-1.2973,-0.382,0.16534,0.706,-0.43667,-0.25933,1.55,1.9093,0.788,-0.228,0.96734,2.3767,2.2727,3.3747,3.0833,1.4853,1.394,0.49334,1.5827,2.5067,1.0933,0.44134,1.7267,3.0453,2.9807,1.7613,1.474,1.7433,0.448,-0.47666,-0.47333,-0.053998,1.11,1.4993,0.612,-0.46667,-0.095332,2.932,3.84,5.0407,3.1213,1.98,1.2253,3.0053,3.6513,2.7133,2.528,2.2347,-1.2693,-2.946,-1.2467,1.128,2.6953,4.022,3.9307,2.71,3.7793,4.6973,5.4207,4.5047,3.7713,3.918,2.528,0.71267,-0.682,0.056002,0.876,-0.28533,0.93,2.2413,1.8333,0.882,-0.031999,-1.9527,-3.0993,-3.3527,-2.1613,1.426,3.272,2.86,3.3007,3.286,2.48,1.216,-0.28866,-1.1553,-0.093998,2.5633,2.784,3.4813,4.294,3.184,3.1693,3.4933,2.6933,1.6993,0.29467,0.33133,-0.24333,-0.60933,-1.2273,-1.5173,-1.8633
4.414,4.1353,5.7253,6.136,4.2133,3.2953,2.9807,3.6833,2.3333,0.182,1.0727,1.0067,-0.306,0.35667,-0.88533,-2.1647,-1.3647,-0.57733,0.94467,1.3527,1.1933,2.7953,2.6753,3.8247,5.628,4.7267,2.6007,2.6667,3.2473,1.8753,-0.24066,0.21933,1.5087,2.6393,1.3007,-0.63733,-0.39,-0.20866,-1.6653,-2.2733,-2.0487,-1.6113,-1.9213,-0.51666,3.468,4.5067,3.5653,3.2627,4.2707,3.8007,2.2913,1.5613,1.2847,-0.059332,-1.4847,0.856,3.6207,3.9413,2.9253,3.4027,3.1827,3.552,2.6413,3.0453,3.2667,2.78,3.6533,3.9853,2.5973,2.5027,2.3193,2.4727,3.4373,3.3167,3.4847,0.73267,-3.0333,-0.21333,2.35,2.3687,0.39467,-0.196,0.104,1.1753,0.68,0.81267,0.184,0.0080007,-1.264,-2.39,-0.35933,2.0433,3.6387,3.28,3.38,4.186,4.4013,4.8647,3.796,3.498,3.0307,3.0047,2.1127,3.04,3.8827,2.3527,0.31133,-0.214,-0.39333,0.46934,0.414,-0.71467,-0.62267,-0.071331,0.61933,1.5113,1.564,0.414,-0.402,-0.23067,-0.62066,0.41734
0.90334,1.95,2.1,3.3053,2.9973,1.442,1.3127,2.86,3.8,3.608,3.0333,0.87,0.87,0.96,0.67333,-0.11667,0.38533,0.96733,2.1847,3.1,2.688,3.204,3.63,1.4467,-1.4987,-1.6327,0.552,3.7847,6.0433,6.182,6.6387,6.3007,5.5993,4.8373,3.9967,3.7933,3.1067,0.38734,-0.954,1.4347,2.5773,2.8047,2.214,3.1893,2.176,2.1947,2.994,3.454,3.7567,2.5207,2.106,2.1493,2.116,1.6187,1.818,2.8473,3.8733,2.27,0.272,-0.98466,-0.99,-1.306,-1.0607,-1.1053,-0.958,-0.59067,0.854,2.1073,0.36267,-1.922,-1.2947,0.023337,2.3627,4.3787,4.3867,4.618,4.5633,4.4513,4.306,5.2807,5.5033,5.1487,4.6507,3.8407,4.2667,4.3233,3.7827,2.0813,1.0953,1.5047,1.4167,3.0633,3.082,2.7707,3.4193,4.0033,3.732,2.5807,2.5713,1.98,1.758,2.098,2.4327,2.0727,1.1007,0.934,0.26467,0.063335,-0.412,-1.2427,-1.502,-1.4727,-1.0147,-1.112,-0.218,-0.66133,-1.1687,-1.4767,-0.15333,0.86667,0.87733,1.0813
0.53933,-0.36933,-0.56933,0.72067,1.0773,0.53067,0.11667,0.964,2.0173,1.8433,1.348,0.074002,-0.24733,0.87267,1.47,1.44,1.0293,2.142,0.64467,-0.92933,-2.0813,-2.314,-3.2013,-0.049333,0.96,1.3713,1.0653,0.778,0.70067,0.038002,-0.77267,-2.262,-2.3487,1.162,2.3807,2.2247,2.3513,2.336,1.8187,1.9707,2.096,1.7747,2.942,3.238,3.416,2.586,2.8173,3.9527,4.7273,4.1213,3.1007,1.6073,0.24867,0.63133,0.013333,-0.44133,0.35734,1.062,1.1133,0.37667,1.7973,2.2867,0.516,-1.5767,-0.52733,0.904,2.6873,3.4773,3.426,2.0587,2.0733,1.6767,2.2727,1.916,1.0713,0.84933,1.266,1.462,1.274,1.29,0.14267,0.328,0.25333,0.75,2.138,3.14,2.6113,3.3787,1.7053,0.346,0.56134,1.0573,1.3007,0.35533,0.90934,1.0667,1.6407,0.89933,2.3653,2.2533,2.5533,2.7907,2.1493,2.9913,3.162,2.5753,2.1113,0.70067,-0.45,-0.26266,-0.040666,1.458,1.1053,1.3527,0.574,0.248,1.51,2.506,3.7787,2.6167,1.9713,1.5127
3.072,2.7493,2.5907,1.6353,1.9733,3.3127,4.5667,2.9693,2.98,2.6547,3.488,3.978,4.0673,3.1587,2.2447,1.8207,0.89,0.34,1.5307,2.8467,2.3787,1.8287,1.5453,0.096,0.25934,0.26067,0.162,2.496,4.212,3.8653,4.524,4.5047,4.2247,4.0133,2.3733,1.382,0.84734,-1.278,-1.4207,-1.7527,-0.87467,0.84733,1.564,2.6587,2.832,3.1347,3.452,3.302,3.0053,1.034,0.068002,0.24467,-1.2653,-2.1727,-1.1993,2.154,2.424,1.218,2.0153,4.2047,2.496,1.3613,0.84134,0.536,0.22,-0.26133,0.394,0.70334,-0.97,-2.5347,-0.71067,1.574,3.6187,3.3067,1.9887,-0.65733,-1.3487,-0.39666,2.1707,2.4447,2.918,3.702,2.832,3.3207,3.9467,4.0187,4.0107,3.238,2.512,2.2073,2.12,2.4333,2.562,2.166,1.714,1.6967,1.9407,1.6893,1.114,1.3433,0.97467,0.87933,0.89933,0.672,0.374,0.52867,0.021335,-1.5007,-1.6727,-1.902,-2.58,-2.8013,-3.024,-2.7267,-1.95,-1.2273,-1.854,-2.972,-2.2473,-0.71333,1.7433,2.6333
2.61,1.9653,0.88133,0.33733,-0.055331,0.86334,2.4727,4.436,3.2627,3.94,2.5507,2.2873,3.848,3.1893,2.944,2.8407,3.576,3.2287,2.1233,1.8053,1.6907,0.782,0.966,2.6273,3.604,4.4213,4.3973,4.6753,5.056,4.5713,5.2493,5.1213,4.3307,4.1393,4.3693,3.446,3.6547,3.4527,2.5513,2.2447,1.2667,1.0693,0.278,-0.087333,0.49133,0.45933,1.5107,0.88467,-0.68667,-2.2093,-1.38,0.782,0.84067,1.5307,3.3073,4.2993,3.972,1.8267,1.9967,2.3413,2.0407,1.132,1.0087,1.55,2.3127,2.898,3.6173,1.8053,1.2567,0.74134,1.4693,1.13,0.14134,-1.5013,-1.7547,0.45533,0.47067,0.53667,0.40667,1.676,1.504,1.1567,1.4073,1.7453,2.5,3.074,3.732,2.9767,3.0767,2.5493,1.96,1.7013,1.524,2.586,2.2213,3.4527,3.5253,2.1153,1.6933,1.622,0.70733,-0.064665,0.70133,2.746,3.282,3.6733,3.8487,3.2853,2.6327,1.6747,1.3653,1.7387,1.8513,2.0533,0.59667,-0.29266,-0.046665,0.040001,0.80667,1.4533,2.808,1.6707
2.994,3.2773,3.4587,4.2207,4.2987,4.6807,4.0713,2.8507,2.0707,2.168,0.906,-0.60866,-0.976,-0.034663,1.3373,2.6533,3.5527,1.4307,1.4833,2.346,3.0307,1.6933,1.4187,0.292,-1.038,-1.684,-1.7147,-0.544,-0.614,-0.16467,2.1273,2.8133,3.346,3.6273,2.9913,2.2633,3.2787,2.706,1.754,-0.452,-1.148,-0.96333,-1.7027,-0.75,0.36934,0.936,0.562,1.04,0.508,-0.53533,-2.1507,-2.0287,0.112,0.68867,0.71267,1.0133,1.944,2.4273,1.7127,1.3393,2.1953,1.212,0.14067,0.21267,2.4093,3.442,0.88934,-3.4473,-4.1647,-2.2967,0.041335,0.027336,0.33133,0.046667,-0.0053294,-0.15267,-0.73067,-0.77266,-1.676,-1.468,0.17467,2.3753,3.0953,3.44,3.7953,3.1493,3.4213,2.6173,1.6533,0.091335,-0.091998,-0.17267,-1.354,-1.8947,-0.55867,0.76067,1.6573,2.2373,1.218,0.896,1.5713,1.484,1.692,1.02,2.348,1.7627,1.2467,0.96734,0.65333,0.42667,0.63934,0.59267,1.3807,0.14333,-1.3993,-2.7933,-1.576,-0.73,-0.858,-0.96467,-1.1667,-1.1713
3.6687,2.776,0.55934,0.54133,3.5407,3.7307,2.3107,0.37933,-0.23933,2.364,1.0527,0.338,0.80667,0.666,1.5927,2.6587,4.0567,3.9147,5.5467,5.4033,5.5707,4.4107,4.7453,5.7107,6.128,4.8493,4.6133,3.44,1.9933,0.492,-0.86866,-1.146,0.534,0.69133,-0.17933,0.708,2.5173,2.81,4.0053,3.3213,2.258,1.5753,1.7533,2.4353,2.3727,0.778,-1.6427,-3.2247,-2.4967,1.6467,3.226,4.0927,3.886,3.25,3.408,3.6833,4.2807,3.47,3.028,2.374,1.0387,0.046001,-0.61733,-0.99933,-0.21466,1.87,2.5567,2.6833,2.0193,1.3607,-0.222,-0.16066,1.5653,2.2253,2.5533,1.8513,1.2933,0.816,0.638,1.3273,2.33,2.6813,3.5267,2.546,3.3493,3.5107,4.0273,2.1953,2.1427,3.168,3.5413,3.044,1.8987,1.4833,1.9413,1.858,2.3813,3.8853,3.7747,2.9053,2.1327,-0.572,-2.8667,-4.236,-1.1807,1.31,2.3553,3.168,4.2047,3.296,1.9173,0.92667,1.042,1.022,0.53533,0.070669,0.0060028,0.142,0.83,0.16134,0.44533,-0.17533
4.8667,4.3567,4.2433,3.9087,3.1313,1.9853,4.3153,4.514,5.1687,5.1393,3.904,3.2313,3.2093,3.5873,4.704,4.9993,5.4753,6.7653,5.4667,5.01,4.894,4.544,3.086,0.538,0.71267,1.4847,3.7587,4.5853,3.6173,4.6593,3.9307,4.1107,2.952,2.4467,2.7147,2.8733,2.388,3.8067,3.266,2.6673,1.2547,0.61267,1.0107,2.14,2.1333,0.51067,-0.72266,0.040001,2.2627,2.0393,1.334,0.68734,1.728,1.6607,1.1573,1.1413,3.454,3.37,2.9213,0.568,-0.21666,-2.1547,-2.49,-0.51866,1.9773,2.9433,2.0807,1.762,1.3793,1.4747,0.58667,1.93,1.2593,2.316,1.6513,0.35534,1.1707,1.1633,2.284,3.234,3.2587,2.9353,3.766,3.896,3.506,3.5867,4.0407,3.8613,3.6953,1.774,2.1947,2.5667,2.3967,3.5173,4.43,4.768,3.5393,2.9987,3.632,2.9093,2.1113,1.336,0.59467,1.3273,1.032,1.224,1.4053,0.35334,0.792,1.362,1.1913,0.546,-1.208,-1.184,-0.83067,0.666,1.382,1.8833,1.3527,0.93,0.37,0.31
0.43,2.4387,4.1087,3.6673,3.7607,3.9513,3.3133,1.3147,2.142,4.528,4.6313,4.524,2.5693,1.8113,1.3147,0.078001,0.45867,1.0853,3.6013,2.3593,1.0613,0.70067,2.762,3.028,3.466,3.668,4.28,5.006,2.7973,2.9547,1.6693,2.668,3.8747,5.518,5.2433,2.6487,2.25,1.766,2.3873,4.1367,4.6113,2.9467,1.4527,0.31333,0.498,1.5587,1.0453,1.526,0.89,1.8907,1.3733,0.40334,0.916,0.55933,2.764,2.9167,2.5267,2.1893,3.144,2.7447,1.8307,1.614,3.1753,3.1147,2.0913,0.056669,-2.71,-4.4213,-4.3793,-3.1007,-1.2873,0.742,1.2787,1.4687,1.2367,1.9067,2.7667,4.19,2.866,1.5653,2.6073,2.7707,4.3487,4.1687,4.1273,3.9787,4.9147,3.846,2.7027,2.9433,3.604,2.9087,2.8467,4.1933,4.444,2.9647,1.982,2.8493,2.6787,2.424,1.7093,0.80067,0.30467,0.91267,1.3373,1.72,2.188,1.6827,1.6053,2.0573,1.9627,2.09,-0.49466,-0.67333,-1.15,-1.77,-0.96533,-1.7733,-1.1393,-1.6373,-0.578,0.071336
2.6307,1.8447,2.5513,2.3853,1.85,2.098,3.328,2.4893,1.366,1.5887,3.5353,4.816,4.912,4.268,3.3427,3.118,3.188,4.8247,4.4353,4.482,2.4787,2.2807,2.586,2.4873,2.6273,2.8153,2.192,2.412,3.1033,3.5427,2.5713,3.0733,3.4673,3.4007,3.1887,2.7993,2.542,2.6213,3.1627,3.1007,2.7607,1.948,1.3707,2.6207,3.6967,4.4607,4.7713,2.8987,2.4653,2.7373,3.9707,3.1593,3.082,3.9947,4.1673,2.8167,2.7073,3.1587,3.68,4.7393,5.604,4.656,3.5033,3.3087,1.6,0.814,-0.252,-0.782,-0.14733,0.578,2.2373,4.0253,2.696,0.31533,-1.1007,-1.848,-1.9153,-0.592,0.50934,1.5807,0.35867,0.59667,1.108,0.88533,0.76067,1.7753,1.9307,2.3333,2.6113,1.3553,2.062,2.2127,3.0513,3.1553,2.5253,2.0153,2.1987,2.3147,2.4307,2.2413,2.0967,2.1327,2.6873,1.9413,2.508,2.2413,0.974,0.21267,-0.063333,1.1953,1.5607,1.204,1.0007,0.83467,1.0227,1.5133,2.3227,3.1827,2.476,0.392,0.080671,-1.18
3.08,1.384,1.5607,2.3573,2.6813,1.154,0.38,-1.4093,-1.3627,-1.04,-1.022,0.15467,2.3107,1.5627,2.428,2.5167,2.352,1.2533,2.3667,2.2627,1.55,1.8807,2.6507,2.5513,3.1147,2.8907,3.5747,2.442,1.2053,2.2053,2.012,2.7373,1.9593,4.2727,4.2713,3.508,4.0307,3.2413,1.6287,1.2007,2.3273,1.7773,0.68134,-0.398,-0.81733,-1.59,-2.0213,-3.484,-2.3573,0.92333,0.17,-1.3193,0.538,2.5593,3.134,1.32,-0.24466,-0.13133,1.2773,2.038,3.0547,3.0147,1.708,-0.23133,-1.658,-0.512,1.2673,3.2387,3.2953,3.296,2.958,2.1727,2.2393,3.4587,3.4973,4.3947,3.1113,1.5793,-0.14533,-0.58067,-1.1947,0.44934,0.77333,0.64867,1.0653,2.1393,2.6727,2.9327,3.418,3.6167,2.0647,1.416,0.99867,0.28867,-0.47066,0.56867,2.7687,4.112,2.8413,2.3133,0.116,-0.20467,0.051335,0.96934,0.93734,1.528,1.112,-0.55,-3.4087,-4.3253,-4.0127,-3.4927,-3.1907,-2.978,-3.5873,-2.31,-1.2873,0.652,2.4667,2.13,0.84467,-1.1247
2.5547,3.9887,4.684,2.5927,2.4753,3.3087,3.2787,1.8627,1.8747,-0.288,0.21,1.058,2.2253,4.1413,4.2007,3.3473,3.2147,2.87,2.9153,1.538,1.798,0.79133,1.316,3.7187,3.1453,2.588,1.4627,0.078669,0.069335,1.7867,2.7073,2.7607,3.3993,3.0867,1.796,1.3993,1.4453,1.222,1.97,3.9667,4.2753,3.432,1.992,1.7993,1.6027,-0.27333,-1.4813,-0.236,2.47,2.7393,-0.14,-2.6513,-4.9447,-5.646,-2.2627,0.76334,2.806,4.248,4.5093,5.0787,4.78,5.1073,3.158,3.4247,2.4573,1.076,1.204,1.1087,1.3093,1.0227,1.6993,1.624,1.4667,1.1887,1.7087,0.83067,-0.099332,-1.9313,-2.0473,-1.248,0.23867,0.79333,1.048,-0.79666,-0.39133,-0.84733,-0.436,1.7853,2.364,1.7013,0.61,-0.684,0.92867,1.8407,2.8587,4.3547,4.354,3.5167,2.5187,2.4893,2.1313,2.0727,1.814,1.44,1.7153,1.5167,0.77533,0.518,1.114,1.4307,0.35067,-0.49733,0.52467,0.996,1.44,1.1327,0.902,-0.356,-0.12066,0.57,0.067333,0.021334
3.6047,4.6213,3.8033,3.2533,4.5687,4.2813,4.0293,3.3287,4.3047,3.8353,3.1393,2.5267,2.0773,2.0073,0.49533,0.898,1.2367,2.0493,2.2553,2.0153,3.266,3.502,5.424,5.058,3.348,2.4773,1.2,1.1753,1.976,2.092,2.7267,1.378,0.554,1.6147,1.1913,1.5427,2.256,3.798,4.2733,3.644,3.0647,3.79,5.2553,3.7433,1.2867,0.58867,1.8727,3.0607,2.812,3.1573,3.2353,2.6767,0.34067,-0.38467,2.1613,4.0227,3.994,3.6933,4.116,3.478,2.8587,2.3127,1.3153,0.086003,-0.404,0.716,0.85534,0.25667,-0.081331,-0.55867,-0.144,2.6473,3.4707,1.612,-0.0026652,-0.13066,-2.1893,-2.8453,-0.83133,-0.76667,-0.10933,1.204,-0.70667,-1.54,0.098667,2.7753,4.3733,2.178,0.506,-1.1507,-0.82133,-0.424,0.71867,2.5287,3.6853,2.0947,0.043333,-0.21333,0.274,2.5033,3.9527,4.2633,3.738,3.0493,0.99,0.638,0.762,1.5773,3.334,2.1753,0.78267,-0.11733,-1.414,-0.49933,0.021337,-0.98133,-1.462,-0.34133,1.2993,0.69267,0.374,-0.524
-1.416,-1.1547,-1.5353,-1.8207,-3.1227,-3.7567,-2.4993,-2.268,-2.4267,-2.1153,-0.334,1.4247,1.5753,1.54,3.0713,6.1327,4.5273,4.3907,2.1753,1.3547,1.7447,2.6327,4.2447,4.4647,4.5553,4.1047,2.6673,1.1247,1.5633,2.4787,3.1513,5.08,4.8213,4.866,4.002,3.176,3.398,1.456,0.77733,-0.204,-0.49666,-0.22266,0.44667,1.266,0.898,-0.046664,0.29,-0.59266,0.0073364,1.314,1.4287,2.8727,2.8967,0.89733,0.93133,0.244,1.8913,1.516,-0.72467,-1.1767,0.78133,2.5013,3.228,3.018,3.0507,3.5807,2.274,1.6987,1.8007,2.508,2.7293,3.0193,2.8613,2.4227,2.15,1.6053,1.686,1.5787,1.322,1.8813,1.328,0.86,0.822,1.0853,2.29,2.7667,3.9787,3.7027,1.9967,0.79667,0.44867,1.0167,1.3767,1.8313,3.1747,3.0273,3.1793,4.0713,3.8147,4.014,3.2187,2.5073,2.422,2.5533,1.744,1.2467,1.264,1.444,1.998,3.164,2.8153,1.64,0.061333,0.028001,0.14,0.86,2.446,2.606,2.944,2.3333,2.5867,1.5747
2.3547,2.094,1.5373,1.242,0.91667,2.8073,3.314,2.1407,1.0653,0.172,1.1307,2.4573,1.5733,1.6,1.72,0.88533,0.042001,-2.212,-3.59,-4.412,-2.23,-0.616,2.228,4.5993,5.9373,5.712,4.9333,3.3693,2.6853,2.8487,3.0393,3.2773,4.088,4.5073,4.7953,4.748,4.3453,4.0513,2.82,1.694,-0.063998,-0.31866,-0.79333,0.092,0.28267,0.39,-0.124,-1.314,-1.444,-0.556,0.554,0.38667,2.0853,3.2773,2.574,0.39934,-1.1967,-2.582,-1.2287,0.40133,2.0253,1.738,-1.026,-2.4853,-3.1033,-0.075331,2.638,2.6313,1.074,1.492,1.0073,-0.65466,-1.13,0.31667,0.63,0.74,-0.17933,0.09,0.67,2.2047,3.1213,1.9453,1.396,1.6053,2.7427,2.8147,2.472,2.2353,1.5247,0.31667,-0.80733,-0.93,-1.562,-1.9027,-2.1367,-0.28867,0.132,-0.79133,-1.2107,0.61067,1.1267,0.23,2.5693,3.1027,3.1673,2.732,3.292,3.2493,3.25,2.1527,1.8867,1.2893,2.074,2.2267,2.1587,1.084,1.0833,-0.49333,-0.39867,0.118,-0.27,0.020668
3.8753,3.0953,4.1127,3.5067,4.23,3.9807,2.9407,1.15,1.7487,2.97,3.674,3.5067,1.6413,-0.47733,-0.31667,-0.26466,0.21067,3.394,3.3713,2.4313,3.0567,2.6053,2.274,2.2627,0.87067,0.85933,0.872,1.7773,3.1067,4.4087,1.996,0.226,-2.082,-2.176,0.65667,4.048,3.332,-0.10733,-0.079331,0.66134,1.17,1.2573,1.0853,0.44267,-0.57467,-1.8913,-0.70533,1.124,4.298,5.4253,4.8133,4.5033,3.4127,4.1193,2.7327,1.3607,1.362,1.1807,0.796,1.6453,2.2773,1.632,0.14933,0.35267,1.194,1.268,2.2153,5.37,6.2367,5.8887,4.3607,3.8573,4.2773,3.486,3.0753,1.7567,1.0513,2.28,2.132,2.7633,3.0747,4.32,5.0327,4.6167,4.324,2.926,2.0527,1.6,2.024,2.2047,1.8393,0.14267,0.19,0.638,1.8727,1.312,1.588,1.3,0.85933,1.052,0.868,0.77133,2.3033,3.2493,1.3813,1.3553,1.0013,0.91667,1.128,1.122,1.286,0.076002,-1.152,-2.0347,-2.856,-2.988,-2.7333,-1.3407,-0.764,-0.33866,0.332,0.976
3.6333,3.5273,3.536,1.282,-1.0193,-0.428,2.0167,3.5713,2.6933,2.27,0.94933,0.798,0.83333,1.38,1.1327,1.342,2.7367,3.7033,2.9233,3.6513,3.9027,2.7207,0.864,1.4287,2.17,2.374,1.4447,0.61933,-0.49,-0.79466,0.822,0.562,-1.3927,-2.8327,0.23334,3.678,4.8867,3.6907,2.6867,1.9527,2.1533,-0.132,-1.2247,-2.148,-0.62467,0.85067,1.5333,2.3047,1.4467,0.86933,0.364,1.1153,2.1027,2.148,3.2453,3.4353,2.2413,2.7167,3.812,2.5073,1.3267,-0.118,0.32733,1.354,2.0313,3.2553,3.278,4.1027,3.5933,3.1107,1.5293,1.6067,0.25333,1.4813,3.466,4.104,2.6093,1.3187,0.38133,-1.186,-0.31666,1.3447,0.96134,0.56534,2.1307,1.8107,-0.24867,-1.2053,0.19667,0.25133,-0.83067,-2.4233,-3.0793,-2.718,-2.3573,-0.668,-0.71,-0.162,-0.956,0.424,1.6353,2.2667,2.8033,3.4127,2.7687,2.078,0.83,0.97,2.1,3.7333,4.204,3.4267,2.546,1.4847,1.5693,1.4747,1.704,2.2893,1.6433,1.1053,0.32733,-0.09733
2.9793,3.5007,1.38,2.0953,2.6847,3.7647,3.238,4.282,4.442,4.328,4.9047,3.4413,1.8587,2.3953,3.3627,5.0047,4.9793,3.1727,4.1173,2.0927,1.5247,1.5653,1.2487,1.8247,1.7387,1.1167,0.85734,0.128,1.2493,2.2693,3.8147,4.2333,3.9773,3.18,2.952,2.4633,2.2513,0.78067,1.5573,1.0473,-0.52667,0.091333,0.956,0.9,0.88067,2.094,1.7487,0.26333,-2.1393,-2.1773,-1.2213,1.23,1.1333,-0.966,1.6273,3.822,2.4393,0.99333,0.36067,1.236,1.5573,1.3967,1.916,1.2313,1.4187,2.8893,3.6367,3.858,2.9513,1.696,0.32933,1.8233,5.7487,5.334,4.264,3.8833,2.6467,1.338,1.4393,2.714,2.422,1.9453,1.5707,1.164,0.49,0.10933,1.0607,0.474,0.37867,0.20133,-0.87533,-1.2333,-1.5053,-2.598,-0.374,2.544,3.5787,2.5547,2.552,2.1813,1.2013,0.916,-0.68067,-0.57533,-0.45333,-0.29467,0.11,0.15467,-0.53266,-0.34267,1.0607,2.6753,3.314,4.0493,2.7947,1.734,0.39734,0.28867,0.58133,1.2373,1.2847,0.64733
2.924,3.018,2.334,2.158,1.98,2.8647,1.7733,-0.0020009,-1.6733,-0.86333,-0.21,-0.67,-1.5107,-1.912,-2.6087,-3.2547,-3.262,-2.952,-1.5147,1.484,3.7767,3.9547,3.3153,4.1707,3.774,2.758,3.5053,4.9267,3.922,4.244,4.3513,3.58,3.0927,3.0373,3.0347,1.8973,0.792,-0.81133,0.58,2.0487,2.8267,2.814,2.4893,0.46134,-1.464,-1.3153,-0.244,0.792,0.83134,1.3813,1.0573,0.62267,1.0333,1.8647,2.2447,1.7187,0.29267,1.6773,2.7533,3.804,3.9407,2.834,1.7853,2.0047,1.2927,1.222,2.0987,3.5793,4.1933,2.7987,1.5013,0.848,1.274,1.6113,0.786,0.18134,0.24,1.0493,2.0493,1.668,-0.024665,0.081335,0.598,1.9893,1.524,1.1547,0.048668,-1.6673,-1.9587,-0.41,0.66667,1.8693,2.1747,0.83133,1.0413,0.61267,-0.806,-0.582,-0.59533,-0.39333,-1.0353,-0.54933,0.23,-0.81733,0.036669,0.924,0.852,2.0027,2.922,3.6287,4.2613,2.8733,2.3867,2.416,1.6,1.2347,1.9073,2.398,0.964,0.494,0.081334,-0.021333
3.2147,3.0493,3.2793,3.08,4.122,5.2353,3.96,4.6887,4.6247,3.7147,2.7893,2.1427,0.27,0.88867,1.7567,3.8433,4.7173,3.532,1.3773,1.0693,2.968,2.474,2.006,1.238,1.6573,0.91534,1.766,2.8927,2.8447,2.7513,2.004,2.504,2.3847,3.07,2.55,1.6553,1.47,2.2567,3.658,3.6927,3.1453,3.614,3.452,3.3153,2.5033,2.5413,1.6847,0.44934,0.65734,1.4687,1.72,1.8113,1.7507,1.2507,0.59533,0.16867,1.14,2.3887,2.554,0.762,0.25867,1.364,4.4613,5.0793,4.91,4.32,2.0567,0.18467,1.7547,2.8113,3.23,2.3327,2.9393,3.652,3.6213,3.2847,3.5373,3.4407,2.234,0.74134,-0.376,-2.0733,-2.018,-2.6867,-0.94666,0.25,0.7,0.71134,0.69667,1.1507,1.8007,3.4127,2.9827,2.49,2.5093,2.7387,1.9567,1.548,0.474,-0.70133,-1.6293,-0.872,0.84867,1.0867,1.668,2.0513,2.0067,1.6213,1.5273,2.0313,2.2367,1.5367,0.36933,0.14267,0.53533,0.97334,1.956,2.62,2.716,1.99,2.358,2.516
4.7687,4.2547,4.2173,2.4393,2.2247,3.8267,4.8633,5.0593,4.2193,4.79,4.8313,3.4873,3.1787,-1.014,-4.0273,-1.5947,1.15,1.9107,2.104,3.4373,3.0693,2.7207,3.7907,2.036,2.0527,1.1687,-0.16533,-1.3467,-1.9307,-2.5427,-1.692,-1.9687,0.59533,2.1033,3.8327,4.1013,3.9473,2.596,1.4847,1.3693,2.4087,1.5853,1.8613,2.418,3.5053,3.2033,3.4907,2.7407,2.6153,3.0787,3.6513,4.3467,4.866,3.972,3.7967,3.3387,2.196,0.39067,-1.5973,-2.872,-2.0293,0.55934,1.47,2.8973,3.568,3.8073,2.0747,1.9233,0.77867,0.11667,-1.0187,-0.362,2.308,2.862,2.71,2.0447,2.6927,3.9807,2.55,1.3627,1.3787,0.90267,-0.326,-1.4333,-1.3953,-0.966,-1.0187,-0.58266,0.79867,3.314,3.102,3.4107,2.55,2.5173,1.3553,0.20733,0.91867,0.89667,0.15067,-2.026,-1.5867,-1.0967,-1.7213,-1.164,-1.4087,-1.6867,-1.8273,-2.6853,-2.0047,-1.7673,-0.54667,-0.914,-1.0127,-0.502,-0.098666,0.65267,-0.013999,-1.558,-1.192,-1.538,-1.652,-0.48933
4.0553,3.514,3.0667,1.7267,3.3553,3.418,2.5133,2.6107,3.14,1.7133,0.158,1.186,1.414,2.8393,2.948,1.7113,0.36134,-2.2973,-2.3107,0.060002,2.376,3.0833,3.6867,6.0273,7.11,4.6287,3.934,3.0893,4.4867,4.9393,6.5193,5.072,4.102,2.3793,1.3387,1.794,1.052,0.85134,3.196,5.7413,5.324,4.748,5.5693,4.662,1.804,-0.34867,-0.44133,-0.24333,0.83067,1.9687,2.57,2.6813,2.3833,3.2027,3.2933,3.4453,2.9527,2.3053,0.48667,0.40733,0.79467,2.3347,1.774,1.432,1.53,1.9493,2.6727,2.954,1.4873,0.614,1.1853,3.2053,3.9233,4.5373,4.45,3.956,2.678,1.7527,1.742,1.218,2.0473,3.0993,3.3367,3.4287,3.6313,3.1253,1.2987,2.1447,2.034,2.19,1.99,2.602,1.5193,1.9387,2.0727,1.0613,0.84334,1.5273,1.952,1.3973,0.562,-0.84067,-0.22266,0.49733,1.164,1.464,1.6693,2.1373,2.8027,2.4673,1.5667,1.4633,1.23,0.53734,-0.512,0.04067,1.39,0.308,-1.2747,-2.356,-2.7207,-1.0207
3.1207,2.24,1.304,-0.108,-2.1773,-4.0367,-2.982,-0.36666,0.70534,1.8127,2.7453,3.5433,3.5187,4.23,4.442,3.4353,3.0787,1.8347,0.13734,0.64267,1.9587,3.266,3.4107,4.2113,4.304,3.8927,2.9153,1.5293,-0.51266,-1.4293,-1.17,0.64467,0.71534,0.444,1.54,2.008,1.322,0.98934,1.7567,1.372,0.76534,-0.902,-0.91333,1.634,1.7007,2.1,1.766,2.176,1.8207,1.182,2.9407,2.8153,4.0627,4.0627,3.5647,3.1693,1.8667,1.234,1.0567,1.4447,2.6647,3.4033,4.2367,4.2973,3.672,3.8913,2.5947,1.85,1.9813,1.1313,-1.6867,-3.1607,-1.616,1.2747,2.2513,3.252,4.1847,3.2287,2.158,0.69934,1.514,0.22267,-1.3193,-1.706,-2.832,-3.7393,-2.582,-0.0013306,2.004,3.2873,4.3653,4.0293,3.4333,2.8107,1.9447,1.034,2.0567,1.2333,2.1153,2.7847,3.0507,3.782,3.2327,2.27,2.4013,1.612,1.06,1.3387,1.3273,1.88,1.2607,-0.80133,-1.7587,-1.6353,-0.462,-0.073998,0.38867,0.41667,0.588,-0.16533,-0.31133,-1.104
3.472,3.0387,2.5167,1.3693,2.194,2.0827,0.59533,1.08,0.87733,0.338,-0.46533,-0.42666,-0.242,-0.382,0.40134,1.8593,1.0913,1.67,2.8367,4.164,3.8793,3.216,1.4433,2.8607,2.8247,2.6133,3.564,2.97,1.8453,1.9213,1.9607,1.8473,1.294,1.056,1.596,1.882,1.232,-0.59267,-1.592,-0.66733,0.17467,2.0827,4.2293,5.256,5.0267,3.7387,3.06,2.5933,1.774,1.42,2.1887,0.858,-0.38067,0.742,1.6153,2.5333,2.7307,3.2487,3.8373,2.926,2.9593,3.7307,2.9947,-0.19867,-2.0253,-1.79,-1.6993,-1.106,-0.070664,-0.016665,-0.11866,-1.3853,0.44267,1.5833,0.69334,0.83,1.6207,3.042,3.3967,2.6127,1.724,1.5847,1.9307,1.6233,2.3033,2.5093,4.1873,4.2187,4.9373,3.7947,3.2247,2.4673,1.592,1.8507,2.6347,3.1913,3.2833,2.4427,1.4893,2.1607,2.794,2.808,2.138,2.0693,1.59,0.85934,0.92867,1.4613,1.5627,1.9167,2.496,0.57867,0.76534,0.44267,-0.194,-0.65467,-0.692,-0.074666,0.316,-1.1493,-2.3733,-3.542
0.94534,1.828,1.7467,1.5793,3.0653,3.5073,3.798,3.1053,2.1733,0.992,-0.077998,0.33867,1.856,2.4013,2.128,0.26733,1.868,3.1273,2.768,3.08,3.0113,3.0527,-0.158,0.14933,-1.8493,-3.1807,-2.3053,-0.252,1.664,2.7713,2.7593,3.1613,2.54,3.2067,2.9793,3.972,4.5727,4.4507,4.438,4.4927,3.9433,3.404,3.494,3.496,3.936,3.096,1.4,0.388,1.222,3.5253,4.5587,4.482,5.3147,5.4047,4.406,4.0893,3.4993,2.7727,2.6053,1.1087,0.51934,-0.138,0.602,0.23267,0.168,0.74,0.542,0.314,0.52267,1.0067,2.566,3.464,2.4753,2.1387,2.4767,2.1187,2.2667,2.1607,1.722,1.88,1.7753,1.364,-0.37266,-1.3853,-3.2967,-1.804,0.88934,2.2807,2.198,1.3267,0.10267,-0.30933,-0.99133,-1.2967,-0.54533,-0.34133,-0.22667,1.184,2.344,2.5393,2.818,1.7153,0.62934,0.604,1.5973,2.4753,2.5187,3.4213,3.126,1.3847,0.43,0.58667,0.788,0.486,1.2833,1.5107,1.336,1.5033,0.712,0.74133,0.49467,0.67334
2.54,2.1587,2.254,2.7773,3.054,4.5147,4.052,3.3227,3.8687,4.5367,4.594,4.2793,2.6787,1.9113,0.952,1.0173,-0.31467,-0.31,0.464,0.90134,0.97734,1.2133,0.984,0.15467,1.236,2.0407,2.194,3.0387,3.434,2.8527,1.046,-0.82866,-0.24133,-0.43933,-2.194,-2.0487,0.846,2.6713,2.2767,1.1433,1.5173,1.634,1.018,0.474,-0.51266,-1.4553,-1.3013,0.35067,2.054,1.686,1.8287,2.3787,1.284,1.2373,1.8027,0.32867,-1.628,-1.1907,2.8927,4.75,3.934,3.1227,2.546,2.5693,1.7993,1.138,0.56467,0.044672,0.71934,1.61,2.096,2.6573,2.4947,2.4133,2.5027,2.436,1.8793,3.1993,3.2507,2.804,1.8213,0.95867,0.16533,-1.3067,-1.398,0.62867,1.6107,2.082,1.7147,1.3553,1.3227,2.5653,3.0607,2.5947,2.2953,2.6133,1.8293,1.2547,2.3487,3.0073,2.4393,1.63,2.7393,2.3367,1.5773,1.442,1.6347,1.6587,1.7033,1.518,1.2393,0.206,0.25134,1.1807,0.41067,-0.19933,-0.538,-1.09,-0.95667,-0.84733,-0.48466,-0.13666
2.528,1.9647,3.1493,2.58,1.26,1.578,1.3973,0.89467,-0.014665,-0.66866,-1.6013,-2.13,-1.9787,-2.7393,-3.31,-1.196,0.75934,1.396,3.3793,4.2587,4.1873,5.3473,5.426,4.5447,3.456,3.2953,3.2407,2.586,3.208,2.97,2.6127,2.1593,0.88467,0.41534,0.17534,1.7993,2.5467,3.686,3.6527,3.994,3.396,2.8347,2.6973,2.006,1.112,0.776,1.3553,3.0467,3.6547,4.462,3.412,3.056,0.90467,0.64734,0.25667,0.28334,0.96933,0.79467,-0.38933,-0.14933,1.114,1.976,1.114,-0.38,-1.6053,-2.28,-0.61133,1.0053,1.5653,2.198,1.678,1.4693,0.67934,0.49067,0.964,0.79667,0.86934,1.1613,2.802,3.138,2.7173,1.4633,-0.025331,0.33334,1.342,2.326,4.0473,3.7767,3.142,2.8847,3.0087,3.448,2.782,2.518,2.7453,2.4453,1.454,0.738,1.596,3.2867,3.7027,1.5813,1.878,1.59,1.232,1.664,1.5353,1.0247,0.416,0.65,-0.13133,-0.834,-1.154,-1.1727,-0.31266,0.019333,-0.68066,-0.095331,0.28734,0.582,0.72534,0.24533
2.8713,3.302,3.5953,2.512,1.6227,1.0593,1.362,1.3587,1.4173,2.3533,4.128,3.62,2.6853,3.0373,3.4553,3.3487,3.0813,2.0213,1.5753,0.32534,0.031335,0.87134,1.7907,2.1013,1.8613,2.3313,1.1853,0.38934,-0.50067,-0.34867,0.622,1.218,2.276,1.508,0.124,0.43867,0.802,0.69334,0.96734,0.91534,0.668,1.1567,1.4133,1.482,0.59667,1.1387,1.8813,1.3367,2.9013,3.0233,2.498,2.8907,1.7753,2.0153,0.714,-0.48466,-0.872,0.214,0.98733,0.96533,0.14,-1.474,-0.298,0.98733,0.792,2.7467,4.076,3.2967,3.0653,3.4833,3.9847,3.734,2.6127,2.846,2.9787,1.8233,1.2553,2.092,3.0253,2.802,2.5427,2.692,2.6627,3.1893,3.6653,3.6713,2.7407,2.1913,1.886,2.466,3.17,2.972,1.3287,1.0053,-0.033996,-0.542,-0.11666,-0.544,-1.468,-1.9613,-2.164,-2.6793,-2.8927,-3.572,-3.6487,-2.9693,-1.0333,1.1707,1.3433,0.776,-1.184,-2.296,-2.7773,-2.5153,-0.78933,1.7227,2.982,3.1267,2.5827,2.2167,1.8973,2.0173
1.84,1.07,1.8293,2.3213,2.708,2.6667,3.5813,2.9733,3.2387,4.1127,4.572,4.5747,4.228,3.072,2.7693,3.22,2.8147,2.158,0.778,0.50467,-1.2053,-1.8947,-2.3427,-1.9373,-1.9993,-0.748,-0.952,0.75667,1.1487,1.1207,1.7713,0.836,-1.6953,-3.0647,-2.5647,2.3967,4.2907,5.03,4.3733,3.56,3.886,3.1073,3.348,3.2653,2.9993,1.7007,1.4347,1.4807,2.5747,2.074,0.002002,-1.8447,-1.1947,1.2173,1.74,1.8913,1.686,0.70934,-0.886,-1.5473,-0.73933,0.636,0.858,-0.66,-1.548,-2.2847,-1.6167,-0.88466,0.89267,1.3013,0.56067,-0.047996,-0.332,-0.20467,-0.13933,0.334,-1.2413,-1.9613,-1.1747,0.52667,1.2087,1.9987,1.5787,2.364,3.1627,3.5427,4.7927,3.538,2.774,1.896,0.26267,-0.552,0.766,1.786,2.028,0.081334,-1.2847,-1.9087,-0.32,1.5293,2.0167,1.402,1.922,1.986,0.972,-0.085331,-1.0527,-2.156,-0.83666,-0.45666,-0.073998,-0.035332,0.57934,0.854,1.5193,1.7753,2.0313,2.0567,1.8947,0.92067,0.025336,-1.108
1.48,2.76,2.9827,1.6193,2.982,3.3147,3.8607,3.776,4.2613,4.2893,3.9213,3.896,3.964,2.474,1.7,2.044,1.4507,2.1113,1.4947,-0.636,-3.316,-5.2793,-5.308,-2.6673,0.63667,2.162,2.5947,1.302,-1.056,-2.294,-2.314,-1.646,0.73133,2.0887,3.3033,3.1293,1.6653,-0.28,0.678,0.21534,1.6967,2.4087,2.6553,2.022,1.258,1.6167,1.6707,3.0687,3.4593,4.066,3.186,1.9907,1.104,0.85734,2.122,3.0747,2.6413,1.8347,0.75934,0.41667,1.4407,2.5173,1.4967,0.966,0.88467,0.28067,-0.25333,-1.9547,-1.9787,-0.63867,0.89134,2.9627,4.172,4.21,3.9833,4.3133,4.452,4.2833,3.3167,1.3113,-0.10066,-0.842,-0.043997,1.0133,0.92667,0.59334,0.38534,0.55534,-0.44666,-0.31333,-0.65467,-0.266,0.17134,-0.58533,0.38467,1.7233,1.8027,2.224,1.9373,1.6553,2.1753,2.3193,1.3727,2.1833,1.4053,1.1307,1.0413,0.40667,0.406,-0.298,-0.91266,-0.344,-1.2207,-1.7513,-1.52,-1.8887,-1.5207,-0.53,0.81667,0.33467,0.97067,1.348
1.4513,0.73533,0.044669,1.2273,3.2367,4.598,1.8593,-0.966,-0.94133,0.10867,0.96134,1.6993,2.7047,2.8593,2.7427,2.7133,3.7853,3.6113,4.1787,3.5067,3.486,3.0667,2.5773,2.4587,1.4313,1.822,2.65,1.9167,1.3747,1.4607,1.61,2.7687,2.8473,3.6393,2.9667,2.928,2.8353,1.9573,0.46734,0.67134,0.94533,2.5007,3.4693,3.3153,3.5947,2.8833,2.6,2.4393,2.6547,2.0247,2.272,2.954,3.1873,2.4947,2.506,1.7373,-0.17933,-2.0427,-2.4367,-0.946,-0.016666,-0.040665,-0.732,-0.564,-0.74733,0.36734,1.892,3.1833,1.9713,1.8893,-0.11867,-0.90733,-0.68533,-0.14133,0.96334,1.4027,1.0347,2.306,2.8867,3.4487,2.68,2.4367,1.954,1.1807,0.68067,0.684,1.2353,2.6507,2.9087,3.2533,2.124,1.42,1.442,1.204,1.6267,1.474,1.44,0.93067,0.16134,-0.734,-1.1053,-2.2027,-2.9533,-2.6473,-2.6367,-1.6287,-1.2953,-0.20333,-1.012,-1.2653,-1.4893,-0.28,1.5507,1.644,1.7667,2.2953,2.654,3.2073,2.8807,2.8767,2.0013,0.55667
2.2507,4.4267,4.6687,3.8473,2.4093,3.1027,3.6007,4.5627,2.7833,2.122,2.176,2.7647,2.082,2.6393,2.586,3.542,3.0127,2.174,1.8453,2.326,2.8987,3.002,2.7687,1.8433,1.154,0.84867,1.3147,1.328,2.6653,3.204,3.256,2.8493,1.386,0.59,0.33934,0.16134,0.378,0.33934,-0.24067,0.448,1.148,3.0127,2.088,1.07,-0.57267,-0.626,-0.82266,0.306,2.104,1.9913,0.198,-0.83266,0.15667,1.2527,2.3007,3.278,3.1147,2.7193,3.0493,3.474,3.7433,3.4313,2.846,3.0633,2.954,2.9667,3.116,2.4013,1.776,2.052,1.5767,0.124,0.90934,2.5627,2.3073,1.576,1.1233,1.8627,2.112,2.0273,2.0887,2.5593,2.332,1.8653,1.2993,-0.36866,0.045335,0.116,-1.0833,-1.6527,-1.0393,0.384,0.47734,0.097336,0.488,1.0347,1.178,1.1907,1.686,0.494,-0.57333,0.766,0.652,2.05,2.8413,2.64,2.2273,1.9433,2.0433,1.512,1.536,0.88667,0.56067,1.4007,1.7773,1.9053,1.8087,0.88734,1.3573,0.374,-0.838,-1.2913
3.9753,5.0593,5.164,4.5747,5.3167,4.0633,3.2073,3.5207,2.1433,-0.28266,-0.60666,-0.93466,-1.55,0.26267,1.2927,1.3813,0.83334,0.49933,1.022,1.856,3.1767,4.5,2.8067,2.196,1.412,1.566,1.678,2.4427,3.2313,2.4007,0.636,-0.638,-1.4273,-3.236,-1.062,-0.73067,-1.37,0.17934,2.1627,3.1833,3.1313,3.204,1.7133,1.3093,1.2393,-0.38067,-0.922,-0.055999,0.83667,-0.17266,-0.138,-0.546,0.62133,1.9867,0.424,-1.4273,-0.862,-0.84267,0.015334,-0.11867,-0.53733,-0.366,-1.266,-0.94,-0.50533,0.64667,-1.21,-1.8553,-0.146,1.082,1.3847,1.0667,-0.41667,0.15933,0.25067,-0.316,-0.043997,1.396,0.94534,1.2073,0.94867,1.9827,2.4213,2.8947,2.0093,0.41734,-0.82133,-0.93666,-0.23333,-0.39066,-1.2153,-1.4707,0.166,1.414,0.63,0.39667,0.99134,1.032,0.40733,-1.254,-1.6593,-0.58333,1.2047,1.324,1.024,1.468,0.57734,0.51667,-0.11666,-1.0287,-1.4167,-0.31533,1.3353,1.2687,1.308,1.644,0.90067,-0.136,0.52734,0.58,-0.099998,-0.08733
1.9873,0.82134,0.30934,0.76534,-0.006663,0.488,1.1247,1.924,1.684,2.608,3.0693,2.148,3.0413,3.0113,3.6913,3.266,2.3887,1.5487,1.5127,1.77,1.5907,1.452,1.5693,2.964,2.458,1.5707,2.532,1.6447,2.3447,4.0933,3.9873,3.6273,2.7827,2.3107,-0.023331,-1.304,-1.536,-1.0753,1.426,2.4293,2.414,1.48,-0.093997,-0.354,0.316,-0.394,-0.662,0.436,1.5827,2.7367,3.2593,2.0053,0.40734,-0.93533,-2.262,-1.8793,0.63067,0.64067,1.1247,1.2113,2.2207,2.0373,0.99,1.1167,0.92934,2.1847,1.9227,1.5567,0.15467,0.53533,0.64467,0.672,0.37867,-0.93067,0.276,1.11,1.454,1.9993,1.3833,0.36533,-0.72667,-0.96666,-0.70267,1.4607,0.096668,0.61267,0.14734,-0.73466,-1.6573,-2.858,-2.9807,-2.13,-1.7773,-2.046,-2.5213,-2.3,-1.1867,-0.298,1.7313,1.4653,0.99533,-0.015332,-0.216,-1.2627,0.20534,0.72134,0.75534,1.7113,2.9207,2.988,2.5787,2.524,2.0027,2.5133,1.6753,2.306,2.6107,2.7333,2.5713,2.854,2.2047,1.9273
3.7873,5.1527,4.4433,2.9313,3.0227,2.432,2.4187,2.7393,4.1807,4.2253,3.526,2.1727,1.9647,3.7307,4.4887,4.658,3.8307,3.2713,4.1953,5.03,4.7633,3.942,5.128,4.8933,5.218,6.3327,5.0773,4.812,4.008,3.4927,2.0213,0.39133,0.70734,1.046,2.294,2.8647,3.1753,2.0873,0.46733,0.27934,-0.30533,1.382,2.69,2.5027,2.6867,2.2473,2.7893,3.484,3.4293,0.88134,0.16533,1.0947,2.2133,3.13,2.3673,1.5993,1.6,1.6213,1.5027,1.4087,1.9913,2.87,3.462,2.7687,0.87133,1.346,0.18934,0.33933,1.2333,0.53867,0.708,-0.42333,-0.22933,0.30734,1.338,1.47,2.2593,2.5733,1.6253,0.095336,0.17,1.5973,1.3967,2.4033,2.9933,1.958,1.428,0.31934,-0.234,-1.5187,-1.6373,-0.96866,-0.20067,-0.20667,-1.236,-2.5147,-3.1927,-2.448,-1.8173,-1.434,-0.79866,-0.488,-0.095332,1.9327,2.7147,2.8973,2.1553,2.3507,1.05,0.35534,1.5507,1.27,1.472,2.3333,2.7993,3.0007,2.0627,1.5167,0.58067,1.292,0.58467,0.148
-0.30866,0.54267,0.924,1.8633,2.996,2.3513,1.7073,1.8233,2.8967,2.5813,0.23267,-1.226,-2.57,-2.4647,-2.9133,-1.3293,-0.093332,0.856,1.2473,2.5873,3.5367,3.478,2.5227,1.4753,0.928,2.71,3.7267,3.736,4.432,2.5867,2.502,1.2753,-0.364,-0.23267,-0.006665,0.24467,1.1,1.4133,2.8627,2.214,0.23867,-1.1873,-0.061996,1.9093,1.4807,0.082001,0.49467,1.732,1.33,0.392,1.3093,0.364,-1.4933,-1.1173,0.85334,1.578,1.41,2.366,3.0667,1.6087,0.502,-0.61667,-1.792,-0.38067,1.408,1.5487,0.83933,2.074,2.3747,2.588,1.472,0.818,0.40134,-0.158,0.093336,0.78934,1.8633,1.808,2.2353,2.2287,2.0807,1.5547,1.4087,0.73734,0.26733,1.8347,3.1273,2.926,2.1693,2.4793,2.428,2.136,2.1653,2.696,3.3313,3.2973,3.5493,3.0347,1.854,0.99267,0.996,1.03,0.50134,-0.10933,-0.318,0.44933,0.72867,0.022003,0.13734,-0.0099986,-0.646,-2.1807,-2.7327,-1.5167,-0.32466,-0.942,-0.84133,0.31867,1.6053,1.7593,0.09267,-1.2907
0.66667,1.1193,3.1473,3.3113,3.988,4.3253,4.1007,3.548,4.2767,4.3727,5.5853,5.086,6.284,5.408,3.9227,4.174,4.568,4.2487,3.748,5.3387,5.368,4.68,4.6827,4.5553,2.9407,2.9973,4.0027,3.84,5.362,5.086,2.8313,2.876,4.1853,3.9727,3.1093,3.2853,3.7967,5.0147,4.7407,3.5887,3.07,2.1373,1.4247,0.79267,-0.11666,-0.014,1.1407,1.8707,2.872,3.4893,2.5907,0.53867,-0.052664,0.56667,1.548,1.5333,0.86867,0.84667,-0.057998,-0.055331,-0.29133,0.75734,2.3613,3.246,2.82,2.008,2.2547,2.0273,2.1393,2.3587,2.5193,2.4673,3.9213,5.454,4.952,3.6487,2.732,3.3253,2.6473,2.7913,2.63,2.0873,2.3087,2.3073,2.5613,3.2207,2.6953,1.878,0.66067,-1.2233,-1.3813,-1.97,-2.8447,-2.0887,-0.43733,1.214,2.6227,1.4867,-0.084664,-0.14333,1.0973,1.8333,1.786,2.7127,2.716,1.8393,2.31,2.0073,3.0227,3.2807,3.234,2.7673,3.3447,3.3687,3.7013,2.9313,2.5693,2.1633,2.2327,2.118,2.2227,0.854
