4.2607,4.4273,3.6493,4.0753,5.8693,5.0673,3.874,4.5493,4.758,5.332,6.4887,7.7727,10.127,10.729,9.5673,8.982,8.3387,9.3673,8.9267,8.766,9.702,10.683,10.979,10.829,9.5667,9.18,8.4287,8.254,8.338,8.2033,7.7607,7.2267,8.148,9.112,9.4673,9.198,9.8587,9.6453,10.053,9.4707,7.798,7.0613,7.126,8.1387,7.1213,7.3367,7.714,8.2273,8.5747,9.4033,9.1367,8.3867,7.9307,7.74,8.104,9.162,9.2187,8.158,7.61,7.8607,6.1173,6.1967,5.646,5.3973,4.5887,4.886,6.2853,6.9727,7.5553,8.5253,8.608,10.641,10.265,9.5347,10.567,10.966,10.369,9.634,9.7373,9.682,9.4847,8.6853,9.376,8.4193,8.15,8.1433,8.23,8.5373,9.2273,8.76,7.814,7.0347,7.418,7.532,7.6167,7.9647,7.794,6.8687,4.6193,4.8253,5.032,4.92,4.7187,4.126,4.2753,4.48,4.74,4.9653,5.6527,4.936,4.6693,5.552,6.176,8.1813,9.2287,7.9867,6.9547,5.9107,6.516,6.4673,6.244,5.358
5.1847,5.8927,5.5913,5.4367,4.9733,6.1827,7.518,7.5073,8.198,7.6653,7.25,5.4227,4.5053,4.2333,4.5973,5.12,6.3587,7.312,7.3707,7.356,7.7213,7.47,7.912,8.15,7.4053,6.6253,6.398,5.86,4.5933,5.3833,5.7887,6.4467,6.7607,6.9493,6.3287,6.2587,6.308,6.6353,6.2653,5.7407,6.5767,7.5773,6.9647,7.7047,7.8487,7.1547,7.0067,5.972,5.6713,4.7327,5.0347,5.1107,6.844,8.5527,8.484,8.612,8.214,9.2307,10.123,10.639,10.382,9.7347,9.6007,9.0213,7.7247,7.066,6.7027,6.592,6.1813,6.362,6.528,6.6047,7.72,7.7613,7.7367,7.5847,8.4153,8.906,8.1693,6.628,6.606,6.0513,4.7213,4.3813,5.452,6.5653,6.0433,5.3033,5.3267,6.0553,6.4627,6.3207,4.4993,3.8273,5.136,5.1107,6.2327,6.2873,6.352,6.226,7.0773,7.0973,5.6533,5.8533,6.3753,6.602,6.0533,5.3133,5.5133,5.4267,6.214,7.1353,8.8553,8.4767,8.5133,7.8507,6.374,5.754,5.68,4.4107,3.7653,3.5693
7.392,7.0127,5.8273,4.6867,4.9247,5.4353,7.1347,6.1773,5.9213,6.2413,7.2747,7.2033,6.5687,7.13,7.3967,7.4687,7.144,7.1367,7.38,7.3933,7.8687,8.5927,7.4147,7.0887,7.41,6.7087,6.436,7.4867,6.9753,6.89,6.4587,5.6313,6.452,6.7407,7.53,7.174,6.1447,6.308,6.6593,6.86,6.3827,6.8973,7.59,7.1633,7.556,8.3213,7.7027,7.63,7.5313,8.484,8.596,8.5,8.834,8.9833,9.4847,10.964,10.219,8.1993,7.6993,6.856,6.296,6.3447,5.1247,6.3793,7.8447,8.244,7.9547,8.3947,7.4953,7.2567,7.8273,8.1007,8.292,8.206,7.5913,6.1613,6.252,6.2913,5.1207,4.72,4.4547,4.298,5.5633,4.7593,5.094,5.674,6.7553,7.2053,5.768,4.658,4.0133,3.9547,4.966,6.0747,6.806,6.9473,7.4873,8.5467,8.0847,8.0727,7.3473,7.7873,8.564,8.4333,9.244,8.9987,8.32,8.1153,7.3907,6.4793,5.966,5.0293,4.504,5.22,5.092,4.0967,3.3307,3.4887,4.394,4.4213,3.5347,2.542
6.5313,6.0153,5.5973,6.428,7.672,7.446,6.12,6.3527,5.9813,7.1513,6.4947,6.0053,6.7427,9.0787,9.4527,8.58,8.3187,7.8947,7.4907,5.8773,6.5113,7.864,8.4553,8.986,8.6587,8.36,7.638,7.622,8.216,8.5053,6.902,6.25,6.4327,5.7453,6.0673,5.7313,5.24,6.34,5.6287,4.6953,5.5,6.412,7.8353,7.6293,7.542,7.176,7.004,7.8613,8.6313,8.5473,9.736,10.558,10.837,11.279,10.961,9.9173,8.31,6.634,6.1327,7.3007,9.1827,8.3053,7.252,7.328,8.308,8.4673,9.3313,9.154,8.9887,8.4153,7.7327,7.3327,6.384,6.8993,6.5067,7.268,7.52,8.4627,7.9053,7.834,8.2493,7.6653,6.834,6.0853,5.5893,4.88,4.1873,4.826,5.3887,5.0913,4.64,5.1773,5.1327,4.8573,4.5467,5.3307,6.212,5.5053,5.3313,4.774,4.534,5.1707,5.332,4.4827,3.9807,3.1453,1.9427,2.9067,2.22,1.426,1.3007,0.95334,1.2473,0.86267,1.858,2.2867,2.886,3.0993,4.086,4.3227,5.0673,7.3673
3.9513,5.354,4.8273,4.4027,5.4873,4.758,4.388,4.1667,5.338,5.1833,5.5767,5.9133,6.8833,9.0127,8.0533,7.794,6.1653,5.4427,5.8253,6.918,6.9293,7.574,7.8727,9.1427,9.3527,9.68,9.2713,8.626,9.032,8.252,7.588,9.0613,9.2507,7.884,7.2,6.5867,6.546,7.1487,6.1513,6.198,6.1493,6.81,6.9067,8.044,7.7193,8.708,9.9687,10.561,9.936,9.9487,10.259,9.2513,8.562,9.808,9.9707,10.141,9.7987,9.2487,7.4967,7.3487,8.6207,9.222,9.9347,9.21,7.9553,7.736,9.2513,9.514,8.6347,8.4233,8.0467,7.1787,7.4613,9.424,9.3327,8.8367,9.0587,8.5767,7.8553,7.7347,7.0127,7.2367,7.4947,7.0233,6.6653,6.1913,5.7827,5.3373,4.1893,3.976,4.1013,4.838,5.3353,5.9333,6.0033,6.2753,6.56,6.536,5.8567,5.2567,5.3847,4.9207,4.2593,3.5133,2.7393,1.976,2.178,2.912,2.682,2.5807,2.8447,3.6927,4.1307,3.1513,2.2793,2.11,2.628,3.034,1.666,2.21,1.798,1.2927
5.594,6.0433,4.9427,3.904,4.12,4.364,6.7073,7.518,6.6553,6.018,3.9773,3.3113,4.6927,4.0967,4.3093,5.78,7.3767,8.508,8.5773,10.09,10.449,10.103,7.1767,4.4273,4.0487,4.2907,5.9647,6.3327,6.7073,7.356,8.148,8.3553,7.5307,8.5493,9.0693,9.034,8.9833,8.394,7.4747,6.0613,6.6127,6.032,5.5353,6.114,6.8727,6.602,6.31,6.4907,7.706,8.2813,7.9753,6.974,6.316,6.538,6.198,7.578,8.0933,8.0887,7.5467,8.696,7.8353,7.9273,8.2893,8.2967,8.2333,8.42,7.0067,5.5707,6.4547,7.5747,7.472,7.5953,9.0433,9.5367,9.862,9.8987,10.055,9.918,9.8613,8.5347,7.6713,8.0227,7.2047,6.9873,5.29,5.0273,5.0613,4.3153,5.1987,4.664,4.9307,5.8833,6.378,7.2767,7.236,7.572,7.0067,6.208,6.8113,6.414,6.5027,5.6693,4.9767,4.1927,3.5867,2.6847,2.4567,3.1953,2.1173,2.352,2.2813,1.9193,2.5293,2.7027,5.272,5.9293,6.1413,5.768,4.9113,3.5973,2.524,2.6
6.722,5.6167,6.5613,7.0487,8.4413,9.756,8.6253,8.8853,9.2393,8.8413,8.8227,8.41,7.9387,7.53,6.6307,5.6527,5.55,4.8647,6.1247,7.2047,7.2127,7.2987,7.996,7.712,7.4607,7.2487,7.4113,7.424,7.6807,7.6,9.084,9.6787,9.6493,9.7133,9.6033,10.927,11.351,9.6393,8.8407,7.9313,7.8273,7.056,7.4093,7.6753,8.472,8.6087,8.414,7.4647,6.6367,6.9693,7.1773,7.6687,6.9373,6.6853,8.152,8.142,5.81,4.676,4.7407,5.6007,6.7933,7.8167,8.2187,9.9527,10.007,10.904,11.661,11.614,9.508,8.718,8.3213,7.9133,6.3067,6.264,7.7773,8.724,9.3113,8.126,7.9547,7.1,5.7687,5.5993,5.6707,6.126,5.1413,4.6787,3.91,3.6507,5.018,6.008,6.59,7.842,8.7193,7.6607,7.834,7.742,7.5493,6.928,4.816,4.2173,4.492,4.498,3.3567,3.9013,5.182,6.7627,6.2973,6.2553,6.7967,6.7533,7.2233,6.64,6.7593,6.318,6.7353,7.408,7.9667,8.2607,6.552,6.7253,6.636,5.2553
6.222,6.36,6.4267,6.2367,5.3,5.8313,5.8707,6.254,6.6113,6.552,6.932,6.9513,7.3187,8.976,8.352,8.206,7.5127,7.5713,7.9627,6.8787,7.2193,8.6487,8.6533,8.1333,8.094,7.4607,8.956,9.304,8.4247,7.362,6.422,5.7193,6.042,6.8007,6.4667,6.6893,6.2033,6.806,7.1713,7.2087,8.0787,7.9407,7.5733,7.2287,6.3133,5.6353,6.476,7.578,8.5953,8.7533,7.3767,7.314,6.6593,6.0907,5.4107,7.4887,6.946,6.0773,4.9253,6.4,6.3853,7.1307,7.1793,7.542,7.446,6.7947,7.2693,6.5287,6.736,7.0653,8.1533,7.89,8.32,7.0693,5.658,5.766,6.3207,7.1067,7.454,6.5687,7.5873,7.4267,7.5067,6.7827,7.5667,8.206,8.3527,7.8933,6.8973,6.626,6.498,6.238,5.3353,5.4487,5.5073,4.9567,6.5293,7.288,7.0593,7.0553,6.4927,5.2007,4.6393,4.732,3.218,3.3593,1.7427,2.118,2.3127,1.8147,0.37334,1.576,2.73,3.5647,3.0733,1.6433,1.158,3.496,5.392,5.7347,6.47,7.0833
6.4747,6.6093,7.5473,7.526,8.5207,8.8073,9.2927,8.4547,6.9547,5.908,5.352,4.22,4.982,6.5253,6.6867,8.228,8.48,8.4013,7.5887,6.6433,6.136,6.3373,8.3807,9.4607,10.69,8.884,8.5133,8.4607,8.3153,9.266,9.208,8.5467,9.708,11.083,10.913,9.392,8.3033,8.1007,7.9667,8.008,8.1013,7.39,7.5927,7.4493,7.4273,8.1527,8.4393,9.6693,9.6393,9.4947,8.8,8.62,7.9007,6.0753,6.0253,7.2927,8.3307,8.3473,8.4513,8.886,8.9793,9.664,10.825,11.872,10.816,10.401,9.636,8.5187,7.914,8.9167,7.852,7.214,7.6753,8.26,8.8713,8.3393,7.6213,7.6653,6.6193,6.648,6.0367,5.7007,4.76,4.162,3.8573,3.3513,4.6807,5.284,5.258,4.664,6.3167,8.1807,8.1607,8.83,8.376,7.8833,7.4613,7.25,6.9327,7.574,7.3753,6.018,4.6687,4.7327,4.384,4.9353,5.174,4.9387,4.9547,4.4933,5.3007,6.6613,6.1973,6.704,6.5527,6.4853,6.4407,7.5027,8.3827,7.6853,6.8667,5.55
6.68,5.3667,4.758,4.9513,4.5307,6.2353,5.778,6.0373,5.3387,4.8493,5.6007,5.7287,7.4147,7.0927,7.7967,6.218,6.208,7.3353,7.8327,6.346,7.0307,8.7047,9.8693,9.4647,9.4767,9.3227,9.604,9.648,8.2153,8.18,8.9487,9.92,8.5047,9.1213,9.758,9.8973,10.035,9.8367,10.57,9.4827,8.5747,9.0713,11.14,11.699,10.867,9.5427,9.2727,10.85,11.095,10.018,9.274,8.85,6.558,5.9853,4.226,3.9593,6.368,6.7813,6.9047,7.3067,8.0313,9.084,8.6313,8.0393,8.3553,7.6207,7.0453,7.5867,8.9007,8.396,6.4873,4.858,5.4407,5.4347,5.53,6.8947,6.1427,6.884,7.2847,8.214,9.9193,10.389,11.523,10.307,9.8087,9.342,8.4767,8.716,8.088,7.174,6.2367,6.5087,7.238,7.708,6.3647,4.1253,5.066,5.6113,5.2773,5.52,5.31,6.9087,7.4553,8.5373,7.8407,6.862,5.0407,3.2753,3.248,4.716,4.2887,4.2873,3.8093,4.742,5.218,4.4867,3.8527,3.2053,3.3587,3.1827,3.3813,3.366
4.492,5.4353,5.0933,5.846,5.188,4.9087,4.3333,4.522,5.6047,4.8233,4.718,5.0647,3.8553,4.5873,5.5327,6.0393,7.11,8.334,10.625,10.553,9.402,8.9847,9.8793,10.359,10.736,11.195,9.2753,10.208,11.493,11.233,11.602,11.243,10.158,8.654,8.6867,8.9173,8.2447,9.5693,10.011,11.002,9.2533,8.04,7.5293,9.1727,9.024,9.2333,8.41,8.8967,9.3607,10.004,9.232,9.9467,10.117,8.5673,7.472,8.6207,8.14,8.048,8.768,9.002,8.8167,8.3567,7.616,6.3487,5.9927,7.0927,7.938,8.3113,6.4453,7.2227,8.1507,8.426,8.4013,7.1933,7.6433,8.0927,8.4327,7.7387,7.3933,7.156,6.5327,7.3227,9.2827,9.606,9.0467,8.2913,8.2187,7.3467,8.1987,8.2693,8.224,8.4673,8.858,7.7727,5.866,5.5547,5.2927,5.9347,6.8267,9.084,10.213,9.006,8.5567,8.8433,8.2707,7.1107,5.8653,5.19,4.1367,4.3853,3.5887,3.3113,3.2053,4.18,3.9967,3.9647,4.728,5.5073,4.678,5.6007,6.3747,5.6187
6.9453,7.0733,6.7873,7.022,7.9787,8.0827,8.038,7.8153,7.45,9.094,8.0207,6.4373,5.424,5.7333,5.7873,5.068,4.7487,5.9373,5.7593,5.9087,6.6433,8.0093,8.9993,9.88,10.763,9.2293,9.0993,10.246,10.384,10.843,11.167,11.04,11.375,10.793,11.665,11.777,11.341,9.9147,10.591,10.575,9.7187,10.217,10.481,10.565,10.387,10.083,9.65,10.255,10.989,10.743,11.969,12.022,11.387,10.655,9.6367,8.4107,8.8447,8.4887,7.8973,7.3633,7.5747,8.0027,8.6713,8.428,10.383,10.31,9.0393,9.7173,9.3247,9.2533,8.8093,8.8953,8.3053,7.7013,6.4387,4.9307,4.7147,5.9613,7.6333,8.4773,8.996,8.8787,8.7553,8.5507,8.3187,7.7433,7.386,7.016,7.4387,7.7227,7.2447,7.9947,7.484,7.928,7.6693,8.2993,7.8633,7.0793,5.782,5.228,5.3873,6.664,7.8633,7.4913,7.0613,7.198,6.6613,4.312,3.2127,4.178,4.7233,5.0173,4.1753,4.7,3.924,5.0807,5.904,6.94,8.3133,8.2453,6.8327,6.5493
7.0087,5.5013,5.6313,6.564,6.7193,6.7573,7.368,7.5887,7.2347,6.086,7.282,9.0787,8.7047,8.6913,8.7907,8.1447,7.428,6.0533,6.7293,7.2767,8.0333,7.5853,9.5107,7.5173,7.2027,8.93,8.6327,9.3387,8.7967,9.698,10.396,12.192,11.429,10.958,8.61,7.744,8.6087,8.0933,7.2807,5.7953,6.1173,7.164,7.5393,8.3373,7.5313,6.0207,6.222,6.332,6.5573,7.5833,8.728,9.5293,9.484,10.945,10.554,10.159,10.651,11.257,11.794,11.771,10.649,10.018,11.023,10.713,11.078,9.782,9.6907,9.1073,10.248,9.944,9.922,9.6267,9.5093,8.8647,8.126,9.0053,9.6947,9.6273,9.7727,9.6873,8.1773,8.226,7.9967,7.2267,6.4153,6.4647,6.2933,4.97,5.112,5.3853,5.112,4.726,4.91,4.9727,5.1687,5.5773,6.0493,7.1333,7.8607,7.8527,7.0113,7.2067,6.4413,5.2353,4.7473,5.5353,5.67,5.526,5.8253,6.204,6.9747,8.016,7.9573,7.536,7.118,7.718,8.1927,8.8433,8.9007,7.862,7.0613,6.0413
5.0593,4.776,3.786,4.3667,5.37,7.238,9.2327,8.1713,7.6687,6.6807,7.2687,8.3607,8.356,7.06,6.2067,6.85,6.936,6.2253,6.34,7.2887,7.9567,7.6333,8.0653,8.2953,8.9553,9.4247,9.638,9.2327,10.616,10.529,11.599,12.325,11.992,12.533,11.659,9.3953,8.8527,8.0707,9.496,8.988,7.7627,7.88,7.5107,7.6087,8.922,9.242,9.4953,10.088,9.9787,9.8753,9.402,9.33,8.5253,6.706,9.314,9.6027,8.8407,8.4833,9.3333,7.184,5.802,7.1807,8.1707,8.3233,8.1247,8.722,9.6547,8.798,8.3153,8.604,7.8947,9.736,9.782,10.178,10.305,9.594,9.194,9.8693,9.6113,9.678,11.561,11.298,10.388,10.192,9.8847,10.265,10.585,9.2293,7.064,7.4993,6.2233,6.1453,6.576,6.338,6.912,6.1327,5.7173,6.8167,7.0827,7.936,7.5493,8.9373,8.74,7.1893,7.3887,8.5553,10.067,9.4047,7.3187,7.064,6.4733,5.716,7.68,7.096,6.462,7.028,6.9567,8.024,8.0993,7.5627,7.2773,7.332
5.2173,6.1187,6.488,6.7987,6.0787,5.222,5.4427,6.2707,6.716,7.038,6.7487,6.9753,8.1713,7.7593,6.3967,5.3787,6.202,7.7073,6.9107,6.6127,5.1973,4.8007,5.4673,5.0707,5.2687,7.022,6.4213,6.5813,5.8373,5.7227,6.044,7.658,7.9433,9.8107,9.6387,9.93,11.245,12.425,11.157,11.241,12.721,13.304,12.693,10.66,9.7087,8.73,8.2527,7.374,7.6107,9.1907,10.454,9.6693,8.832,8.286,7.4433,9.6713,9.5127,8.5913,7.7433,6.4627,7.038,9.0493,10.349,9.466,9.4407,8.66,9.3647,9.9107,10.066,8.686,9.842,9.174,8.4087,8.658,10.365,9.5773,8.4453,7.7913,6.828,5.606,3.9653,2.83,3.5607,3.6967,4.1227,6.4067,7.2327,7.8733,6.4947,5.394,5.8853,5.5593,5.448,6.026,7.268,6.7007,8.016,8.7087,7.9173,7.284,8.8673,9.4673,7.03,6.534,5.3107,5.146,6.6253,6.5867,8.2827,7.8907,8.558,8.228,7.4233,5.9233,5.654,4.7053,4.2693,3.198,2.8433,2.946,3.1807,3.6827
5.702,5.2087,6.8813,7.8853,9.0507,9.3367,9.402,9.762,9.022,8.4047,6.8653,4.7273,4.7667,5.98,7.806,8.0587,8.1167,7.6633,7.2453,6.7873,6.2027,4.6727,6.0287,6.6573,5.8787,7.38,9.036,7.878,7.2927,7.73,8.9073,9.114,9.7653,12.229,11.361,11.181,10.049,10.666,9.5013,9.0587,8.7867,7.388,6.46,5.688,5.0853,4.9093,6.172,5.2093,5.746,7.1007,7.6187,6.7353,5.948,6.4707,7.512,8.184,9.102,8.7673,7.458,7.7953,7.1473,7.0367,7.4107,7.7793,7.7927,7.2993,8.5447,8.568,7.5747,7.1213,7.4153,7.8207,6.716,7.1473,7.6207,8.6647,8.6787,8.2293,7.126,6.3867,6.67,6.3733,6.7307,6.9853,6.7967,6.8453,8.1787,8.8493,7.166,7.272,6.8853,6.736,6.5007,6.7967,6.1447,5.8687,6.3267,6.754,8.088,7.836,7.9593,7.9353,8.4093,8.68,8.2167,7.5687,4.4767,3.04,2.796,3.204,2.208,1.52,1.81,2.4207,1.9307,2.7087,3.5927,4.3513,3.274,2.58,2.9267,2.4053
4.612,5.206,4.792,5.0773,6.5147,6.2313,6.6073,6.3773,6.456,7.8767,7.9467,6.964,6.2053,6.758,7.2973,7.304,8.274,7.5247,6.594,6.2687,7.6947,8.2153,8.8067,7.5433,7.2193,7.7647,8.382,7.6227,8.342,9.026,8.7927,10.463,10.888,10.986,11.382,8.2447,6.816,7.208,7.8813,9.7533,8.4993,9.1207,7.818,6.746,6.1367,7.7273,6.9967,7.0573,7.52,7.1313,7.704,7.0787,6.8433,7.096,6.028,4.6033,5.4307,4.7087,5.5473,6.0767,7.202,8.0113,7.7593,8.5433,8.8827,10.584,11.705,13.699,13.377,12.426,10.781,10.445,9.8833,7.69,3.9293,4.1287,4.924,6.7507,6.616,5.766,5.5593,5.596,5.9553,7.376,7.1593,6.2633,6.9587,6.5,7.31,7.0733,5.7347,6.278,6.744,7.052,5.274,3.718,2.1233,3.81,3.73,4.2447,5.284,4.8673,4.092,4.8593,4.772,5.8733,6.778,8.4,7.7913,7.1427,7.24,7.4633,7.5707,8.2087,7.2107,6.156,5.8127,4.6707,3.3153,3.944,6.0047,7.5353
5.5307,5.3133,5.6133,5.054,5.0427,5.7927,5.9013,5.0327,5.9173,6.0513,6.5887,7.2613,7.664,8.544,9.7853,9.814,10.243,9.762,8.6693,8.74,9.0573,9.7827,9.8293,8.444,7.456,7.246,6.1307,6.9947,7.21,8.0047,8.384,8.0533,9.0347,8.2893,7.414,7.1973,7.2627,6.8353,7.646,7.6373,7.1073,7.908,8.478,10.127,11.055,10.805,9.0293,9.0533,9.3773,10.205,9.772,7.4427,6.6993,6.784,7.352,8.632,8.6867,8.4907,7.3853,7.5473,8.4187,8.8133,8.2187,7.6247,7.082,6.506,5.8233,5.8673,6.3073,6.3953,6.6767,6.5633,5.7447,5.9887,7.182,7.4567,7.2533,6.3933,6.072,6.232,7.1613,7.4047,7.8367,7.038,7.4127,7.0267,6.6493,5.3987,6.0287,6.182,6.1553,6.2633,7.028,7.0787,6.906,5.8493,6.2527,6.95,6.43,5.7167,4.2993,3.982,4.8293,5.4133,3.444,2.778,3.486,4.31,4.782,5.236,5.298,5.2353,5.696,5.136,5.274,2.7793,2.5393,2.424,2.9287,3.324,2.4013,1.2453
4.9527,6.896,6.9713,7.0967,6.8187,5.1513,4.4827,5.3413,5.9087,5.9687,5.0573,4.4673,5.566,5.716,5.502,5.918,6.916,8.3307,8.512,8.716,8.594,8.0407,7.1807,6.4173,6.5973,6.8987,7.7213,9.2973,10.074,9.182,9.0867,7.6453,7.1153,7.3947,7.4127,5.898,4.676,3.7953,4.1707,5.3953,7.344,8.5567,8.6607,7.7993,7.6773,8.2887,8.608,9.0487,9.444,9.068,7.028,7.578,8.1673,7.7367,8.7147,8.2653,9.196,9.594,9.7093,10.497,10.297,9.4927,7.418,7.6053,7.4253,7.4953,8.182,9.5087,8.6807,8.146,7.66,7.288,6.0353,6.266,6.494,6.4347,5.222,4.6347,5.4707,6.548,7.5393,6.7987,6.2867,6.574,5.7193,5.2347,3.3393,3.7747,4.2247,5.232,4.48,4.6913,5.182,5.388,6.5753,7.474,8.0347,7.8267,6.6633,4.978,4.7087,4.528,4.5253,5.0893,3.7613,2.08,1.2087,1.686,2.7393,3.09,1.7227,1.8347,1.912,2.6907,1.7573,1.3327,1.8273,1.0867,0.362,0.15333,2.4713,4.244
3.4267,3.8287,4.844,5.0347,4.8887,5.264,4.7387,4.6573,5.2733,6.2147,5.368,5.2473,6.5713,6.0227,4.4427,5.8007,5.66,6.446,4.7133,5.702,7.6207,7.9667,9.338,8.8,8.9087,8.24,9.4113,9.816,11.085,10.88,10.743,11.527,11.299,10.348,9.3513,7.2553,6.9173,7.9787,9.0707,10.247,10.665,10.397,8.77,7.9507,7.7307,7.7367,7.172,5.948,8.21,8.922,6.2967,6.5093,8.2533,8.5053,9.5207,9.4713,10.403,9.504,8.758,9.3913,9.046,9.452,9.348,9.202,8.916,9.3267,8.2313,8.762,8.68,8.2333,8.2467,8.3573,8.9133,8.154,7.2787,6.752,7.026,7.7633,8.6907,9.072,8.6993,7.67,8.6,8.8047,7.828,6.968,7.08,7.126,6.8307,7.3007,7.1567,6.7153,6.312,6.176,6.644,5.8133,5.7767,6.02,4.9473,4.2393,3.5173,4.0433,4.506,4.63,2.538,3.7413,5.3533,4.7747,4.544,4.4473,4.012,3.4513,4.0713,5.0653,4.9773,4.5047,4.7847,5.1093,4.17,4.3287,4.3367,4.394
3.5067,4.9433,6.996,6.506,6.2373,5.1253,5.0013,5.2467,5,6.8807,7.5153,7.1847,8.162,8.7967,7.4693,5.6433,5.5413,5.944,5.1513,6.0813,7.5593,8.2953,10.299,9.476,8.38,8.368,8.528,8.5387,8.952,8.7593,8.9393,11.157,12.075,10.346,8.38,8.248,6.3687,7.394,9.2107,9.844,9.674,8.3753,9.482,9.5793,8.5853,9.232,9.7853,9.0947,8.9487,8.604,8.0033,7.7873,8.2953,8.2627,8.4,9.2647,9.0987,10.545,11.291,10.268,9.742,8.4187,6.9233,7.1707,8.952,9.4693,9.902,8.722,8.7967,8.1427,9.0293,8.928,9.0147,8.6133,10.091,10.143,9.7127,9.2673,8.8833,8.582,8.502,8.5507,8.6627,7.968,6.1727,6.458,5.59,5.1113,4.6907,5.0127,5.436,4.878,3.8487,3.4713,3.78,5.0847,5.2627,5.2767,5.616,6.004,6.504,6.3553,6.1027,6.1727,6.4973,7.2407,7.5473,6.688,5.444,5.46,4.6407,4.0913,4.8253,4.4533,4.3907,3.8507,3.684,3.7193,4.138,4.7533,5.4493,5.9207
5.3493,5.4567,7.0213,9.6,10.212,10.346,9.06,8.1987,8.2427,8.766,7.896,6.3873,6.0453,6.5787,6.548,5.918,6.4813,7.2513,8.4127,9.1973,9.4447,9.0993,8.612,7.3393,6.9927,7.208,8.7033,8.3907,8.9293,9.1167,8.7687,9.612,8.9347,8.2673,8.7207,7.4187,7.9093,8.762,8.274,8.9513,9.9747,10.523,10.759,10.627,10.349,8.5667,7.99,7.4167,8.1293,9.3273,10.773,9.8987,9.1947,9.2107,7.7233,7.7753,8.7367,9.4307,9.5393,10.55,10.355,10.815,9.548,9.1273,9.2347,9.076,9.2987,8.2933,9.4253,9.8873,8.8133,7.1067,6.5013,6.5867,6.466,6.898,5.8947,4.9487,4.6573,3.9527,4.634,5.0067,4.1993,3.9387,3.6693,3.9053,4.7627,5.4887,4.2227,3.7493,4.5427,6.8067,6.7813,6.608,7.174,7.0307,7.686,9.6153,9.8213,10.757,10.391,9.3607,7.75,6.508,6.2373,5.8553,6.1247,5.578,4.9593,5.576,5.0967,5.9733,4.35,4.432,3.9733,3.802,2.764,2.4133,1.7927,1.6713,0.812,1.738
5.754,4.7113,5.7473,7.306,7.9033,8.1187,8.224,8.348,7.736,7.544,8.6413,10.157,10.067,10.071,9.8667,9.9673,8.552,8.0027,6.9793,6.5153,6.882,7.2627,8.656,8.6227,8.402,7.4887,6.19,6.2213,7.1767,7.526,8.8053,8.074,7.9527,7.3693,8.5307,9.8073,11.039,10.904,10.897,11.897,10.389,9.8213,8.5693,7.0927,7.9607,8.0353,8.1467,8.732,9.1187,9.2753,9.446,7.9993,7.2667,6.248,8.0027,8.1193,9.192,8.2407,8.606,8.0787,7.3173,8.0807,7.958,7.92,8.6633,8.9227,8.53,8.9067,9.0393,8.6853,6.7433,6.6447,6.4207,7.718,7.168,7.8013,7.618,8.5407,10.674,11.819,10.873,8.9793,7.692,6.8453,6.338,5.3853,5.6527,6.8687,7.182,5.7333,5.7227,6.286,6.2267,6.5753,7.738,7.38,7.4427,7.564,7.116,6.1313,6.642,6.5887,6.1167,5.22,4.5033,5.2407,5.1407,5.5387,5.798,5.0427,6.546,7.3887,6.0767,7.1627,7.2227,7.232,5.7727,5.1553,4.036,4.3693,4.38,3.8613
7.9913,9.3527,9.7487,10.596,10.565,8.7133,8.866,7.4833,7.0487,7.8427,9.8413,9.478,7.1993,6.3993,6.904,6.6867,7.0687,8.1853,7.9007,8.5313,10.05,11.31,12.479,12.426,11.47,10.877,10.889,10.257,8.9493,8.918,8.3273,9.386,9.5953,8.2967,7.726,7.6007,8.0453,8.2773,7.2427,6.5887,6.3047,5.984,6.858,7.6393,9.294,9.5893,8.818,9.1693,9.2847,9.9993,9.0847,9.2347,9.6493,9.666,8.6707,9.2153,9.68,9.2627,9.624,7.6707,7.2073,5.9933,6.648,6.41,5.6593,5.736,5.4,6.9687,8.5707,9.7307,8.9053,8.4533,8.7247,8.2567,7.4807,6.1807,6.218,5.9873,6.4447,6.2587,6.612,6.24,5.9947,6.8067,7.2473,7.4373,6.826,6.742,7.278,8.7887,9.4187,8.232,6.0407,5.5973,4.8847,5.0973,4.3273,4.1407,3.7593,3.5227,3.0393,2.4207,2.15,3.5553,3.928,2.8573,3.8513,4.5333,5.314,5.838,7.0633,6.5307,6.3127,6.9573,7.0813,7.6887,7.584,9.2593,8.1307,7.4613,7.3967,8.7007
2.6787,3.432,4.6407,4.934,5.0527,5.074,5.2373,5.386,4.7447,5.272,6.3087,5.9307,5.5047,4.9767,5.166,4.814,5.2527,6.528,6.5647,7.3373,7.3627,7.304,8.7613,9.092,9.4727,8.962,8.8167,9.4553,9.4007,9.8947,10.123,10.906,8.5613,8.1053,9.336,10.541,9.26,7.4487,5.986,6.5613,8.2967,8.8873,9.4707,9.254,10.703,9.6113,7.8373,6.978,6.6587,7.0713,5.2907,6.2373,5.9767,6.4553,8.246,8.864,8.802,8.3207,7.852,7.0767,7.0927,8.7027,8.1273,7.838,8.2893,8.624,8.64,9.176,7.454,6.2533,6.2053,7.2353,5.9347,6.4887,5.5927,6.3687,6.262,6.496,8.39,8.3113,7.7347,6.576,7.4753,7.8067,8.4093,8.07,6.4507,6.382,5.494,6.3473,5.22,4.6907,3.516,3.2933,4.528,4.9307,4.0893,3.822,4.0747,4.2393,4.7787,5.424,6.908,7.2013,6.2427,5.0873,3.1393,3.252,4.5393,4.578,3.5847,3.25,3.6747,3.1,2.8087,3.3593,2.9627,2.4973,1.9707,2.5493,1.4413,-0.062665
3.2727,3.3327,3.1393,2.7033,3.98,7.1627,8.892,8.9913,8.7907,9.788,9.5347,9.0887,8.7767,10.06,10.761,11.972,11.244,10.442,10.021,8.4967,6.3507,6.486,5.5187,6.8507,6.9973,6.5853,7.2273,6.6613,7.044,7.3453,7.7933,8.0873,9.4473,11.202,11.672,13.86,13.65,13.053,12.586,11.538,9.4087,9.1167,9.0527,8.964,8.4873,7.6427,7.6007,8.0213,8.2253,8.3407,6.938,6.7727,7.5227,6.8907,7.7087,8.1487,6.594,6.6473,6.6847,7.0707,7.14,6.7893,7.346,7.4013,7.4413,8.328,8.3007,8.2493,8.1567,8.14,7.0493,6.5553,8.0733,8.4547,8.282,8.8513,8.76,9.1827,9.2173,9.0587,9.492,8.494,8.0913,8.3767,8.34,8.77,8.1227,7.4633,6.5693,5.3707,5.4333,6.0793,4.7133,5.076,4.96,5.0693,5.5793,6.1587,6.1533,6.6087,6.922,5.702,4.4613,3.9247,4.2847,3.2127,3.0653,4.1933,4.5593,4.9547,4.48,5.082,5.6987,6.98,6.412,5.442,4.3367,3.67,4.0713,3.8733,3.0027,4.3013
7.9373,8.0933,7.2407,6.352,6.1387,6.2233,7.232,7.996,7.458,6.8853,6.6393,6.018,7.17,7.844,7.9467,7.9733,8.3387,7.81,8.0567,7.4807,7.3387,6.0827,7.424,7.4293,8.2087,8.4527,7.2447,7.8067,8.184,6.566,6.808,8.318,9.3787,9.6473,10.321,9.728,8.5087,9.2487,9.164,10.037,10.055,9.9033,9.5807,9.7067,9.322,8.7713,7.5807,7.6213,7.9807,8.3873,8.5087,7.9607,9.3167,10.047,10.197,9.522,8.1127,7.326,7.254,8.778,9.0713,8.2333,7.7273,8.4847,7.7947,6.826,7.4273,8.012,8.0607,8.626,8.174,9.22,8.2213,8.338,8.2847,10.415,10.691,10.189,10.71,9.3733,8.66,7.3567,6.132,6.556,6.9167,7.864,7.7113,7.5393,7.21,6.5747,5.2953,5.1413,4.68,4.172,3.7467,2.8407,2.78,3.358,3.9793,3.8687,4.2807,5.0167,5.6027,5.536,4.586,4.3547,5.382,4.5113,5.1893,4.9227,5.734,6.962,6.1733,6.302,6.6147,6.5773,7.628,6.64,6.478,7.0873,6.426,6.4007
7.588,7.994,7.47,7.366,6.238,6.2247,7.0247,6.83,6.7087,5.8407,6.1713,6.752,7.6147,8.512,9.1953,9.5433,10.137,10.69,11.864,11.055,10.731,10.346,11.548,10.931,11.167,10.351,8.8667,8.1973,8.5687,8.258,6.592,6.438,6.2513,5.782,5.1287,5.928,7.3493,7.5253,8.536,9.0193,9.1727,9.4333,9.0247,8.9473,7.848,8.1407,7.8467,7.7647,7.2,7.148,6.0193,5.7013,4.8133,4.694,3.6527,4.7567,5.5427,6.7267,5.4387,5.99,8.2787,9.158,10.127,9.386,9.7553,10.125,9.77,9.252,10.064,10.072,10.159,11.593,11.567,11.682,10.921,10.405,9.2647,8.764,6.7933,7.4693,6.198,5.7727,6.4247,6.3693,5.76,6.1267,6.9213,8.258,8.372,7.6287,7.72,7.83,5.764,5.6093,5.1293,5.484,5.276,4.6307,5.5753,7.4713,8.304,8.272,6.434,5.3973,4.546,5.2233,4.1627,4.5893,3.1207,4.8373,3.896,4.4973,4.416,4.15,4.57,6.528,7.7347,8.05,7.5067,7.2933,6.7967,7.254
5.6153,7.1713,7.1027,7.582,9.5733,9.6447,8.67,7.6673,6.522,6.484,6.234,5.8073,6.514,6.2793,5.416,4.574,4.102,3.7767,4.2193,4.7147,4.942,6.3447,6.4887,6.6393,7.202,8.152,8.3627,8.19,6.1467,6.1133,7.2853,7.5513,8.3753,7.788,6.7107,5.6433,6.4133,6.5613,8.0387,7.838,7.0187,7.2513,7.056,6.6833,9.0873,10.109,11.119,11.377,11.135,10.704,11.394,11.447,11.481,9.8873,9.126,9.2607,9.778,10.33,10.999,11.925,11.05,9.8387,9.7593,10.431,9.4413,8.274,6.5033,4.8547,4.296,4.444,5.7547,7.1027,6.7213,6.7473,6.5773,6.3493,5.948,5.5007,6.342,6.1293,6.4987,6.7153,6.5987,7.188,8.058,8.2,8.4087,8.78,8.93,9.4467,8.678,8.3087,8.402,8.9833,8.5027,7.5973,5.568,3.7353,3.6947,3.9547,4.2247,4.364,5.7087,4.9253,5.2053,5.1933,5.22,5.3027,5.708,5.6747,5.2933,3.9487,3.7087,3.8653,4.0073,3.708,3.6167,3.0953,3.074,1.6207,0.912,0.29334
5.0907,4.662,4.5733,3.8,3.2693,3.1673,5.0353,5.4187,7.6747,8.5267,7.2553,5.312,5.0113,5.6727,8.1933,9.46,10.281,9.576,9.56,9.4807,9.5253,9.2187,9.136,9.3373,9.388,9.4073,8.8533,9.2453,8.438,7.5467,6.388,6.6647,7.5653,9.6033,9.2653,10.009,10.284,9.26,8.1287,7.612,7.3227,6.4067,6.9547,7.416,7.4953,7.8593,8.746,8.6473,9.986,9.5727,10.448,9.896,10.855,11.304,11.388,9.754,8.4467,8.6407,8.1593,7.9747,7.3853,7.3613,7.522,6.3433,8.0693,8.304,8.55,8.8107,8.16,7.0553,5.156,5.39,4.6427,5.2053,5.414,5.514,6.2213,5.74,4.822,5.1433,5.1067,5.326,5.728,5.5133,5.918,6.2827,5.8267,5.4447,5.2193,4.8833,6.2273,7.4307,8.624,8.816,9.778,8.5073,7.156,6.932,7.4333,7.3693,6.986,6.5267,6.7767,6.3007,5.1453,5.6207,3.5687,2.67,2.9893,3.1333,2.668,3.606,3.2253,2.3407,2.7313,2.924,3.2987,3.254,3.2907,2.1987,1.9487,0.97134
6.1,6.2767,6.106,6.6393,7.1553,7.2653,6.9807,8.2213,8.95,8.1567,6.6587,8.104,8.798,9.11,9.4927,10.361,8.66,7.8653,7.286,8.032,7.918,8.4807,9.0787,8.5047,7.9593,7.362,7.0687,6.806,7.0093,7.1687,7.926,7.466,6.5953,6.1473,7.1113,7.562,8.4733,8.3353,8.714,9.5767,9.9647,8.6987,7.4027,5.1947,5.46,5.4933,6.3567,7.126,7.422,8.766,8.862,8.9647,8.8,9.8247,10.339,9.0113,8.552,8.746,8.4247,9.1933,8.7013,8.4507,7.8247,7.4687,7.2347,7.1287,8.034,8.352,8.24,7.6527,7.654,7.4087,8.1167,8.9787,9.8953,9.8433,10.781,7.698,6.068,5.6573,6.2873,6.0587,6.8173,6.9847,6.8993,7.4433,7.46,8.3927,7.8047,7.1047,6.53,6.006,5.2327,5.064,4.198,4.266,3.69,2.546,1.8513,2.5387,3.778,4.4647,4.2867,4.6127,5.1993,6.2213,5.356,4.5413,4.5993,3.8387,4.3547,4.0727,4.522,5.206,4.412,4.5207,3.4627,3.956,5.262,5.2787,4.6247,5.6233
1.68,0.86734,0.726,1.79,4.0173,4.2993,4.4887,3.1207,3.1453,3.158,3.546,4.4267,4.914,5.2887,5.056,6.7333,8.2267,8.3573,7.0213,8.302,7.66,8.398,8.1947,10.759,11.827,13.525,12.447,11.495,10.885,10.878,10.789,8.8093,7.5313,8.3913,8.9153,9.6507,9.846,10.147,10.111,9.31,8.6973,8.2813,9.1767,9.2387,8.2753,7.1067,6.7853,6.1547,5.726,6.4673,6.682,6.9913,7.0587,7.1533,7.4927,9.0413,9.1507,9.2387,9.4713,11.083,11.877,11.709,11.263,10.622,10.642,10.23,10.84,10.903,10.073,10.615,10.579,9.5113,8.1827,8.234,8.082,7.252,7.198,6.4673,6.8847,7.6667,7.6127,7.228,5.9353,4.4093,4.2513,4.348,4.34,3.748,2.7427,4.0247,3.7247,2.8713,2.45,3.272,4.2333,5.0353,5.406,3.4487,2.7013,2.424,2.684,2.7607,4.0993,5.1007,4.7627,3.852,3.9067,4.0593,3.3727,4.378,5.4413,6.0867,5.256,5.364,5.1513,5.8733,7.3173,8.62,7.7713,7.4827,6.206,4.1073
4.9027,4.8107,6.2627,7.4253,9.1993,9.8633,9.5487,9.4673,9.2,9.2247,8.5833,8.2833,7.732,7.0013,8.5293,8.7313,8.316,8.694,9.88,10.563,11.088,11.711,10.689,9.394,9.85,10.301,10.024,10.786,10.783,10.507,10.715,12.377,12.345,11.246,9.7733,9.0247,10.476,10.363,9.2573,8.92,9.174,8.968,8.2193,7.6793,8.294,7.1913,6.0387,7.0127,6.5673,7.006,8.288,9.086,9.5533,8.5687,9.3913,9.4987,9.8947,8.3193,8.6267,8.2327,7.738,7.3333,7.164,7.2153,6.3273,5.472,5.9413,6.4667,6.8313,7.5487,7.7053,9.134,9.2033,9.232,8.866,8.904,8.5953,8.9987,8.7367,7.79,8.944,8.8347,8.9407,8.2073,7.2807,7.1453,7.748,8.1893,7.9733,7.1973,7.3287,7.0193,5.9073,6.0527,7.1033,7.17,7.5053,5.416,3.9447,3.9953,4.392,5.0287,4.4133,5.1007,5.5913,5.1907,5.2427,4.9733,4.9127,5.1347,4.3147,3.6393,2.912,2.73,1.572,-0.278,-0.50666,0.14933,1.7087,2.5787,3.0653,2.762
6.3613,5.6727,7.8827,8.678,9.5907,8.3727,7.29,7.7387,8.2813,7.6093,7.7753,6.9707,8.7807,9.1013,8.146,8.818,9.6047,9.9447,11.495,9.9353,9.4633,9.644,8.364,8.3453,7,7.6953,6.852,5.8933,5.5753,6.952,7.7613,8.2187,8.68,8.968,9.5053,9.1947,8.8807,9.18,9.794,10.177,9.5493,9.082,8.388,7.8673,7.986,6.8467,6.748,7.3627,7.62,8.052,8.6273,8.8213,10.153,11.915,9.982,9.2747,8.6847,9.0233,8.1747,8.108,10.103,9.6487,7.708,6.56,7.5533,9.1053,9.2127,9.8513,10.051,9.582,9.55,8.904,7.626,7.316,7.6333,8.5853,9.536,8.3373,7.8273,8.434,8.1647,8.794,8.9653,8.4467,6.3853,5.212,5.174,5.5873,6.368,6.136,5.83,4.1293,4.46,4.696,4.8607,4.288,3.064,5.924,5.5313,5.3693,6.4427,5.428,4.7693,4.418,4.332,3.4627,3.7927,4.6593,5.388,6.154,7.336,7.926,8.1353,9.036,8.2087,7.33,7.206,6.1847,6.0887,5.3947,4.2067,3.4213
5.8953,6.5753,6.742,6.5413,4.724,4.4967,6.0307,5.832,7.9927,7.9227,7.3893,7.6247,6.876,6.9333,7.168,7.7027,8.5733,9.484,9.986,8.2653,6.9787,8.2733,8.2707,7.568,8.8093,8.18,8.124,7.196,5.2993,6.0227,6.184,6.7847,6.902,6.358,5.4427,6.2567,6.3573,6.6027,6.4507,6.8733,7.1053,9.3247,9.6613,10.327,10.285,10.247,11.068,10.603,9.6467,9.7247,9.0167,7.186,6.2873,5.3293,5.026,5.5153,6.4747,7.056,6.5427,8.868,8.864,10.104,8.5693,8.1513,7.1287,7.668,7.818,8.23,7.7093,8.0713,8.3193,9.274,10.008,10.545,9.218,9.2267,8.5887,8.4567,8.6673,8.202,8.8767,8.63,7.7507,8.2093,8.934,6.97,5.656,6.476,6.1987,6.6553,6.7173,5.6247,3.958,3.1207,3.0253,2.3867,3.7853,4.996,5.9213,5.9833,6.134,7.2587,7.3227,7.026,6.332,5.3427,4.9373,5.2027,4.2867,3.5167,2.846,2.1407,4.374,5.2847,6.3613,5.2513,3.1353,2.3047,3.7933,3.2553,2.5393,1.7133
4.0367,5.6393,4.9553,4.9907,4.4587,4.7373,5.542,5.5367,5.1693,4.9567,5.5087,5.0813,4.7607,3.974,5.3127,6.484,7.9413,8.9307,8.782,8.4673,8.17,8.6273,7.8793,9.2187,9.3393,10.991,12.912,12.49,10.876,7.98,7.55,8.0127,7.4547,6.638,5.914,4.7913,4.756,5.446,5.732,6.7793,7.7567,8.632,9.7973,9.77,9.2807,10.217,9.1827,8.126,8.2767,9.7393,10.508,9.6987,8.0713,8.128,8.376,6.8473,5.5927,4.8,4.6287,5.658,6.7193,8.3473,9.464,9.0293,6.914,6.47,5.6433,7.5553,8.6087,7.858,7.0733,9.0427,9.4787,9.5707,10.265,10.041,10.522,9.7407,10.106,9.4733,7.992,6.9247,6.2113,5.7373,5.79,6.0587,6.4173,6.782,6.5867,6.154,5.484,4.696,4.7727,5.2507,6.012,6.146,6.2267,6.3387,5.574,5.3153,5.3773,5.31,6.1073,6.17,6.4307,5.406,5.808,6.2273,7.0133,6.4453,5.89,6.0953,6.1087,5.892,6.3967,6.1147,6.3113,5.8433,6.0273,5.836,4.7613,4.7553
7.8893,7.216,6.3207,6.3207,7.6953,8.656,9.18,8.7653,8.1567,8.202,8.8913,9.2467,10.297,9.6867,10.068,10.55,9.838,9.7973,9.9433,9.82,9.21,9.6727,8.4293,7.3527,6.4233,6.8593,8.8827,9.5153,10.278,11.892,11.383,11.178,10.354,11.299,11.207,10.275,8.734,7.4253,6.7727,6.736,7.0553,6.678,6.69,8.9893,9.278,10.401,9.572,10.93,11.279,8.8753,7.5387,6.3793,5.8587,6.5,6.8553,6.6607,6.2673,7.2953,7.7773,7.626,8.736,9.8513,9.1967,9.7073,9.24,9.2307,8.5393,9.48,9.378,9.0947,9.28,8.5493,9.478,9.5007,9.886,9.774,9.854,9.2007,9.5527,8.8333,8.0493,8.37,7.0533,6.9507,6.598,6.1567,7.3973,7.1007,6.7333,7.8907,8.7573,8.7833,8.642,8.236,7.6753,7.1527,5.9613,6.0353,4.774,3.9993,4.3787,5.9733,5.782,6.0733,5.6107,4.222,1.836,1.6947,2.624,3.6507,4.2873,2.0373,0.78,0.87,1.688,2.096,1.7967,2.4207,2.708,4.348,4.5127,4.6407
7.7527,7.5273,7.3327,6.662,6.2347,7.156,7.1047,7.3613,6.568,8.168,9.2753,8.66,7.4433,8.4427,8.968,9.3773,9.6327,9.3027,9.4247,8.1247,9.0773,9.9727,10.896,10.579,10.222,9.6907,10.299,9.8793,9.7493,8.826,9.488,8.734,8.944,10.121,9.43,9.58,9.71,9.5847,9.4187,9.0813,8.398,7.7293,8.926,8.5533,8.0067,7.782,8.33,7.6833,6.802,6.8813,6.6687,6.7693,6.3013,6.6227,6.176,5.764,5.9227,5.0907,6.0747,7.7367,8.8453,9.476,9.24,7.1473,6.9687,6.5933,7.5707,7.9047,7.4827,7.4813,8.5487,8.4067,8.5767,9.5793,9.2747,9.2147,9.3287,8.5493,8.352,8.73,8.846,8.468,7.5187,7.214,6.4113,6.3927,6.5813,5.0127,6.098,6.24,6.2247,5.1427,4.702,3.1827,2.6673,3.6793,5.1547,5.6907,6.2093,6.6573,5.838,5.15,4.9607,5.9093,5.854,6.238,5.3967,4.5567,3.806,3.5747,3.8327,4.448,4.4447,4.344,4.53,4.9887,4.2587,3.6707,3.0833,2.9347,2.6713,2.4907
1.4953,0.85533,1.3633,2.8893,4.6047,6.1373,6.3787,7.316,7.3207,6.3993,6.0007,5.5453,7.1387,7.86,8.704,9.144,10.503,10.669,10.993,10.74,10.618,9.2933,10.845,11.572,10.249,9.228,8.9927,8.4453,8.1887,8.3647,8.354,7.064,6.6493,7.9507,9.5153,10.888,11.455,8.9527,8.594,8.386,9.038,9.2347,9.2253,10.091,9.7087,9.4873,10.257,11.28,10.738,9.682,9.376,9.948,10.345,9.4467,8.36,6.8213,6.164,5.7,5.5393,5.058,5.5013,5.822,7.0113,9.034,10.509,10.517,11.168,11.535,12.657,12.665,10.995,9.7087,9.0167,9.1193,7.5327,6.4393,4.488,3.406,3.76,6.2507,6.648,7.136,5.4393,4.5687,3.6747,4,4.608,4.8573,4.5667,4.4393,4.8233,4.508,3.296,2.986,4.7,6.2853,7.786,7.264,6.9167,7.3567,7.36,6.6927,5.9947,6.0553,5.6153,4.936,4.0093,3.6847,3.6747,5.1973,4.7033,4.9273,5.1893,4.8613,4.1747,4.5247,4.0347,5.166,5.0413,4.0213,4.3473,4.024
2.8293,5.7273,6.4213,6.1987,4.5873,6.5073,7.81,8.9873,8.9467,8.2667,7.5727,7.7493,8.7307,9.6347,10.147,9.3233,8.778,9.048,8.9873,8.692,8.56,8.45,7.2207,7.086,7.0753,6.844,7.2747,6.8,6.492,8.254,8.7,9.5113,8.4133,7.9547,7.5353,7.746,8.22,9.272,8.59,7.9727,8.0613,8.0953,7.71,7.6393,7.9493,7.842,8.0367,7.756,8.028,7.144,7.6307,6.2213,5.8633,5.9487,8.3107,6.4627,4.726,4.076,3.1993,3.692,4.1287,5.356,6.32,6.2433,5.684,5.3207,4.028,5.0673,5.9087,7.2313,7.01,6.4327,6.0067,6.4047,7.5813,7.9887,8.4233,9.4353,8.938,8.256,8.2927,8.7113,8.7473,9.5953,8.868,10.195,8.6087,7.8613,7.3253,6.5713,4.394,3.8713,4.4473,4.84,4.4147,4.7367,4.392,4.0447,4.468,3.9847,5.0953,5.4353,5.264,4.6087,4.132,4.5887,4.02,4.014,3.472,2.2853,3.202,3.6333,3.8347,4.122,4.4527,4.5747,3.276,3.5673,3.684,3.9653,2.1307,-0.65133
5.5613,6.3973,6.73,6.282,7.0367,7.386,7.1913,7.6013,9.5487,9.458,8.8513,8.5327,9.618,8.916,8.312,8.138,7.32,6.144,6.496,6.7687,6.4447,7.0587,8.2533,9.2687,9.612,8.758,8.35,8.104,7.5273,7.8213,7.7873,7.5567,6.076,6.8193,7.2727,6.7933,6.8767,6.806,5.688,5.9513,6.8313,7.7127,7.8627,8.262,9.5433,11.615,11.593,11.759,11.027,9.628,9.8387,9.3973,8.2707,7.8173,7.3247,6.608,7.1427,6.4733,7.2853,7.9733,9.2,10.427,10.884,10.855,10.383,9.2553,7.3213,6.7347,7.306,7.3907,6.874,6.704,6.3753,6.4193,6.2387,6.266,7.1953,8.196,8.3547,7.9387,6.7573,6.9933,6.7307,6.9287,6.3207,5.2693,3.522,4.2967,4.1107,4.1987,4.9027,5.864,7.2133,6.9727,6.9367,5.5833,4.9267,3.478,4.6673,5.3653,4.452,4.656,4.654,5.0113,3.7713,2.396,4.0707,6.1813,6.836,6.592,8.128,9.1573,10.551,11.003,10.189,8.182,6.034,6.274,6.9507,7.3187,6.728,6.5273
4.9313,6.368,7.116,8.1753,8.4493,8.6573,8.9033,9.144,10.027,9.9593,10.105,10.397,9.464,8.8827,9.534,9.4,8.8187,8.228,7.588,7.968,8.2233,8.4407,8.1173,7.8,7.222,7.4453,7.5553,8.91,10.143,10.163,9.5807,7.482,5.9973,6.9367,6.4747,7.1107,7.3,6.382,5.4973,5.946,6.378,7.0147,7.0133,7.7973,8.268,9.6073,10.859,10.661,8.738,8.3853,10.658,11.777,13.537,12.801,10.662,9.3653,6.622,5.928,5.4167,4.81,5.4127,5.838,5.696,6.242,8.1127,8.5193,7.5133,7.7353,7.5247,7.654,7.6693,8.3327,8.1433,7.8767,8.054,8.662,9.2387,9.53,9.7207,9.738,8.3333,7.126,7.8567,8.432,8.8347,7.6873,7.1127,6.7427,7.592,7.4413,7.1787,6.71,4.3173,2.5013,2.728,3.7633,4.182,4.8513,5.0793,4.3873,3.9573,4.8147,5.9087,6.1787,6.5893,5.4847,5.4667,6.4287,4.9807,6.4807,6.192,5.372,6.0087,5.222,3.8873,3.852,4.158,3.572,4.648,5.5773,4.942,4.0527
8.27,8.8873,8.8987,8.6707,8.5887,7.3467,6.9013,6.1913,6.912,7.0967,7.426,9.4693,11.347,9.9,9.2233,9.3713,10.879,10.519,9.784,8.5853,9.6487,9.3387,7.786,7.5933,9.7707,9.7967,9.4513,9.246,9.1127,9.7913,10.683,10.251,10.237,9.7833,9.1673,8.1713,7.2867,6.168,6.4453,8.294,8.7687,7.8127,7.626,7.7573,8.01,8.8813,9.5853,7.8873,8.3773,7.86,8.644,9.4027,9.7807,9.2093,9.3647,9.6607,9.2267,8.7787,8.7113,8.5373,9.552,7.97,8.192,7.8193,7.7893,8.928,8.5413,8.228,8.0153,8.778,9.7033,9.286,9.566,10.22,9.766,9.934,11.458,10.667,9.3653,9.2607,8.92,8.2993,7.62,8.6973,7.5673,6.9927,6.8093,6.91,7.2407,7.3253,7.498,6.2073,5.0967,5.46,6.9553,8.9153,8.6033,7.3707,6.1767,5.9973,5.2567,5.1793,5.412,4.9387,4.3587,4.2,4.1713,4.1253,4.1547,4.8707,6.192,6.466,5.686,3.7607,3.672,4.098,3.7453,2.8267,3.2947,3.7107,4.7307,4.5087
6.6633,8.0853,9.7167,8.284,8.606,9.3553,11.304,11.039,11.737,11.466,10.635,8.7007,8.6807,5.98,4.714,5.588,6.9793,8.8253,9.688,8.19,6.7293,5.3693,4.7367,6.3173,7.2273,7.458,7.5933,6.5673,6.3887,7.044,7.362,5.64,6.9607,6.4527,6.742,8.006,8.4707,8.4827,9.2173,8.69,8.7193,10.511,9.5433,10.791,9.708,10.276,10.124,9.68,9.922,10.054,11.073,9.8487,8.576,8.774,9.0527,9.7147,10.276,11.004,11.567,12.032,9.6113,8.1527,6.7173,5.8553,5.0147,5.0033,5.4933,6.9687,7.318,7.4193,7.4387,7.0593,7.2053,7.598,8.79,9.1673,9.664,10.049,9.0027,8.5427,8.4907,8.6653,8.708,7.8887,8.7473,7.81,7.326,7.0227,6.988,7.254,6.272,5.7067,5.0113,5.3467,4.696,3.7973,3.848,5.1047,5.8433,5.046,4.8673,4.7027,4.972,3.758,3.0293,3.2933,2.7093,2.218,2.648,3.376,4.5047,4.4693,3.5367,3.5573,5.3567,6.2787,4.9713,3.502,2.512,2.6847,2.16,2.3513
1.5433,2.3893,3.1553,2.8133,3.6267,3.878,5.346,4.7253,4.8567,3.866,4.9193,5.7127,8.2727,8.2147,9.7193,8.5933,9.2553,9.816,10.915,11.532,11.565,11.049,9.1187,8.6287,7.3387,7.886,8.3667,8.3147,8.458,8.326,8.8433,9.0833,8.0613,7.094,6.5453,7.7227,7.074,6.9153,6.2027,6.006,6.0873,6.3647,8.0613,8.274,9.5613,7.962,9.302,10.225,11.453,10.076,8.4507,7.6987,7.6567,9.5727,11.135,11.859,11.642,10.846,9.54,8.7033,8.5993,8.4573,8.8487,8.3813,8.834,7.666,6.9153,7.6793,8.582,8.1127,7.9133,9.4213,9.276,9.2753,9.126,9.0587,9.7867,10.522,11.226,9.0947,9.4387,9.074,8.5333,7.9773,7.2433,6.426,6.1367,6.772,8.226,8.5027,9.7173,9.4013,8.9,9.2013,8.766,8.156,8.1367,7.648,7.732,7.9653,6.994,5.7893,5.2233,4.6867,3.4187,2.6653,2.4933,2.0747,3.3913,2.8553,2.3267,2.0387,3.094,3.976,3.7913,3.0247,2.8687,3.2327,2.776,4.118,4.9747,3.4513
4.772,4.876,5.6907,6.0207,6.8847,8.7027,7.7127,6.5027,7.0367,9.1093,8.2147,7.4313,7.472,7.8827,7.9953,8.4987,8.3887,8.7913,8.0287,6.8547,6.1347,7.2347,7.222,7.9533,9.146,7.9373,9.524,7.9613,7.6127,9.076,10.811,9.8533,8.7887,8.862,8.5747,6.1033,7.1767,7.4647,8.914,9.516,9.932,11.943,12.271,12.504,11.331,10.034,9.4087,8.5507,7.9847,7.6827,8.7927,8.4847,8.884,9.0513,9.4907,8.9327,9.282,9.0827,10.575,11.102,11.049,11.045,10.842,10.835,8.7593,7.216,4.5467,3.6507,5.072,7.4593,8.126,7.8307,8.2133,8.314,9.4447,9.4927,9.512,8.244,7.432,7.414,7.8233,7.674,7.144,6.7373,6.398,6.3953,6.5653,6.3033,6.0487,6.642,6.2527,6.9847,6.1867,6.388,5.8433,7.2727,7.2013,6.4693,6.192,6.0893,6.3467,5.536,6.38,6.3053,6.7307,4.95,4.2593,3.818,3.7467,3.4707,3.686,4.31,5.352,5.798,6.6593,7.398,7.2827,6.6007,6.1813,5.106,4.6833,3.0607
8.054,7.616,7.378,8.0787,8.954,8.4773,6.978,6.8207,6.892,8.4293,8.8767,9.2273,9.2327,9.8747,10.854,9.6233,9.51,8.678,7.6027,7.6773,7.646,8.4367,8.6047,8.8193,9.2647,9.7587,9.456,9.5533,9.6493,8.6633,8.3887,8.5587,8.0753,8.31,8.3507,7.05,6.946,6.9013,7.1847,9.0973,9.2233,10.013,9.9833,11.022,10.972,10.563,9.7647,8.316,9.31,9.5253,9.572,8.34,8.6933,8.6047,8.73,8.164,9.1327,8.8407,9.8687,11.472,11.239,12.231,11.627,10.443,8.8867,8.1933,8.6153,6.4633,5.4973,6.1373,6.7233,6.524,5.51,4.254,3.0453,4.4867,6.4313,7.578,8.5453,8.4533,7.2553,6.4587,7.0527,7.294,6.9927,6.6693,7.8367,9.02,8.3493,8.202,8.7767,9.4953,10.256,8.952,7.9433,8.4567,8.956,9.2713,8.3,7.684,7.1567,6.7727,5.3827,4.1153,3.748,3.826,3.862,4.1073,3.654,4.8187,4.4007,2.6467,2.0447,0.72867,-0.077334,0.10867,1.158,1.6727,1.63,1.0473,0.378,0.358
3.922,5.1553,6.132,6.072,5.494,5.068,6.102,6.2233,6.548,7.284,8.7713,9.5573,10.678,9.3687,8.7053,7.6627,7.3273,7.85,7.8307,8.2527,7.9193,7.604,6.8313,6.2373,5.752,6.516,7.224,8.556,8.7927,10.553,10.663,9.26,7.954,7.4093,7.946,7.732,7.8587,8.426,10.451,10.527,10.968,10.063,8.0527,7.6107,8.2707,9.53,9.804,9.7807,10.428,9.962,8.4293,6.05,6.3507,7.1407,7.822,7.4753,6.884,6.89,7.9273,8.6387,7.9693,6.8987,8.3367,9.0587,8.2993,7.1567,7.036,7.27,7.942,6.724,5.2553,4.056,4.352,4.7307,7.05,6.246,5.624,5.4093,4.8853,5.566,5.6167,6.7067,6.7433,7.398,6.7833,6.7493,7.342,8.0533,9.314,10.374,10.65,11.728,12.181,11.892,9.8293,9.1793,7.5227,7.5187,5.148,5.14,4.0507,3.3013,2.998,3.322,5.5193,6.2327,6.984,7.706,6.896,5.6687,5.608,5.6833,5.0107,5.794,5.516,5.2707,4.9407,4.1127,3.4507,3.9713,3.6233,3.8487
4.8727,5.5787,5.0847,4.88,5.2587,5.2887,4.572,5.294,5.748,6.2,5.124,7.206,10.441,11.728,12.154,11.621,12.349,12.544,11.149,9.448,7.98,7.9307,7.448,6.456,6.342,5.1193,4.5113,4.364,5.346,5.1613,5.7887,5.294,5.4073,5.3967,6.1447,7.258,6.336,6.9587,7.6767,7.8433,8.5187,8.3213,8.87,10.059,10.405,11.527,10.941,11.189,10.696,10.554,10.831,11.117,11.301,9.9933,10.499,11.408,10.557,10.567,10.09,8.532,8.5653,8.6453,8.6307,9.8007,8.4033,7.9287,7.9493,7.28,7.1327,8.118,8.3633,7.4447,8.4593,9.152,8.6127,7.9847,7.3233,7.7947,7.3487,7.004,6.5507,5.3667,5.5633,5.4873,6.128,6.6347,6.384,7.364,8.016,7.3467,5.1353,4.3773,3.032,3.8993,4.5913,4.446,4.272,5.0347,5.5653,4.9487,4.626,4.8587,5.578,5.828,5.7147,5.832,5.636,4.924,5.082,4.896,5.7353,5.6307,5.2467,4.448,3.4913,3.626,3.5547,5.0707,5.77,6.632,6.1027,5.7413
2.8653,2.7593,3.3153,1.4293,2.678,2.5367,3.326,2.396,1.7393,3.528,4.018,3.5287,3.6353,3.64,4.0527,4.366,6.094,6.8293,5.9687,5.462,3.7393,6.042,7.9207,8.2153,8.6987,8.4313,8.85,10.153,10.127,10.008,9.8587,8.1793,6.9553,7.466,7.5913,8.282,9.7447,9.1207,9.426,10.515,10.487,10.129,9.0287,9.8047,10.489,10.773,10.9,9.6433,8.472,7.4313,7.1667,7.252,7.9027,7.836,8.454,7.0393,6.8393,6.8073,7.2373,9.212,9.6867,9.5153,9.2007,9.3,9.0573,9.7587,9.2967,8.1207,6.2493,5.6813,5.3727,5.9973,6.6847,6.174,4.91,4.5447,4.2473,6.0507,8.0193,8.394,8.332,9.0053,9.4853,8.974,7.3047,8.4473,9.972,9.6487,9.6467,9.022,7.1327,6.0793,6.0493,6.126,4.48,4.3133,4.7413,4.9133,4.688,4.9027,4.954,4.5933,3.9573,4.0293,1.922,2.59,2.532,2.542,2.7687,2.6487,3.2487,5.182,5.2887,5.9273,5.886,5.4347,5.436,5.1333,5.0747,3.9067,2.46,1.4687
3.8067,3.796,4.4253,5.0513,3.3667,2.9213,5.6033,7.564,8.5127,7.932,7.108,7.2927,6.61,6.476,7.1487,7.9807,7.2033,6.354,7.2493,7.8367,7.9573,8.6853,8.296,8.182,9.362,10.151,10.426,10.609,11.805,12.408,12.644,11.574,9.8927,8.2433,8.2173,9.5173,8.5707,9.388,10.222,9.8653,10.834,9.468,8.3927,7.5147,7.1053,7.5907,6.384,6.1673,7.53,6.3887,7.0667,6.682,6.3953,6.306,7.98,8.5347,8.9267,8.4307,9.4513,9.34,8.6227,6.858,6.4993,6.8273,6.6087,6.796,7.2553,7.7193,8.138,8.3667,9.2233,8.9653,8.516,7.0793,5.2313,4.0893,3.5873,3.548,3.9453,4.9307,5.9987,6.7233,6.4847,7.1207,7.5953,7.2693,7.7247,6.2453,6.894,6.1533,5.4573,4.8047,5.028,4.156,4.594,4.284,6.0733,6.3347,6.6173,7.738,7.534,6.662,6.188,5.6453,6.6127,7.1993,8.1233,7.7413,6.9347,5.454,5.5033,6.0973,6.0587,5.9427,6.0673,3.99,3.48,4.25,5.748,5.0013,5.7133,6.0447
5.036,5.7853,5.204,5.3607,4.986,5.7087,6.7133,7.8913,7.9327,8.8727,9.224,9.9573,8.6867,7.1527,6.962,6.4033,8.092,9.028,8.8513,7.982,7.9973,8.228,8.24,7.2953,7.0007,6.4527,6.0093,6.162,4.8273,5.332,6.2327,7.496,7.6807,8.7653,7.9847,7.4533,7.7453,8.1813,7.7847,7.934,7.6213,7.3153,7.494,8.786,8.7847,10.585,10.777,9.5153,9.366,8.974,8.7067,9.018,9.1427,9.3347,9.9393,10.584,10.072,10.915,10.773,10.294,9.4087,8.7607,7.6027,9.2233,8.5433,9.3827,9.494,9.7833,9.8233,8.6527,7.0353,7.2953,7.5007,6.3847,5.8767,5.2213,6.2133,6.234,6.014,5.586,5.6507,6.2327,5.242,5.4347,5.6133,6.2427,5.7073,4.3,5.544,5.3307,4.9073,5.2007,4.648,4.9193,4.9933,5.9947,5.516,5.198,4.8393,4.6153,5.8653,6.574,5.8407,4.5573,3.93,3.562,4.1407,4.5347,5.282,4.3913,3.4027,2.5247,2.9673,2.896,2.2273,2.74,2.4907,1.4373,1.566,2.642,2.8767,0.86667
7.0853,8.3567,8.2907,8.1407,9.7453,11.427,11.6,9.8907,8.894,8.454,9.276,8.2253,8.134,7.7413,6.738,7.4053,8.9807,8.7047,8.7553,7.454,7.7013,7.0527,6.5213,7.0847,7.416,6.4733,6.9787,8.3,10.138,10.924,10.485,8.4867,7.26,7.6707,9.192,9.184,10.368,10.282,10.203,10.543,10.633,12.324,11.793,9.6227,8.5307,8.6813,9.3233,8.264,7.1787,6.638,5.6433,4.7847,5.018,5.2167,5.7567,5.124,7.4053,7.8753,6.7033,5.4227,5.152,4.4953,4.9207,5.4673,5.5447,5.288,4.43,5.866,7.3,8.8053,9.926,9.2333,6.7987,4.3847,4.3087,4.844,5.1087,6.4293,6.9627,8.5247,8.0873,9.8167,10.273,11.363,11.291,12.193,11.994,9.41,8.2673,6.4007,6.614,7.0613,7.3167,7.066,6.372,5.332,4.882,4.8767,3.8607,2.986,3.3813,3.8707,4.9007,3.9027,3.4613,3.4493,3.328,3.4013,3.472,3.896,4.128,4.2607,3.51,1.7913,1.0973,0.78267,0.96,0.318,1.3367,2.8427,3.6473,2.1393
5.4887,5.6527,4.8273,6.6933,6.132,7.6653,6.6773,7.8807,7.5587,7.4993,9.006,8.6507,8.7507,9.2307,9.574,9.3047,9.4787,8.8607,7.5293,7.3853,7.702,8.882,9.042,9.9493,8.4527,8.7627,7.8187,8.068,8.0327,8.0967,8.2927,9.15,10.586,10.076,10.375,10.585,11.35,11.944,10.727,10.225,8.0633,6.4753,6.092,4.708,5.9147,7.3727,7.6373,8.1413,8.7227,8.698,8.0667,7.8627,7.3413,7.6073,6.9433,7.6973,8.214,8.0567,8.1927,7.6193,7.1627,8.0453,9.342,8.228,8.2987,7.7273,7.4967,6.9213,6.902,7.0707,6.8273,8.0827,6.7487,7.0027,6.5033,6.9847,6.9827,7.1433,7.2973,8.2867,7.5567,7.5593,7.7427,7.8487,6.644,6.1767,6.4827,6.5667,7.1813,6.6493,7.3667,7.3333,5.9733,4.7707,3.188,3.2827,3.6487,3.7573,3.9067,3.06,3.7687,3.418,3.8253,3.8053,3.6127,3.606,3.3007,2.832,2.49,3.57,2.154,2.4287,1.968,3.522,4.024,4.62,5.1787,5.4747,4.942,5.1213,7.364,8.9073
4.6133,4.816,4.5307,5.1933,6.2607,6.6153,6.1687,7.384,6.2727,6.52,6.1207,7.124,8.598,9.278,9.6147,8.9433,7.816,7.744,8.6607,9.1127,9.4913,9.6667,10.401,10.642,9.9187,9.7487,8.8767,8.4513,7.8347,7.3773,8.1507,8.15,8.6947,8.56,8.488,8.4733,7.294,6.9153,7.3367,7.7353,8.9167,8.3193,7.684,7.352,7.6153,7.986,7.742,7.75,6.3173,6.1827,6.2353,6.7767,6.4173,5.65,6.71,6.766,7.868,8.0107,8.8387,9.1847,10.079,8.3273,8.454,9.176,10.079,9.3887,8.9927,8.578,8.326,9.054,8.7667,8.536,8.936,9.1253,9.1153,9.6153,9.1247,8.8867,8.6247,8.3047,8.5093,7.6493,7.554,7.2647,7.6607,7.4393,6.0287,3.944,3.6787,3.6393,3.5313,3.668,4.8493,5.5093,5.8867,5.7653,5.5627,4.7107,4.0333,4.2493,4.3527,4.272,4.2167,4.0847,2.4827,2.8133,2.876,3.3073,3.2513,2.948,1.9387,2.0387,2.352,2.1547,2.986,3.4433,3.4007,2.286,1.942,0.89934,-0.478,-1.326
2.572,3.0213,4.51,4.078,3.5167,3.108,4.84,5.348,6.3073,5.6613,5.7793,6.1787,7.0027,7.554,7.7573,7.9547,7.7427,8.0627,8.5607,8.9153,9.3627,8.6867,9.56,7.936,7.28,7.826,8.2753,7.65,7.6507,8.0573,7.7013,7.044,7.576,8.3367,7.236,7.5647,7.662,6.9233,6.082,6.804,7.716,7.5687,8.4087,8.2753,8.5733,9.5933,8.6187,7.7453,7.496,6.6713,6.4347,6.448,6.8,8.9667,10.054,9.914,10.023,9.4087,6.568,6.1553,6.0253,4.8047,6,5.928,7.512,8.666,9.6867,10.06,9.4587,9.0387,8.1253,7.3667,7.236,7.82,6.8573,5.1827,4.6253,5.2633,6.2527,8.282,9.312,9.5173,9.196,8.3173,8.8247,7.1893,6.468,6.3247,5.3313,5.3987,5.892,6.9793,6.2513,7.2727,7.95,7.0287,6.778,6.1627,6.128,4.8347,4.916,5.342,6.0173,5.0107,4.4967,3.938,4.5487,4.1427,3.8807,4.2893,3.5747,3.6547,3.5453,3.6207,3.746,4.0107,3.922,4.182,4.834,5.6327,5.9213,5.504
5.2193,5.504,6.6747,6.192,6.452,6.7967,6.932,6.974,9.2393,9.4873,9.5493,8.9813,10.574,11.34,10.803,11.881,12.191,11.163,9.16,7.9627,7.3293,6.4547,6.2967,7.1287,6.9887,7.0353,7.8593,7.7127,6.7807,8.3633,8.7913,9.8093,10.245,9.3647,8.3273,7.1633,6.5693,6.4767,7.0807,7.2987,7.2453,7.334,6.8693,8.4687,8.5267,7.8353,8.0193,8.7733,7.834,7.3593,7.1153,7.0407,7.8233,6.8493,7.8747,7.6253,7.934,7.0373,7.092,6.1693,6.5413,6.6513,9.1993,10.613,10.85,10.839,9.4093,8.8473,8.0667,6.7807,6.4467,7.736,8.4547,8.2973,8.0567,7.8673,7.8713,6.9133,7.0573,6.6187,7.39,6.9227,6.3607,7.2453,7.4847,6.78,6.576,7.5927,6.9347,6.9793,5.846,6.0567,5.0393,3.9033,3.2367,3.2287,3.558,3.788,3.656,4.398,3.982,5.5807,6.2107,5.686,3.2927,4.588,4.472,4.2947,3.674,3.1613,3.322,3.5967,4.6467,4.8193,4.3333,2.8507,2.0313,1.0313,1.05,3.0293,1.4793,1.8393
4.3413,4.8227,4.5013,4.6153,5.4547,6.174,5.7747,6.2287,5.6447,4.81,4.7427,5.2033,5.4507,5.5507,6.1833,6.7,8.3773,9.224,9.636,11.217,10.045,10.097,9.2753,9.57,8.9793,8.5233,9.4687,9.246,8.7567,9.3753,9.3047,9.4347,8.602,9.7193,10.291,10.244,8.984,8.662,9.1387,8.936,8.6407,7.3247,7.4733,6.282,6.4587,6.5487,6.468,6.744,7.298,7.4853,6.6333,7.6907,7.634,8.6793,9.9327,10.735,9.4347,8.562,9.258,10.677,11.355,11.635,11.025,9.2213,8.958,9.652,9.3253,9.0473,8.1653,7.5373,7.6087,8.2273,8.6327,7.8827,8.492,8.858,8.3607,7.112,6.204,7.0067,6.6573,6.6167,4.1693,3.2247,4.2813,3.9893,4.4927,4.91,4.7187,5.078,5.12,6.0353,5.29,6.0953,6.6733,7.0587,6.8347,6.672,6.9673,6.5987,7.5173,8.04,9.466,10.087,9.116,8.544,7.1613,5.5233,4.784,5.3833,8.0213,8.864,8.3953,7.4147,5.8373,4.15,2.9567,2.748,2.9653,3.0433,3.412,3.01
7.858,7.016,6.8427,6.416,5.576,4.8233,3.8273,3.2227,3.3727,3.4893,2.7047,3.2953,3.948,3.9233,4.0207,4.8573,3.9333,3.6187,4.8227,5.6147,6.53,5.8893,6.5507,8.5967,9.4307,9.552,9.3293,9.8047,8.9113,9.254,10.72,12.363,11.879,11.297,9.7253,8.7147,8.1527,7.6213,8.2927,8.586,8.8093,8.9753,8.8987,9.1027,9.1893,10.169,9.276,8.306,7.494,7.776,8.124,8.8567,7.4047,6.4507,6.5413,7.0813,7.2007,8.7547,8.54,8.1007,7.936,6.35,7.0207,6.7933,6.1827,5.9413,5.1447,5.3647,6.2493,6.67,7.9413,8.3253,8.8893,9.032,9.1393,9.5167,9.328,8.8833,6.6653,6.124,5.5887,5.6287,5.0913,5.236,4.55,1.888,2.1087,4.1547,6.066,5.624,5.4693,6.1813,5.5073,4.7473,5.3273,5.4053,5.4207,5.324,4.4387,4.2533,5.0753,5.594,6.3927,6.9407,6.092,6.452,6.4773,6.46,7.1473,6.62,6.4227,5.836,5.5093,5.3013,4.4773,4.0953,5.3907,4.9053,3.894,4.3553,4.214,4.074
2.2893,2.0413,2.1767,1.9253,1.0767,2.1073,3.0207,2.0193,1.6633,3.4973,4.07,5.8167,5.3233,5.804,7.0887,6.7487,6.278,4.6727,6.2807,5.406,6.538,9.0687,9.238,8.3487,7.4073,5.3773,6.0513,6.796,7.126,8.6993,9.898,9.13,8.1953,7.794,8.398,8.1347,7.8567,8.392,8.1827,8.5747,8.01,7.8727,8.5833,8.0613,8.4247,9.2727,8.5293,6.7407,5.8827,6.2727,5.9387,6.4653,5.8967,5.3247,5.096,5.8347,4.322,3.902,4.124,3.5873,3.3727,4.278,5.9093,5.7887,5.548,6.8193,6.6687,8.2773,9.252,9.8927,7.5513,6.956,6.6453,5.2553,4.014,2.9753,3.5027,2.492,2.8587,4.1027,4.6067,5.25,4.8233,5.128,4.33,4.568,3.8027,4.024,4.3833,4.676,5.02,4.7927,4.7993,5.0507,6.2773,6.0627,6.2807,5.892,5.556,4.8667,4.0627,3.2947,2.768,3.2833,3.6533,4.532,5.17,4.4667,3.932,4.8293,4.9407,5.142,5.9807,6.572,7.188,8.4953,7.5007,5.1347,5.5693,5.4253,3.826,2.3987
4.554,3.7673,3.5627,2.888,5.2613,6.204,7.208,8.524,9.562,8.976,7.8213,7.788,7.6207,7.866,7.4447,7.4687,7.3833,6.588,5.662,5.2047,5.1367,5.44,5.5987,6.0647,6.374,5.722,6.538,7.702,9.5833,8.964,6.596,6.0507,4.9653,5.3213,7.37,6.1193,7.7213,7.2873,6.9107,7.2187,7.66,6.1993,5.8613,6.124,7.834,7.6427,7.048,6.4987,5.8973,6.222,6.002,7.368,8.3673,8.2767,9.084,8.0947,9.2233,9.9653,10.627,9.896,8.7853,7.7573,6.6767,6.356,5.8133,6.4587,5.9253,6.78,6.9307,8.0193,9.4173,10.092,9.0527,8.428,8.0853,7.104,6.0913,5.4033,4.8607,3.9333,4.0707,4.574,4.5313,4.944,4.426,4.6767,3.9793,4.2027,4.2267,4.614,4.6367,4.456,3.8947,3.228,3.068,2.4533,2.0813,2.8773,3.9933,5.01,6.1887,7.366,7.9287,8.7213,7.7307,7.2913,6.8573,6.4967,5.8807,5.702,6.626,4.852,3.5,2.8313,1.7173,0.38534,0.39,1.0847,1.914,1.5693,-0.029998,0.14
4.7933,4.4807,4.882,5.4333,6.3927,7.6773,7.0567,6.4627,5.3773,4.0287,4.2107,4.796,4.836,5.1867,5.7907,5.4973,5.726,4.8113,5.052,4.588,5.318,6.0233,6.7253,7.2633,7.234,6.6947,7.1547,6.4253,6.5453,7.772,8.4193,8.5287,9.0173,9.4807,9.1973,9.4147,8.6993,8.6433,9.0873,8.4473,8.8813,8.634,8.8367,10.426,11.111,10.963,11.295,9.624,8.806,9.5827,9.0667,10.126,8.404,7.5567,6.9293,7.458,9.1407,8.8093,7.0153,6.6093,6.672,6.1927,7.8367,7.3593,6.674,7.68,7.932,7.4707,8.0673,7.844,8.3693,8.2167,5.9193,5.6067,6.178,6.0853,5.6593,4.42,4.0193,4.084,4.104,4.684,5.8007,5.1387,5.9207,5.784,6.9693,7.0293,7.114,7.2413,6.9487,6.3193,6.5313,7.3767,8.9873,9.9207,8.646,8.1887,6.972,5.544,5.974,5.3453,3.8673,1.9893,3.1327,2.816,3.3393,2.8033,1.9413,1.3113,1.6927,2.492,2.804,2.584,3.02,3.44,3.34,3.0887,4.2607,3.9713,6.0693,5.7207
4.8653,3.782,2.7613,4.14,5.5267,6.6333,5.5227,6.2987,7.1847,7.028,8.466,7.28,9.1007,8.234,7.6527,8.138,8.3067,7.3613,7.758,6.3707,5.126,5.832,6.8,8.578,9.9473,9.6687,8.0773,7.1913,6.878,6.748,6.8713,7.5767,8.77,8.9127,8.85,9.3213,8.5247,7.988,6.2547,4.6107,4.28,6.2587,5.808,5.2413,7.256,8.1247,9.5007,9.798,10.331,10.96,10.405,9.0513,9.2347,9.6053,9.92,10.725,9.8727,9.6467,9.0853,8.886,9.026,8.0927,9.222,10.127,8.8073,7.4107,8.0033,8.8007,7.5127,8.2907,6.794,6.222,7.044,7.946,8.4213,7.9193,8.566,7.7513,7.098,4.8873,4.462,4.414,6.0047,6.0713,6.7633,7.978,7.606,7.9673,7.3147,8.1493,8.4813,7.6767,6.9773,6.466,6.5107,5.8513,6.7367,6.358,6.228,6.2187,6.6647,5.8193,4.898,4.114,5.5793,5.9013,5.5,6.492,7.116,6.6833,5.3127,3.7727,3.0213,2.248,3.306,3.2667,1.5733,0.624,-0.316,-0.51,0.59934,-0.32733
7.8173,6.9653,6.156,8.4133,7.4373,7.37,6.7973,8.624,8.6587,9.0807,8.93,7.7827,9.7893,8.2467,7.1853,9.014,10.127,10.01,9.7573,8.2287,8.2133,8.756,8.81,7.9093,8.1133,9.2373,9.9367,8.52,7.3693,6.5707,6.236,7.154,6.9133,6.9707,7.8347,7.3733,8.5613,7.854,6.5033,7.1147,7.2333,6.0807,7.644,8.2653,9.59,10.945,9.2673,8.97,9.2813,7.8107,7.266,7.5727,8.8827,8.576,7.2693,6.1673,6.9407,6.0773,5.442,6.3873,6.7927,7.802,8.078,8.0847,8.7513,9.704,9.594,8.6107,8.8213,8.5827,7.6673,7.808,8.8687,7.1667,6.2227,5.118,6.188,5.6733,5.7953,5.41,5.6613,5.206,5.324,6.2567,6.506,5.3247,5.1153,7.3,7.824,9.0993,9.4607,10,10.512,10.859,9.9293,8.326,7.6013,7.1213,7.0253,6.69,6.5867,6.5313,6.6333,7.9173,7.1833,7.16,7.4813,5.6107,4.574,4.7567,4.138,4.2727,4.702,3.444,3.814,3.0547,2.186,1.6907,1.8107,2.7993,2.2347,1.5627
5.666,5.5887,6.314,5.8887,6.9773,6.9133,6.692,5.5727,5.2847,6.4807,6.9267,7.1973,6.4607,6.0033,6.9553,6.9487,8.958,8.4413,8.558,7.756,7.8733,7.6267,6.886,6.1433,5.8473,6.3067,7.1673,7.894,8.3687,7.9327,8.9313,9.6127,9.4053,9.2533,7.9507,7.028,6.8867,7.8393,8.7993,8.544,7.544,6.3387,6.4547,6.8027,6.7413,6.018,6.364,6.798,8.9027,10.224,9.742,8.7727,9.0127,8.9107,9.428,9.0087,8.3333,8.308,7.4953,7.3887,7.6627,5.8407,6.53,7.228,8.1247,7.8467,7.9747,7.496,6.3187,6.5327,7.8513,7.4993,7.9287,6.62,7.1453,6.278,6.6173,7.0853,7.838,6.8807,6.1807,6.4153,5.3313,5.1513,5.6767,6.0287,6.944,7.8693,7.35,7.51,8.2633,9.2153,9.352,8.0427,8.1767,8.4447,6.9267,6.0607,7.5333,8.1133,7.4613,6.8453,6.0253,6.0807,5.1927,6.2373,7.222,6.414,5.6167,5.1687,4.4587,2.7267,1.768,1.6127,1.0993,2.0167,1.078,1.3953,1.39,2.6573,2.9167,3.6533
6.4273,6.9933,7.3273,6.3307,5.6793,7.5147,8.328,9.6667,9.9613,9.6173,9.5353,10.103,10.308,11.466,12.018,11.492,10.035,9.3007,8.5727,7.692,8.2927,8.3433,9.0827,9.0593,9.1553,7.7487,6.4253,5.9967,5.5627,6.6407,7.106,8.1747,8.5687,8.5733,9.1767,8.662,8.89,8.8513,8.7353,9.476,9.27,8.9553,8.236,8.4153,8.26,8.194,6.89,8.9327,9.1893,9.6253,9.2167,9.6287,9.7313,10.829,9.5933,8.4313,8.6127,9.6887,8.0407,9.1007,10.742,11.244,10.942,9.4287,8.0033,7.878,6.7887,5.6427,5.6933,6.706,7.266,6.2087,6.5707,6.6127,6.9967,5.2733,5.6533,5.6173,5.9287,5.9267,6.4847,6.7507,6.9873,6.506,6.908,5.826,6.3947,6.434,6.304,6.176,5.056,4.488,3.354,3.0567,3.5987,3.1713,3.5833,3.95,4.3007,4.8633,4.6807,4.7267,3.9667,4.206,5.0307,5.6547,6.332,7.1607,7.2233,7.1573,7.5447,6.7927,6.1567,5.55,5.984,5.0033,4.118,3.1113,2.9493,2.4827,4.7127,5.5147
2.5527,2.7287,2.3127,3.7527,4.7627,5.3813,5.3793,4.7587,5.1487,6.2613,6.806,7.3647,6.7813,7.1573,6.782,7.236,7.8607,8.8687,8.6927,9.6173,9.2787,8.246,8.438,7.706,7.21,5.568,4.422,5.356,5.322,5.8773,6.816,6.3273,7.7873,8.0133,7.932,7.4773,7.1433,8.2487,8.0407,8.2353,9.7353,11.206,10.293,9.6933,10.226,10.623,9.81,9.7833,9.288,8.1987,7.3353,8.972,10.047,8.9567,8.012,7.144,6.98,7.6813,9.0727,9.348,10.137,10.293,9.528,9.4313,9.5867,9.0013,7.7107,8.2393,7.3713,6.66,7.2573,6.4047,5.3267,5.1853,5.436,6.326,5.6853,5.63,5.3133,3.4107,5.1813,5.5713,6.488,5.0507,3.8313,3.7573,3.7493,5.9147,5.3727,5.6353,7.91,7.9227,8.4127,7.5213,7.6547,7.0827,6.7267,6.8727,6.534,7.02,5.9633,5.2507,4.4147,5.5193,5.956,5.742,5.2627,4.96,4.608,3.842,4.3607,4.7093,3.6253,3.3847,2.7327,3.2193,2.2033,0.88267,0.12667,-1.0693,-1.5167,-1.91
