7.3032,8.2084,7.5332,5.686,5.8464,7.022,6.7876,6.8124,7.5528,6.7636,7.1256,7.4624,8.5348,7.7448,5.5912,4.646,4.682,5.6728,7.3824,6.3024,6.386,5.9356,7.2324,8.1548,8.2484,8.3376,7.976,9.2044,9.486,8.3404,7.3036,7.954,7.9812,7.6136,8.1304,8.6244,7.9904,6.5956,5.8232,5.1516,3.6516,3.188,3.484,5.07,5.524,5.958,5.5276,5.5284,6.7572,6.6164,5.294,4.5528,4.1572,5.4172,6.4696,7.5788,6.6112,5.962,5.2804,3.2036,2.0556,1.266,1.1528,2.1144,4.4252,4.942,7.03,7.8328,6.9444,6.1788,6.6676,7.0968,7.7344,8.7284,8.1916,6.5132,6.1448,7.7556,8.698,8.968,8.5092,7.9624,7.9596,8.0308,7.5616,6.1796,6.3484,7.0868,6.9944,6.1468,6.3504,6.78,6.7816,7.034,6.93,7.6876,6.8376,5.3828,4.216,4.15,3.7752,3.8328,3.9296,3.9036,4.7492,5.9384,5.9956,6.6944,6.9308,6.4168,6.5264,7.1504,5.4928,3.5476,3.6084,4.3464,4.1412,4.5988,4.2996,4.7492,4.5012,4.792
4.9296,4.7776,5.3528,6.1776,6.736,8.5616,8.4912,7.7692,7.6528,7.7504,6.8032,5.6008,5.6856,6.346,6.83,7.4808,7.9196,7.3904,6.2448,5.358,5.4456,6.5944,6.7076,6.2544,6.2676,5.4916,3.5584,2.31,1.946,3.4428,6.6008,7.342,7.246,6.4388,5.334,4.0552,3.1,4.8664,5.5824,6.1964,7.458,8.2208,7.7324,5.2776,4.3684,3.3036,2.898,3.1568,4.1948,5.2136,6.0164,5.7116,6.4644,7.4472,8.3812,7.658,6.6808,6.7864,7.3456,7.546,7.6396,6.9212,6.5388,6.328,5.6844,5.9256,5.9776,5.3716,6.1716,6.752,7.0844,7.2832,7.966,8.0328,8.5504,8.4492,7.664,6.984,6.8172,7.3068,6.9804,6.1496,4.7,4.3936,4.7488,5.904,4.0352,2.2744,1.3696,2.9364,3.7872,4.2692,3.9648,4.714,5.7292,6.6856,7.358,7.5772,7.7284,6.554,5.8268,5.6192,5.5636,7.3692,7.8556,6.8276,5.9544,5.2692,3.8212,4.6276,6.168,6.1836,6.7628,6.9416,7.274,5.2772,4.378,4.3044,3.9436,3.5912,4.6612,5.3092
7.3924,7.6324,7.0904,6.2144,5.3372,6.7832,7.8172,8.2584,7.5028,5.9096,5.202,5.3852,5.4368,5.0676,5.5448,6.4956,7.2548,7.1172,8.1976,7.4416,6.7216,7.4292,7.8272,9.3288,10.096,9.55,9.3008,9.8512,9.1488,7.7848,6.7844,6.4416,4.9748,4.224,3.1596,3.2356,5.0688,5.8584,7.2592,6.7668,5.9444,4.326,6.6308,7.7964,7.9896,8.7972,9.1784,8.8132,8.8804,8.4924,8.5472,8.1916,7.9728,8.236,8.8296,8.1908,7.568,7.3236,5.8896,5.8204,4.9572,6.2192,7.6436,8.7924,9.856,10.112,9.0044,8.0816,6.7836,7.1644,7.8052,6.7392,5.6064,5.298,5.1916,6.0368,6.6416,6.4624,7.3976,6.3488,4.7472,1.5284,1.2576,3.7384,4.4888,4.148,3.5492,3.2972,2.2632,3.3392,5.6084,6.3212,6.9432,6.5172,6.9156,7.3264,6.8896,6.5988,6.56,6.1472,5.7056,5.8028,6.804,7.6392,8.392,7.66,6.1364,4.3148,4.6488,5.55,6.0712,5.93,5.4852,5.0656,4.2768,3.1424,2.6212,3.2284,4.6108,4.51,2.5392,0.9324
7.1276,5.8168,3.478,3.3564,3.9012,3.442,2.8784,3.9524,4.8696,6.2088,6.206,5.9692,6.0888,7.4376,7.5248,6.7616,6.9752,6.6704,7.2048,7.738,7.838,7.6188,7.7076,7.742,6.8644,6.3864,6.258,7.7872,7.0808,6.6524,4.6568,4.3132,3.7412,3.9116,3.2976,3.1476,3.128,2.9468,2.042,2.6288,3.5328,3.2924,4.5068,4.3536,3.474,2.6868,3.6456,5.9548,6.5328,6.9292,7.57,8.1248,7.9824,6.9484,6.676,6.0788,4.7112,4.0356,5.038,6.1276,6.6484,7.1524,7.4164,7.7276,8.4976,9.1996,8.4864,6.8464,5.6904,5.8444,6.0076,5.3504,4.1464,4.2588,4.8508,6.2516,7.6628,8.2872,7.7948,6.6776,5.5712,4.5552,3.7512,4.5808,4.14,3.4748,4.2832,5.7636,5.956,6.4236,6.3568,6.0972,5.5796,5.1592,6.5604,7.6732,6.7852,6.7,6.2032,6.646,7.028,6.4748,5.3516,3.5364,2.65,1.312,1.8708,2.0472,1.8048,1.5112,2.5008,3.2248,3.1388,2.6092,1.9872,1.39,0.282,0.9284,2.088,1.7088,2.2576,3.5268
6.4048,5.5516,5.904,6.5388,7.1636,7.2424,7.6352,7.468,8.0776,8.4528,7.6332,8.0444,9.2168,8.6196,7.6468,6.7948,5.2636,3.7004,3.4836,4.3908,5.9424,7.2096,7.8888,7.8548,8.0088,7.518,6.2628,5.5632,6.1216,7.2176,7.6848,7.0448,6.728,5.224,4.4952,4.7692,4.5704,3.2896,1.9972,1.2812,2.082,3.3824,6.2312,6.5928,5.5716,4.3596,6.1676,6.626,6.968,7.3076,7.3992,6.8896,7.0244,6.6728,7.2524,9.0824,9.7788,8.1872,8.1628,9.0464,9.362,9.4908,8.2052,6.2264,5.61,6.5788,7.8056,7.4956,7.0176,5.9692,6.3468,6.0008,7.3048,7.644,5.7404,4.6268,4.4572,5.2316,6.1924,6.4104,6.2472,7.618,7.332,6.0876,5.1336,4.912,4.3188,4.87,5.1844,6.0628,5.6048,6.088,6.1736,5.8136,6.2932,5.8012,5.7232,5.4036,5.318,4.4296,4.7608,6.1044,4.8056,4.9708,5.5064,5.7768,5.2332,5.6972,5.1568,4.1776,3.4804,4.0916,3.6104,3.0004,3.412,3.7824,4.2808,3.4,1.6548,1.96,2.408,1.1652
3.9988,3.5376,2.5596,3.5624,4.4388,5.7004,6.1724,5.7784,4.1488,3.532,2.0696,1.5336,2.1772,2.19,2.8868,4.8304,7.7232,8.7644,9.2784,7.7604,6.0144,4.1576,3.2016,4.3668,5.9712,7.3812,8.5392,9.3232,9.6652,10.221,10.019,9.5888,9.438,8.7716,7.9664,6.4016,6.0284,5.6124,4.7312,4.6048,4.9496,4.2216,4.6112,4.2352,3.962,5.1312,4.4536,4.4328,4.5028,4.8824,4.806,4.214,2.8064,2.146,2.1144,2.168,4.4388,5.6616,5.5832,5.8752,6.246,6.7556,5.6652,4.9704,5.2536,3.3992,3.1628,4.888,6.6908,8.3064,9.554,10.668,10.387,9.5048,9.2572,9.6284,9.98,8.5628,8.1232,7.5276,7.696,7.6348,7.648,6.674,4.282,4.0972,3.9008,4.0152,4.656,4.4328,4.3212,4.9332,6.6344,6.4836,6.0124,5.7852,5.1308,3.1352,3.2704,2.2052,2.4804,1.9132,0.070801,-0.3196,1.212,2.6524,1.8744,2.3284,3.9988,4.0852,5.2788,6.2888,5.5588,6.1956,7.3676,6.7404,6.7364,6.7528,5.4912,4.5068,3.1472,2.1156
4.8296,4.9396,5.684,6.8084,7.2312,6.5464,5.7544,5.738,5.9264,6.888,6.942,7.376,7.5764,7.846,6.616,6.9232,6.0936,5.582,6.124,4.2592,4.208,5.9968,6.8572,5.8512,5.118,4.5284,4.0992,3.6404,3.6388,3.8708,4.1912,5.2156,7.0312,8.0732,8.3416,7.1528,7.8856,7.36,6.76,5.182,4.6104,5.2668,5.2268,6.1244,6.9876,6.21,4.8696,4.1628,4.1468,4.074,4.1212,2.7684,-0.3616,-0.2408,2.228,3.3668,4.5008,5.0768,6.028,7.6696,8.54,8.068,7.9224,8.1396,8.012,8.0944,7.832,6.7132,6.8096,6.0332,4.8344,3.6168,4.1248,5.8104,6.5612,6.9428,6.8672,5.2432,4.2052,3.5908,3.6012,3.2812,4.13,4.826,5.0932,4.4532,4.6096,5.9524,5.2768,4.9984,5.2632,6.3628,6.7192,6.424,6.524,5.6876,5.7696,5.4596,5.6908,4.7684,4.6272,5.0892,5.48,6.902,7.5284,8.0256,8.0096,8.104,7.37,6.8308,6.03,6.9184,7.2604,6.596,6.6156,6.638,7.1328,5.9628,4.9756,3.722,2.4464,3.7872
7.946,8.1536,6.594,7.0188,7.3344,6.124,5.95,6.722,7.6436,8.4344,8.1744,7.8852,7.4304,7.5268,8.0048,6.9528,7.1064,7.0156,5.8916,6.1472,6.6508,8.5024,8.688,8.1724,8.6712,9.4992,10.685,10.26,8.6184,7.176,5.3008,5.3996,6.0264,6.962,7.206,5.3308,5.7596,6.2252,5.7604,6.8428,5.9124,6.1716,5.7488,5.3716,5.9292,6.3512,7.0688,7.7484,8.276,8.0736,7.7696,7.5888,6.1548,4.2056,2.85,2.2676,3.36,3.1976,3.3456,3.576,4.5652,4.0084,3.364,2.2348,2.4432,3.0124,4.0252,3.6732,4.6416,5.7812,5.7824,4.6292,4.042,3.148,2.742,1.81,1.1756,2.9396,3.4024,3.3756,2.88,2.5748,4.2888,5.8716,7.9304,8.9244,8.1004,7.0852,6.7272,7.3284,7.1696,6.57,6.7796,7.4128,6.2212,6.4272,6.8464,7.5072,6.9616,5.438,4.0176,2.6884,2.0856,1.5756,2.0952,2.3072,2.678,2.2536,2.1444,2.9892,2.554,1.3624,2.9092,1.8788,-0.2016,0.3064,1.2496,3.8428,3.42,4.2508,4.7112,5.3844
7.6956,7.266,8.2624,8.7984,8.4572,8.6432,8.552,7.3404,6.3752,5.3308,4.538,3.3696,2.2216,3.8224,3.9036,3.2544,2.1716,2.2228,3.496,2.4016,0.5024,-0.1764,0.7936,3.024,5.4584,6.7956,6.9184,7.3208,7.4864,8.1156,8.9,10.005,8.7992,7.6088,7.6476,7.05,7.4404,7.2468,7.7888,8.3176,8.482,7.2612,5.6768,6.5308,6.496,5.4612,5.3924,5.7744,6.0876,5.6384,5.2336,5.8196,3.494,2.5616,2.6808,3.854,4.8188,4.8084,6.3584,6.9752,7.9756,9.7028,11.318,10.478,9.5344,8.682,8.0616,7.2608,6.7684,6.3428,6.0624,6.8148,8.6864,8.5312,9.0268,9.0424,8.0932,6.2512,6.8636,5.9576,4.9924,5.3384,4.4212,5.8768,6.4432,5.8,5.3624,5.642,4.6328,3.4888,3.4356,5.8236,7.0716,8.1976,8.4724,7.9192,7.6616,7.448,7.2924,8.1864,8.768,6.7744,5.612,5.0524,3.9888,4.0704,4.57,4.5336,4.1816,3.9088,4.394,5.8164,5.2764,4.3812,5.1488,4.7952,3.4484,1.6684,0.9308,1.9976,0.8984,0.5468
4.5096,3.418,4.7112,6.572,7.9044,8.238,6.8488,6.8688,5.8776,6.5692,8.4508,7.5692,7.6708,7.0172,6.4528,5.7644,5.946,6.448,6.242,5.2568,4.9944,5.6696,4.938,4.4904,5.4564,5.8688,6.1684,6.616,6.8324,7.3076,8.2992,9.2268,9.4904,9.9228,10.308,9.9388,9.1184,7.16,6.5716,6.7076,7.2484,7.33,7.55,6.5676,7.0868,6.8072,7.45,7.4016,6.3424,5.4188,4.1948,3.022,3.4304,3.2908,2.8368,4.2548,5.848,5.6648,5.7392,4.3992,4.2284,3.8804,2.6928,3.7832,4.9984,6.3088,6.9812,8.7628,8.912,6.4608,3.5224,3.496,5.2136,5.5596,5.3312,5.4276,6.7416,7.79,9.3212,11.292,11.454,10.014,7.1612,6.9512,6.4404,5.0176,5.4412,6.6632,6.8512,7.3504,8.068,8.6116,7.0204,5.8404,4.6424,4.558,4.646,5.0988,4.646,3.442,3.22,4.9084,5.7256,5.128,4.6764,3.8192,3.4144,4.014,5.2156,5.3188,5.5184,6.4604,7.176,7.17,7.0972,5.5184,4.5092,5.28,4.5256,3.4612,2.9772,1.6048
6.1104,6.6,6.7364,6.6692,6.7668,6.4028,6.8072,6.3856,6.9384,6.856,6.774,7.3292,7.3976,7.2968,7.0596,7.1308,5.9772,5.544,7.4828,7.718,8.3048,8.8544,9.0544,9.2144,8.5368,7.2528,6.8104,6.1524,7.4472,7.3256,7.2052,7.3188,7.5612,5.408,4.9012,6.638,7.7052,7.844,8.2292,7.3032,6.05,6.6048,8.9304,9.09,9.9848,10.906,10.741,10.604,9.9608,9.4012,9.8224,9.1836,7.8928,6.6468,6.1896,6.9036,7.7072,7.9152,6.7536,4.9944,3.3232,2.3252,1.5356,0.6152,0.798,2.3052,2.4924,0.5732,-1.2168,-0.3496,2.0824,4.1648,4.3196,4.4328,5.5108,6.848,6.7456,5.924,5.05,5.8552,5.2248,4.2216,3.2096,4.5024,4.678,5.3716,6.7496,7.2864,8.2732,8.5032,8.802,7.44,5.9408,5.6572,5.3132,4.976,6.756,6.6404,8.062,7.664,6.508,6.022,5.8324,5.8912,6.3852,4.0564,2.7312,3.4296,4.5592,5.1812,4.9716,5.384,5.7316,4.874,4.2768,3.8684,5.182,4.9164,5.2744,4.754,4.3828,2.5992
5.4436,6.2904,7.8292,9.4352,9.9052,8.3552,7.44,6.6352,5.9996,6.0268,4.7176,3.6584,3.8852,3.7676,3.7996,2.0572,2.2108,1.3776,0.9036,0.6172,-0.828,0.8644,2.0328,5.1608,6.6428,8.84,10.361,10.884,10.241,7.568,7.0088,7.9388,8.8172,8.1084,6.4412,7.1116,7.1868,8.246,10.661,10.166,8.2616,7.2808,7.1504,7.916,8.1008,8.7992,10.749,12.034,11.373,10.183,8.1604,6.2184,5.7492,5.0888,5.6872,6.0708,5.4964,4.6256,5.37,6.2704,7.3332,6.7376,6.8816,7.6228,8.3616,7.462,8.4204,8.5004,8.3568,8.0896,6.5088,5.3016,4.5204,3.4408,3.7268,5.1192,6.3256,8.1532,8.5416,8.594,7.9092,7.6508,6.7724,6.9504,7.1804,7.5044,6.0804,5.326,5.5632,6.7736,7.7156,7.6948,7.0228,7.2808,5.6564,4.1748,4.7892,4.8412,5.3808,5.5972,7.1044,7.3708,7.4952,6.9052,5.2408,4.224,3.388,1.8956,2.6584,3.5676,4.6444,4.66,3.914,3.3768,3.2728,4.4016,5.5092,5.1708,5.4448,6.3524,7.5116,5.8944
5.2984,5.93,6.5452,7.3912,7.5452,7.3524,7.5588,8.2044,7.4104,6.67,6.792,6.7708,5.848,4.7912,4.5008,4.7868,5.2328,6.2204,7.686,8.4312,7.7952,6.7956,8.048,9.8384,8.1956,9.024,8.388,8.5348,8.6536,9.9248,10.736,7.758,6.158,4.0756,3.5316,3.5784,4.372,3.7688,2.8364,2.1628,3.5072,4.05,4.2692,3.1028,0.8184,-0.4384,-1.6996,-0.988,0.7816,4.0476,5.4096,6.3724,7.5176,8.5684,8.6028,8.2292,9.2616,9.0496,8.2068,8.4484,8.5736,8.4892,8.1488,7.4936,6.3584,6.9632,7.1808,8.5208,9.4188,9.4884,8.7512,9.7664,9.022,8.066,7.398,8.118,8.4152,6.75,5.562,5.9316,6.8452,8.706,8.7888,8.1928,7.886,6.8304,4.896,3.786,4.1732,4.3576,5.3252,6.2708,7.2124,7.4348,6.8172,6.8636,6.3836,6.2392,6.4464,5.9136,5.9128,4.2084,3.6252,2.228,2.5908,3.4372,4.984,4.7348,4.3804,2.894,3.6212,4.1688,5.154,5.5528,5.8336,6.0676,5.3428,5.502,4.2156,2.8936,2.476,3.3216
5.7284,6.218,6.966,7.442,8.0488,9.1444,10.306,9.8216,7.9992,6.8604,7.2992,7.2064,7.7032,8.032,7.2748,6.0052,4.81,4.1336,3.198,2.488,3.01,6.3908,7.9404,9.5776,9.9632,10.032,10.002,10.204,9.6836,9.714,10.199,8.9576,8.2072,8.6128,7.7092,8.002,8.0448,8.2908,8.2908,8.5612,7.6232,5.8144,5.0956,6.8104,9.1024,9.4884,8.5892,8.8188,7.0628,7.2316,7.1148,6.1776,4.782,4.4444,4.6024,4.6028,5.2268,6.5608,7.5996,7.314,6.5308,6.4296,6.5684,6.5236,7.2168,8.3092,8.2864,7.9088,7.2992,6.878,8.4076,8.1932,7.5788,6.8052,6.5164,7.248,7.9848,8.4816,8.56,9.3628,8.8128,8.0968,8.5436,7.0736,5.5824,5.16,5.6404,6.1044,6.338,6.4768,6.4308,6.2308,7.384,7.0628,6.306,7.3028,7.4,7.2332,6.9444,6.286,6.4664,8.6432,8.4756,8.1292,7.0076,7.19,7.3108,7.342,6.2628,5.3044,5.1444,6.0784,7.1844,6.7564,6.06,6.404,7.5848,8.5724,8.5896,7.8948,6.5404,6.8196
7.4564,8.0044,6.7468,7.7368,8.8064,10.118,9.658,9.8156,9.612,9.2856,8.3012,8.5784,7.962,7.8284,6.8232,8.1664,9.432,8.8968,8.0368,6.158,5.3992,5.7496,4.87,5.3704,6.4292,7.046,6.306,5.896,5.6792,4.7184,5.9636,6.5636,6.536,6.5496,7.2956,9.2056,10.083,10.276,10.237,10.071,9.5104,9.2248,8.9568,8.4884,7.596,6.6048,5.688,6.8816,7.554,8.7216,8.9644,8.0976,8.0376,8.544,9.6572,9.752,9.886,8.8196,7.342,7.7208,9.6504,10.566,10.742,10.773,8.9552,9.0124,10.008,8.6056,6.4536,6.1316,7.242,8.6956,7.2564,6.0412,4.7652,3.886,2.4964,2.2284,3.6892,4.3836,4.8492,5.6064,6.8304,7.1132,5.8668,5.962,5.242,4.3796,2.5952,0.9216,1.6672,1.9096,2.9104,5.034,6.7048,6.4424,6.9084,7.142,4.7292,3.2548,2.8608,2.8064,3.9652,3.438,3.6036,5.3588,7.008,8.2256,9.092,7.714,7.1788,7.6192,6.5852,6.0128,6.1068,6.4196,5.1072,4.7036,4.2532,3.7812,3.1476,3.2796
4.9672,6.508,8.3768,9.5556,8.9892,8.1716,7.206,7.016,5.6768,5.0396,4.6176,4.2224,6.2168,7.0716,8.3656,8.1844,7.7476,7.7888,8.784,8.2168,9.0808,9.6272,11.452,9.922,7.3824,6.3084,5.7516,6.0084,6.3044,7.2376,7.3684,7.0332,8.578,9.82,9.7,9.2208,8.0344,8.4688,7.6424,6.8644,6.5656,6.5548,5.9316,4.6032,5.0572,6.4384,6.288,6.1444,6.5892,6.0676,4.9392,5.4716,5.6572,4.7912,6.1508,8.4412,8.248,7.2992,6.1948,6.5104,5.2344,5.4888,5.8916,5.638,5.1188,5.3224,6.9552,6.7212,7.9748,8.6184,7.5576,7.216,7.2192,7.3228,7.2772,7.2932,6.8344,7.4028,6.232,4.6392,4.202,5.1212,6.544,6.0228,5.3376,6.9392,7.822,7.4744,5.4268,5.0196,5.6544,6.708,4.2296,6.4092,6.8984,6.8916,6.2444,6.1988,7.672,8.2028,8.4536,8.534,8.9636,8.3488,6.3756,4.3688,3.5316,3.704,5.4948,5.722,3.438,2.7444,3.0048,2.3568,2.86,3.7896,5.4064,5.706,5.362,4.5208,4.8748,3.5904
3.4672,3.5576,3.3728,3.9424,5.0484,5.4428,6.2572,5.918,5.7504,5.7648,5.0724,5.6908,6.3568,7.2764,7.5412,7.5856,8.3028,6.8036,6.1252,5.7256,5.6812,6.2476,6.322,5.8932,6.3892,6.3732,8.082,7.8288,8.1432,8.6312,8.4412,8.7992,8.6604,9.0056,5.9532,3.1044,3.5228,4.2964,5.2292,4.9548,5.4856,4.0648,3.1672,2.4344,3.2848,2.97,4.5252,4.5044,3.8636,4.7532,3.7992,4.4032,3.986,2.824,1.6264,0.2568,0.53,1.5524,3.6948,4.5812,5.21,6.3388,8.168,9.1792,9.6776,10.659,11.093,9.9744,10.834,10.695,9.7008,8.1124,6.7456,6.2668,5.6408,6.0944,5.91,6.8752,6.9048,7.0488,7.3772,8.6436,8.2904,8.194,7.8532,6.5064,6.0336,5.27,5.8968,4.734,3.4956,3.372,3.164,2.742,2.5024,1.9812,4.2224,6.8752,6.6368,6.2548,6.3436,5.3356,4.5716,4.2388,3.034,1.7596,1.8772,2.6028,3.9476,5.616,6.872,7.4748,8.3312,8.5608,9.062,7.2216,8.3328,6.9472,7.044,6.0552,6.048,5.3796
3.5392,2.5676,2.4264,4.7796,7.8796,8.0192,8.138,8.8268,9.3596,9.3036,9.0044,8.7084,9.124,9.8032,9.3876,9.1976,8.9652,8.2816,7.8976,8.1644,8.5056,8.4592,8.0736,7.0884,6.7704,7.35,7.7384,7.6892,6.8232,6.1004,4.7648,3.9932,3.088,4.2196,4.7608,5.1844,5.9936,7.8048,8.868,8.9472,9.0972,10.83,10.406,9.756,9.286,8.7964,8.0312,7.2864,7.01,5.3344,5.6108,5.958,7.5884,8.1152,9.1668,10.331,9.1488,7.6724,7.4916,8.0236,8.8944,7.948,6.85,6.3904,5.1696,6.3664,5.832,5.1224,4.1152,2.1816,0.7996,0.4704,0.068801,1.3996,2.6144,2.2932,3.3896,4.7788,4.6692,4.0248,4.0384,3.7744,4.5876,4.9156,3.31,2.0192,3.1316,5.1112,6.7244,7.4036,6.4872,7.4876,6.5796,6.434,6.2112,6.8888,6.7192,6.8332,5.4392,4.966,4.6872,6.3004,6.256,6.0356,4.8052,4.4108,5.668,5.2552,4.2968,3.6664,3.1484,3.3236,2.8856,2.7992,3.948,4.426,5.2548,5.4632,5.5884,5.4508,5.2644,4.9352
3.5076,3.7592,3.1708,2.3612,3.0016,3.3116,3.5432,4.5524,5.8376,5.1148,6.0948,6.2312,7.2604,7.326,7.6892,7.9612,8.256,7.6656,6.9716,6.0348,5.014,4.3432,4.2468,4.9436,5.952,7.5468,8.6348,7.3216,4.8996,5.0484,5.0548,5.718,6.1784,6.2992,6.4468,5.0708,3.8824,3.7712,3.54,2.3204,4.4784,4.8404,5.1452,6.2196,8.8108,10.625,9.6112,7.0968,5.7904,5.02,3.9824,4.6728,5.024,5.1932,6.3128,8.35,9.2644,9.8324,8.5176,8.3376,7.9576,5.4956,4.84,4.52,5.8452,5.9904,6.4128,6.0364,4.5092,4.0432,4.1412,4.5032,4.934,4.2412,3.1832,3.9104,4.0736,3.2336,4.3444,4.246,3.0928,2.3672,2.8808,4.0464,4.974,4.8856,5.2352,4.9944,5.2052,5.2892,4.8596,5.9416,6.4028,7.6216,7.7748,6.7192,5.1028,4.2332,6.5132,6.8976,6.476,7.0864,7.4256,6.1832,4.5936,3.1936,3.0388,3.5352,3.5304,2.8512,1.5128,1.9108,3.1256,3.2308,1.0344,-0.031198,-1.788,-3.2548,-1.2,2.0416,3.6988,5.484
6.6484,7.5848,8.4588,8.0036,8.476,7.9036,7.4192,6.524,5.4152,3.0408,2.0756,1.3204,2.3608,2.356,2.4668,2.628,4.1912,5.866,5.9288,6.992,7.4292,7.8204,8.0484,8.0288,8.0252,7.8152,7.3776,8.0456,8.724,7.3856,7.8388,5.4224,4.532,2.9392,2.2436,4.4752,6.6988,7.5492,8.3004,8.0404,7.3188,5.9792,4.4028,2.7908,2.078,2.632,2.3748,3.1196,3.4208,4.808,5.4968,5.7916,7.2928,8.0648,9.778,9.8172,8.4324,7.5008,8.5076,9.86,10.422,9.6552,9.8252,8.4672,8.2424,7.5216,6.6748,7.1052,6.5748,6.6128,6.9768,7.2976,6.6244,5.2488,6.0936,6.2448,8.0204,9.2052,9.9972,9.6792,8.6144,7.3868,7.4044,7.0228,6.248,6.3596,6.642,7.1068,7.7844,8.3408,7.5396,7.7688,8.3364,7.7756,6.56,5.5336,5.876,4.436,4.8992,6.0864,6.3788,7.3072,6.1744,4.844,4.1388,3.946,4.658,5.4668,5.6608,4.4388,3.6284,2.8596,3.292,3.7804,3.7004,4.048,5.1588,6.3572,5.8488,5.5864,5.6272,5.8448
2.6032,2.7868,2.8172,3.1496,3.5116,4.536,4.6296,5.9092,6.336,6.6964,7.0024,7.512,6.6776,6.0772,4.8444,4.242,4.8184,4.5588,5.8972,7.0064,8.4408,8.8884,9.6936,9.4876,7.556,6.4028,6.3092,6.3748,5.6916,5.7452,7.176,8.1172,8.1316,7.3324,6.5796,6.0468,6.078,7.4756,7.9296,7.5028,7.0004,6.4044,6.6356,6.422,6.7596,7.2776,6.3844,5.4636,4.4388,4.4992,5.1412,6.5208,6.0848,7.2156,8.8048,10.164,10.046,10.64,9.178,7.5136,7.2212,7.7832,9.3268,8.892,8.0564,7.0024,6.956,8.0484,8.0256,7.9848,8.8632,9.2096,8.7152,9.4744,9.8404,9.4392,8.0256,7.202,7.4476,7.9184,9.0284,9.4048,8.892,7.9496,6.072,5.692,4.8484,4.75,5.1152,5.424,5.6964,5.52,4.7228,4.9864,5.1468,6.0604,6.6064,6.3612,6.5924,6.3336,6.3768,8.456,9.1776,8.662,7.4764,6.556,6.4408,5.3576,3.14,1.1596,0.1884,-0.3108,0.8244,0.2108,1.4076,2.1872,2.9904,3.3656,3.2848,3.0496,2.9172,2.962
5.9732,5.7892,6.0732,6.8932,7.338,7.8408,7.0636,6.1152,6.83,6.1596,5.2452,4.734,4.2116,5.764,5.9564,6.874,7.4332,8.0984,7.854,7.9156,8.7192,7.9208,6.8736,6.0908,6.0528,6.3016,6.0852,4.5928,4.704,5.4024,5.6292,6.7284,6.7792,6.8888,5.284,4.294,3.6348,2.7892,3.0956,3.9028,4.7932,6.8732,5.8052,4.6088,4.4292,5.726,7.6384,8.9764,10.671,10.054,9.1984,7.85,7.1032,6.9396,7.6764,8.532,9.4108,10.232,11.365,10.488,9.5152,8.7292,8.7692,8.2,8.6076,8.1184,7.984,7.3336,7.7872,8.2256,6.2844,5.2896,3.8536,3.8092,2.2136,0.5344,0.2976,1.4368,3.2704,4.214,4.9764,3.9736,2.0352,-0.3696,-0.7856,1.562,3.0484,4.436,4.3364,3.8588,3.4568,4.7924,5.7916,5.77,5.7704,6.4648,7.2248,8.768,7.5456,7.5516,7.0224,6.4524,5.7624,6.02,5.498,5.7004,5.9604,6.3888,6.1032,5.8892,5.1812,4.0264,3.7312,2.9244,3.704,4.252,3.894,3.9296,3.4732,3.8392,4.572,3.9736
2.962,1.7324,1.87,4.0884,6.6512,6.7568,6.864,7.014,6.9608,6.4772,5.83,6.7396,5.4508,6.6752,5.8792,4.772,4.5768,5.3184,4.8372,3.8908,4.834,6.17,5.6604,5.3168,3.2612,3.81,4.2428,5.3452,5.5228,5.1832,4.9788,5.5476,7.3212,10.334,10.057,9.6668,9.426,6.9592,6.5552,6.7336,6.7344,4.7824,4.922,6.5064,8.2532,9.2416,8.8004,8.4244,7.916,5.4756,3.5928,4.1152,5.0176,6.1576,7.5664,7.462,6.2992,5.9,5.7456,5.7712,5.8892,6.5452,5.798,4.8436,5.1144,5.1512,3.824,2.3956,2.3208,2.5976,3.3524,4.3144,5.252,5.5128,6.8032,8.1756,8.1224,8.1888,7.5568,7.862,6.534,6.418,4.588,5.094,4.9572,6.2236,6.7616,6.6216,5.4144,5.6312,6.6848,7.342,6.6024,6.9208,6.5064,5.6096,5.8052,5.4512,6.5216,6.2072,5.0588,3.2,1.8888,1.0068,2.8316,3.022,2.884,4.3488,4.7272,6.2668,7.2556,6.418,4.4784,2.8656,3.2632,4.6648,4.3344,3.5924,3.3196,4.1656,3.6324,2.4532
4.0348,6.6588,8.708,8.9172,8.8376,7.9084,7.0108,7.5548,7.4752,8.3996,8.438,7.8324,5.7836,5.8444,6.9364,8.2016,8.1452,9.4416,9.772,10.878,10.784,9.6216,6.8984,7.0656,6.8228,6.128,6.9016,7.5476,7.7564,7.704,6.4924,6.4416,4.8748,4.2136,3.0332,3.8608,3.79,4.3768,3.7268,2.1388,3.1904,6.1996,7.3604,7.602,6.6192,6.8404,6.1092,5.7472,7.1344,6.9504,7.6796,7.4268,7.476,7.6432,7.8152,8.374,7.4248,6.1564,4.3364,1.8516,2.7348,4.0928,4.5872,4.5428,4.8956,6.2016,6.4716,7.4228,7.9216,6.684,6.368,4.4212,4.7488,4.4896,4.4576,3.146,2.572,1.7532,1.7416,2.3484,2.9672,3.2188,3.5244,3.8908,4.484,4.544,4.3244,4.5988,5.1172,5.3564,5.3012,4.1764,4.7184,5.5004,5.628,5.5584,4.3544,3.7924,3.5936,3.9604,2.6592,3.7528,4.474,5.988,4.1292,2.5676,2.596,2.2564,2.9156,3.398,3.378,1.8296,0.502,-0.4872,1.8996,4.4008,4.7088,4.0332,4.8636,6.2296,7.8,8.1132
3.5568,3.8844,4.8128,5.6016,6.4912,7.9672,8.5416,7.6348,5.4924,5.1896,5.3068,5.2272,4.5572,4.5032,4.3548,3.39,3.3724,2.7296,3.0672,1.1508,-0.017999,1.4072,3.1236,3.9308,3.674,4.0456,4.9712,7.0208,8.104,6.9228,5.2124,5.4828,6.9176,8.6048,8.322,7.9804,7.3584,6.9564,7.1524,9.296,10.125,10.292,9.1424,8.0912,7.2064,5.59,5.2892,5.8048,4.8416,5.6,6.0988,6.0252,6.2204,6.2576,8.492,9.0516,7.9712,7.8036,7.624,6.8124,7.188,7.052,6.1864,5.9168,6.0144,6.4572,5.6992,6.1644,5.8516,6.0664,7.0992,7.1564,6.698,5.896,4.164,4.6116,5.6312,6.0708,6.4896,6.932,6.1596,6.7916,6.2084,4.552,5.0864,6.288,6.0972,6.2312,6.2728,6.3468,5,3.0564,2.7792,4.1812,4.1764,4.164,3.7676,4.332,5.5972,5.9776,6.916,6.006,5.2652,4.1944,3.6168,1.562,1.268,1.7176,3.134,4.7476,5.1224,5.3908,5.5568,5.1296,2.9132,1.89,2.4164,0.3772,-0.4112,-0.61,0.118,1.9132
1.7092,0.674,1.3948,3.7808,4.846,6.5188,6.5868,7.132,7.1576,6.6544,4.7548,6.65,8.7104,11.23,11.828,11.642,10.896,9.7796,7.6528,7.598,6.1048,5.8244,5.728,5.1632,4.2712,4.1328,5.7876,6.1188,5.8944,5.5372,5.8444,5.9064,8.028,8.3736,8.7944,9.5344,10.002,9.3628,8.7,8.3056,8.1596,8.8708,9.1264,8.3928,7.8356,7.9976,8.154,7.9908,8.1816,5.9352,3.6672,4.3476,4.7828,5.626,5.4772,5.178,4.9576,4.2324,4.7044,5.0096,3.7192,3.9564,2.7684,2.9916,3.3288,2.2232,1.7316,1.0288,1.0356,1.8144,2.4684,4.8352,6.0444,6.4092,7.1684,7.4088,7.7204,8.6296,8.9972,9.2584,9.1304,9.8856,9.1952,9.3736,8.968,8.2568,7.8564,9.7132,8.6404,7.626,6.9688,6.1044,6.8356,6.7448,6.7096,6.882,6.6432,6.4772,5.8224,5.8348,5.392,5.6876,4.3844,3.8092,2.5972,1.8344,1.6708,2.0804,3.7444,6.0448,6.6804,5.228,4.5856,4.908,4.3648,3.43,1.56,1.7388,2.592,3.5772,3.9176,4.58
8.3868,7.7704,5.4332,5.1604,6.5872,7.6504,7.8636,7.9432,7.1844,6.2276,7.2664,8.6568,8.0752,8.0376,8.2848,9.2124,7.7116,8.0188,7.5308,5.7476,5.4396,5.5592,5.4308,6.2572,6.9892,5.794,4.5352,3.522,4.1844,4.8168,4.9328,5.5728,6.6508,6.6924,6.0772,6.8132,6.7368,7.812,7.8644,9.0468,8.3016,8.3712,7.5384,6.4296,5.0272,5.8248,5.6148,6.3532,7.0068,6.2388,5.5172,4.3796,4.7508,4.2916,3.6336,2.1384,1.3944,1.6792,1.5,2.732,2.7964,2.9232,4.5276,4.2184,5.41,6.7308,8.0012,9.5516,10.262,9.5224,9.138,9.538,10.015,10.144,10.862,11.385,10.829,10,8.232,6.5836,6.3772,6.9504,7.5008,6.5668,7.2976,6.126,5.558,5.6044,5.24,5.1852,4.3524,4.0676,5.2748,5.8668,6.0952,5.5276,6.402,5.7412,5.6332,5.8872,5.2456,4.688,3.2004,1.1,-0.4792,0.3464,-0.2792,2.3872,2.4896,3.45,3.924,2.7404,1.9592,2.2956,2.8132,2.0492,1.8776,2.6124,4.2056,4.5004,4.6248,3.7376
7.5008,7.8084,7.0808,7.5348,8.1772,9.4824,9.4056,8.1808,7.1592,6.8928,6.5208,5.9772,7.2716,8.0228,9.5512,8.2448,7.9312,8.6352,7.5468,6.8724,5.7756,5.4404,7.1592,8.2836,9.6908,9.0648,8.3352,7.5868,6.804,6.4028,6.2052,6.2028,6.2852,6.8948,6.7588,7.456,8.522,7.8664,7.528,7.01,5.0556,5.5556,4.816,4.2288,3.65,5.1204,4.9804,3.4368,1.3932,1.4588,0.9052,-1.4444,-1.544,-0.057201,1.2104,2.4604,3.7084,3.5744,3.8432,4.6104,6.0216,6.5028,6.9688,6.844,7.13,6.74,6.0112,6.3612,8.332,7.972,8.296,7.9504,8.6076,8.604,7.646,7.3416,6.7436,5.214,5.4464,4.9976,2.8608,3.6988,3.6524,4.3832,4.4012,4.38,4.0528,2.7228,3.5396,1.552,1.958,3.1368,3.5996,4.3692,4.02,4.8988,6.0732,7.3252,6.9204,7.7488,6.964,6.2336,4.5816,2.996,2.6672,1.7248,0.2808,0.2636,1.254,2.2732,1.4668,1.762,0.8116,2.8076,4.9492,4.7744,4.3564,3.3912,3.162,2.2852,1.7896,1.2332
6.5996,7.014,6.8372,5.564,6.0196,5.1952,4.9732,4.9272,6.016,7.0352,6.6184,6.1128,4.5792,3.8448,3.272,4.2092,4.8888,5.6796,5.9652,6.0372,6.4088,5.7496,5.852,6.3368,5.8536,5.6544,5.7444,4.33,4.5284,4.0536,4.1924,3.6088,4.6648,3.8688,3.7824,4.1228,3.9256,5.4504,6.75,6.632,6.0132,5.9884,4.6304,6.676,7.8196,8.2048,8.2556,8.5616,9.2132,8.518,5.898,3.5456,4.6264,5.912,7.636,7.87,9.076,8.3496,7.0136,6.2348,7.6808,7.0028,5.458,3.5112,1.4144,2.8024,4.562,4.5936,5.0584,6.2768,7.7184,8.5584,7.0716,5.966,5.1228,4.0344,3.9548,4.2912,4.6656,4.4704,5.4188,5.3972,4.6932,4.818,5.766,5.526,6.2796,4.8832,4.7276,3.7504,4.702,4.4964,5.49,4.2292,3.8464,3.9192,3.0964,3.938,5.3696,6.1196,7.4812,7.2808,6.5108,6.1732,6.068,7.1468,7.3852,8.0084,6.9828,6.7904,5.8392,5.8108,5.8868,5.55,5.1812,5.048,4.86,3.4044,2.2732,1.4356,0.7476,0.1304
4.6632,4.9324,3.5748,3.7628,2.6076,2.1364,3.8352,3.7968,3.08,2.7452,1.32,1.0696,2.3604,2.1176,3.8728,5.6916,5.56,4.6356,5.2568,5.7064,5.8428,6.3312,5.7708,5.3768,4.3528,5.4324,5.7828,6.2404,6.2204,5.842,6.2344,6.7752,7.486,8.5708,8.0732,9.3052,6.7288,4.858,2.8224,2.2136,2.0796,2.314,2.6968,2.3336,2.402,2.4824,2.8664,2.474,3.4452,4.7592,5.7196,7.3556,6.8384,6.4032,5.9004,4.9872,4.7868,5.328,5.5244,4.626,4.7536,4.0136,6.094,7.316,7.7596,7.8304,7.6296,5.182,3.596,2.4484,2.1588,4.0728,4.3628,4.1524,3.8956,4.8084,5.582,6.3168,7.9136,8.3504,9.874,8.8816,7.0724,6.1756,6.0056,4.7908,4.0848,5.16,6.058,7.032,7.5284,7.686,6.5248,6.0692,6.2392,5.72,6.9488,8.1168,9.1288,9.6936,8.8488,8.1404,7.7744,5.598,4.174,4.6708,4.028,3.8244,4.6532,3.8408,3.5456,3.8472,4.1116,4.2652,3.288,1.356,1.3292,1.7956,1.126,-0.2124,-0.6544,-0.4212
7.3916,7.6116,7.328,7.0072,7.5968,6.2836,6.1544,5.742,5.3036,3.6328,2.3092,3.384,3.7412,4.8488,5.4364,5.3944,4.4648,5.9256,5.6408,4.794,5.5292,6.2852,6.226,6.422,6.9212,6.6392,6.428,6.4284,6.1996,6.7728,5.9224,6.4256,5.276,4.5396,3.6012,4.0328,4.4356,5.4836,5.7792,5.8628,6.1464,3.558,0.7984,-0.1316,0.5444,2.5776,4.1144,5.838,6.9396,6.092,6.1088,5.4376,6.1364,5.7384,5.1192,5.9172,6.84,7.9584,8.0276,9.6696,9.288,9.0192,7.7724,7.0068,5.8644,6.5296,7.3776,8.0888,7.342,8.1644,9.142,10.018,12.144,10.722,11.497,9.3608,7.1048,6.3984,6.6748,7.1252,7.0232,6.7484,6.6504,7.332,8.7156,8.1188,9.7592,9.4392,8.4412,7.3084,7.3716,7.6728,7.8828,6.9268,6.374,5.8652,5.2928,5.3076,5.5936,5.1248,3.6556,4.0128,4.8948,5.4432,6.468,5.7056,4.5036,3.4384,2.6768,3.3364,3.41,3.3796,3.126,3.4856,3.3544,2.586,2.078,2.1876,4.7788,5.3424,5.9032,7.7688
4.7308,5.3952,5.3484,4.8812,4.678,3.5184,3.3572,2.4752,2.4896,2.2732,2.876,3.51,3.4832,3.5148,2.2464,2.9256,3.5656,4.4996,4.6404,5.6192,7.7976,8.402,9.7964,9.7688,8.7332,8.8536,9.862,11.206,10.622,9.2776,9.6504,8.76,8.5736,8.478,8.6024,8.4156,9.0132,8.2076,7.192,7.8948,6.7976,6.1676,5.3372,4.4788,4.3332,3.7088,3.1076,4.1248,5.4848,6.014,5.0456,4.3572,2.648,2.5236,3.7672,5.5444,5.862,6.2244,7.2716,6.8644,6.4032,6.6928,7.3884,7.7536,8.3692,9.8736,11.72,10.83,8.9164,8.9264,8.6032,8.5084,8.3736,7.9588,8.3172,6.0888,6.2404,5.9996,5.9468,7.2472,7.6492,6.1512,4.714,3.1608,3.5532,4.0864,2.5504,0.6376,-1.1284,-0.5708,0.9984,1.498,2.7792,4.312,5.4616,5.5816,4.9808,4.7844,3.7832,2.7844,0.606,0.1324,0.6808,1.45,0.302,-1.166,-0.6504,-1.4236,-1.1256,0.2536,-0.332,0.7084,-0.144,0.8284,2.8208,4.3892,4.4792,6.0888,6.6576,6.3448,4.6224,2.8568
3.4312,3.5992,4.104,5.5744,5.3008,5.3004,4.6668,5.2096,3.9952,3.0256,1.9468,2.6104,4.2776,5.7372,6.1036,6.45,6.2244,6.044,6.1448,6.9016,7.6536,6.6724,4.9916,6.3532,6.9584,8.3448,8.0908,8.006,8.5372,8.4152,8.714,7.5416,7.9504,7.0828,7.0276,7.0344,8.19,8.1932,6.8824,6.444,6.8276,6.8292,6.8152,6.4732,6.1752,5.0328,5.172,5.8616,6.6996,6.9332,6.426,8.2084,7.3196,7.294,6.9688,6.8788,6.786,5.9036,5.3116,5.4948,6.4544,7.434,6.6452,5.2796,4.5908,5.4928,6.662,8.0908,7.4156,5.9504,6.402,7.2592,6.4604,5.9592,4.4408,4.8724,5.0828,5.7424,6.4084,7.0312,7.8292,7.8364,6.768,6.2048,6.4924,6.606,7.6244,8.002,8.232,6.9948,7.2956,6.3708,6.648,7.5808,6.95,6.9976,6.1588,5.748,5.5912,6.098,6.5728,6.8356,6.0824,6.3532,6.7116,6.5428,5.2684,4.4672,3.3524,2.954,1.9964,0.5428,0.8224,-1.0976,-1.626,-1.8392,0.5604,3.1192,5.1264,5.0656,3.8516,3.3652
7.936,8.55,8.8516,7.94,8.3572,8.0964,8.2548,7.4916,8.0284,7.9728,8.3236,9.4604,10.35,9.5168,8.2284,7.8936,8.5116,8.8044,8.7004,8.3504,6.768,5.8916,5.5332,5.636,5.212,3.8232,4.2316,4.374,4.44,4.9152,5.322,6.0716,5.3788,6.7784,7.4312,7.744,8.1824,7.8508,6.3928,6.8784,6.5728,5.7916,5.2736,5.3524,4.8084,4.2604,4.3564,4.2668,4.6424,4.4124,3.7664,3.806,4.4528,3.968,2.2668,1.4812,1.2968,1.6308,3.0428,5.7668,7.3348,6.9604,7.5216,8.0716,8.6856,9.6688,9.0136,8.6116,7.7432,7.204,7.2108,8.5504,8.2548,8.7752,8.1216,7.1252,6.5328,7.2404,7.0504,7.5104,7.9424,7.9212,6.5824,5.2748,4.3416,3.7744,4.5868,6.5404,7.7504,6.2748,4.7564,3.3776,2.92,2.6236,2.358,2.9472,3.7932,4.6208,4.8308,4.104,3.1588,0.6912,-1.3008,-0.6932,-0.146,-1.1864,-1.826,-1.3224,1.322,2.87,3.5788,4.3696,5.1176,5.5144,7.988,7.474,5.6864,4.6048,4.9204,4.0332,4.0644,4.2976
7.5072,8.0728,7.4768,4.6856,4.138,3.4516,2.9312,2.5008,3.6304,4.6484,4.6968,5.58,6.4292,4.9396,6.1548,7.7984,8.3876,8.0132,7.732,6.8888,6.1792,6.622,7.8092,8.2976,8.1156,5.9488,7.2248,6.886,6.742,6.1036,5.676,7.078,7.5028,6.2536,6.2852,4.7768,6.0844,5.1848,4.6064,4.6744,5.04,5.134,4.314,5.4612,6.6748,7.9552,9.7292,10.217,8.7876,7.2304,4.7664,2.7476,3.3696,5.0256,6.072,7.5192,7.9516,8.9504,8.8256,9.1664,7.8592,7.9648,6.5108,5.982,4.5512,5.3072,5.7,6.3016,6.7556,7.4636,8.5624,9.6948,9.5428,8.8988,7.4404,7.888,7.7384,7.0788,7.5756,7.3664,7.8288,7.3,6.01,6.8376,7.272,8.692,7.3876,7.6092,7.282,7.6044,5.932,5.4992,5.3564,5.924,6.5312,7.1324,7.5616,7.418,7.1664,7.3428,6.368,4.9072,4.3876,3.8472,3.142,3.074,3.814,4.062,1.2624,0.050801,1.2596,2.188,4.9112,5.3804,4.912,3.7736,2.9876,4.4756,4.898,5.5528,5.1456,4.2964
3.4428,4.5892,5.0204,6.2424,5.2372,6.0768,6.4852,5.322,3.8724,4.3968,3.6704,1.2288,0.576,1.1268,2.9572,4.3528,4.0996,5.5584,4.7872,5.9104,7.2092,7.714,9.5492,8.4424,8.9236,8.628,7.3852,6.4288,6.3604,4.4124,4.4596,5.6816,5.5248,4.6116,5.1936,6.1448,7.0472,7.3204,6.5504,7.1012,6.1068,4.8388,4.2584,4.3116,4.1256,4.9584,5.1024,6.5604,8.1404,6.4536,4.6212,3.2136,2.4756,1.2516,2.506,2.2528,2.7284,2.5264,3.2328,4.7152,6.1872,5.9784,5.336,5.5824,5.0136,4.502,3.5368,3.566,4.9108,5.9364,7.2444,7.1148,5.7464,7.198,8.1936,8.2456,8.4048,7.9048,5.2832,3.6964,3.714,4.4864,4.7096,4.2928,4.596,5.372,5.428,5.4572,5.3876,5.4472,5.412,4.8312,4.9396,4.1952,4.6736,6.114,6.2532,4.706,4.4696,4.9704,4.9824,3.6752,2.724,3.068,3.6508,5.612,4.9288,5.378,5.202,4.902,5.0532,5.1484,4.512,4.0848,2.7252,3.354,4.7464,5.8072,6.5064,5.77,4.9948,5.2192
9.2592,7.3928,5.0708,5.2976,4.4792,4.6056,4.1452,5.6904,5.7552,6.4848,7.1288,8.3168,8.7328,7.7352,6.8604,6.7908,7.248,8.7684,8.8424,9.154,9.8244,9.4548,9.4652,9.062,9.4036,9.632,9.5232,9.0048,8.8404,7.8752,7.0184,7.3872,7.0016,6.3172,4.8536,3.142,3.3212,2.7556,2.3744,1.8864,1.1572,1.1616,4.0108,6.4148,8.9356,9.7636,7.4596,4.7124,4.382,3.9192,2.6216,2.274,3.0004,4.3524,5.8936,5.9352,6.8988,9.0892,8.6624,8.7156,7.8396,7.134,6.5568,6.0024,7.2184,7.0052,7.6284,8.0456,7.8648,7.4144,7.2168,6.7452,7.7056,8.1228,8.3344,8.184,7.2292,7.1764,6.2364,5.6144,5.2332,5.8336,5.0024,3.828,3.6764,4.4188,4.9008,4.8764,4.9316,6.4972,8.47,8.4028,7.4108,6.1684,6.0528,5.852,4.6052,4.0644,4.312,4.3324,3.7928,3.7844,1.9168,0.7848,1.5524,1.314,3.206,3.3684,2.7468,2.694,1.022,0.057601,0.8024,0.4608,0.432,1.186,0.778,1.4276,1.2844,0.4348,0.6332,0.9716
5.3072,6.1404,5.7732,5.3272,5.3912,6.9368,7.6052,8.6972,9.3688,10.582,9.712,8.9504,8.5568,8.6208,9.0428,10.094,9.6324,9.96,10.778,9.8848,10.277,9.3748,9.4148,9.7644,8.332,7.8972,8.5872,9.5072,10.065,9.8632,9.648,9.6172,7.9232,7.3092,6.6148,5.39,5.0144,7.0192,7.3404,5.8644,3.434,3.8548,4.4512,4.7536,4.4748,3.2116,3.3088,3.1468,4.1396,3.3812,2.3424,2.4952,3.6164,3.5832,3.4412,5.0632,4.9416,5.5596,6.866,8.892,8.6116,7.6444,5.526,4.3412,5.1316,6.9836,5.6936,6.7752,6.8648,6.7544,8.1424,7.7948,8.1292,8.198,8.1592,7.168,6.4412,4.5116,3.764,4.6376,3.4272,3.5304,4.656,5.4392,5.2456,6.0264,7.4296,8.2156,8.1276,6.8552,5.6044,4.4004,4.244,4.978,6.3316,7.0844,7.5832,7.6328,7.1036,7.3268,7,6.9456,7.9092,7.6544,6.4696,5.69,3.5092,2.0772,2.1652,3.0656,3.638,3.418,1.7648,0.2256,-0.011597,-0.732,0.1792,0.5104,2.2536,1.106,-0.081199,0.782
3.002,5.0748,6.8556,5.7876,5.6108,4.8308,3.9768,3.3024,3.822,4.4612,4.6672,4.5324,4.9112,4.328,4.528,5.7164,4.5416,5.9188,7.0164,7.36,6.4012,6.3044,7.4992,8.8948,9.52,8.8328,8.1936,8.8448,7.4716,6.7636,6.4436,5.6644,5.6152,7.8104,7.4556,8.3612,6.5044,5.3252,4.662,6.0212,6.7636,6.8704,7.542,8.182,8.3028,8.9628,8.6944,8.1512,7.874,7.2684,7.6436,6.1928,5.4124,5.1312,5.016,3.406,2.9064,4.2864,4.818,3.658,3.5748,4.2888,6.0536,6.8972,7.3936,8.8144,8.416,8.1944,7.2192,8.0152,8.7148,10.236,10.624,8.906,8.0728,6.792,6.3072,7.1204,7.8832,7.1332,5.9856,6.0304,5.134,4.2068,4.3376,5.224,5.8892,5.6488,5.5476,5.9292,5.3864,4.3448,3.7832,4.5256,5.6892,6.0388,6.4676,6.9968,7.1752,7.3276,7.342,5.55,3.7396,3.0992,2.4244,2.312,2.5952,3.6188,5.074,5.4332,4.8412,3.9572,2.2676,3.2372,3.916,3.7148,3.0804,2.8328,1.3668,1.0856,2.8152,2.5312
4.0556,5.1628,5.6616,6.87,5.3492,5.2572,4.6072,4.4952,4.3368,5.6576,6.8576,8.1036,8.7468,8.734,8.8228,9.46,9.0192,8.6492,8.3112,7.4972,3.6892,1.9764,1.2088,2.3068,2.958,3.566,3.6644,3.6924,4.9488,6.1144,6.442,6.3548,6.0972,6.972,7.9628,7.7444,7.9124,8.7208,8.67,7.714,7.136,6.5332,6.0324,6.7728,7.5708,7.9532,8.3784,8.694,6.7444,5.332,6.1024,4.4444,2.9336,4.0228,3.9744,3.9696,3.7532,4.1116,4.2224,4.6616,5.3992,5.8008,5.3068,4.8988,3.7912,2.532,2.6932,3.2828,4.1508,4.046,3.8728,4.0724,4.4928,4.5772,4.4728,4.6852,5.0084,6.6528,7.8032,7.6876,7.3684,6.608,6.616,7.4184,7.4588,7.5332,6.9872,6.804,6.3356,6.3944,5.9428,6.314,5.9852,6.5256,6.704,5.6796,4.8576,4.6544,5.4384,6.2356,6.1752,6.7036,5.374,4.1884,3.6416,4.0348,2.3028,1.4848,0.1496,1.3252,3.28,4.3536,4.93,4.3108,3.1792,1.7428,2.0584,2.2768,2.602,0.92,-1.04,-0.9464
6.4528,7.0188,7.7416,8.746,9.4224,8.768,6.6276,6.9148,6.4604,6.624,5.9304,4.6,5.538,5.4964,5.9772,7.1316,6.3256,5.1432,6.894,5.8156,6.0964,5.34,5.8864,5.3044,4.7904,5.2456,7.0604,5.2148,4.0892,3.6792,3.2708,2.3044,0.9212,1.522,1.8968,2.1984,2.498,2.8864,2.53,3.2644,5.2624,6.6716,6.0144,6.8624,6.9456,7.2364,6.4228,5.8324,4.7676,5.2532,4.7476,4.6248,4.3068,4.554,5.5204,5.9456,7.662,8.8224,9.0384,9.386,8.8488,8.7916,7.8244,5.2372,3.564,3.21,4.2692,4.5424,5.958,5.362,4.1768,2.8088,3.1368,2.9464,4.714,6.8932,7.2972,6.9748,5.7196,5.1776,4.2908,3.052,2.8388,1.7588,2.122,1.6472,2.4632,3.5796,4.6332,6.09,5.0648,4.4416,3.8248,2.9484,1.264,1.2692,4.074,3.9504,3.9892,4.0388,1.568,0.5524,0.8684,1.6488,2.3568,4.0652,5.7588,5.3152,4.14,3.4628,3.8288,4.8156,5.7404,5.6012,2.278,1.2192,0.5144,4.0852,5.7044,5.5736,5.538,4.9788
0.616,1.3164,2.932,4.2784,4.8452,5.272,5.9076,6.62,7.2436,7.4912,7.3044,7.866,7.8912,7.6156,6.6224,5.9888,6.026,6.2932,7.3256,7.794,7.8416,7.8764,7.66,7.1992,7.402,7.6256,7.2636,7.0076,6.2896,4.9956,4.2304,2.8888,3.9176,4.072,3.594,2.3168,1.274,0.9048,0.444,2.0964,3.5,2.6056,3.0364,3.4268,2.0364,4.0352,6.3,7.3712,8.0508,8.134,6.9664,8.4728,7.8888,6.7116,6.9052,6.4028,6.0864,5.2168,5.4392,5.9164,7.31,8.3696,8.9816,8.5548,7.7952,7.94,7.8604,7.0472,5.894,6.556,6.5304,6.1916,7.7088,6.6184,5.9952,5.4672,6.5724,6.1516,5.476,3.9452,3.5756,4.9792,7.1384,7.3572,7.0008,6.1296,6.064,5.7812,5.9888,5.6764,4.4796,2.9652,2.8088,2.0336,2.9876,5.4632,6.8268,7.324,7.4088,8.1052,7.5792,7.2156,7.2376,6.3088,5.2944,4.3048,2.57,1.7276,0.9792,2.3408,1.056,-0.4668,-0.8968,-0.5032,0.8484,2.9248,5.5016,6.0028,3.8088,3.62,2.534,3.4792
5.6336,4.706,5.1568,5.6412,4.618,6.3192,5.7104,5.2884,5.836,7.5444,8.032,8.9864,9.0132,7.6404,6.6648,8.2856,8.4424,8.8648,8.878,8.0004,7.6304,8.0672,7.9848,8.8916,8.6072,7.888,6.5964,6.4048,7.2812,7.2436,7.9872,8.418,8.102,7.09,5.1716,5.0724,5.4684,6.7508,8.3424,8.126,8.5104,8.6544,8.7688,7.6696,6.6804,5.9052,6.5996,5.8388,6.4444,7.0172,8.2268,8.664,8.3784,7.7224,7.6844,6.972,5.9152,4.7588,4.8432,5.4244,4.8872,4.9828,4.5228,4.576,3.648,2.8936,2.696,3.4756,3.2724,3.1684,5.352,5.7452,6.1104,7.1276,8.0992,7.9536,6.91,7.3164,7.6156,7.99,8.9576,8.61,6.872,5.1132,4.4628,5.4452,6.2108,6.9432,7.1192,7.0704,7.4316,6.4316,6.038,6.5612,6.42,6.6724,5.6316,4.1088,3.5968,5.3888,5.7784,5.7788,5.3276,5.4108,4.2596,1.8432,0.7352,2.6568,3.7972,4.4252,3.9556,4.6228,4.2716,3.1904,2.8104,2.8552,2.232,1.3816,2.0332,2.4728,3.5828,3.852
2.466,1.0252,0.6164,0.4612,1.2232,1.1388,3.8208,5.698,5.6776,6.7636,6.294,6.976,5.5852,4.3204,5.3276,7.804,9.4052,10.245,9.03,5.8944,4.7708,4.8076,7.3376,8.7516,7.8336,6.5512,5.2332,4.638,4.7116,4.6296,5.7232,6.616,6.1032,6.3856,6.9408,7.2492,7.1288,7.0216,5.6008,5.0844,4.1448,6.5788,7.5876,8.1156,7.3384,6.5788,5.546,5.1796,5.4428,6.3528,8.2372,9.1804,8.7804,8.7336,9.7424,9.6244,10.764,9.9776,6.3616,5.2732,4.5896,4.3236,2.9164,2.3544,4.1496,6.054,7.2584,6.954,7.082,7.53,6.996,7.1432,8.9748,8.478,8.2436,8.1068,7.2052,7.3728,7.4408,7.7716,7.2952,7.8304,8.3868,6.6716,6.5792,7.4756,7.5284,6.514,5.9332,6.5716,5.6888,4.3748,3.4124,3.2436,3.028,3.8448,3.5212,5.4132,5.6804,5.0076,3.968,2.5716,2.1984,2.2076,2.242,2.6484,4.01,5.8732,6.1256,6.2824,5.3648,4.1012,4.0148,3.6108,4.1012,4.0652,3.6416,2.9204,2.9036,3.4236,4.1588,5.2512
4.5252,3.008,1.6048,0.7412,0.5296,1.5072,3.3436,1.9984,0.4568,0.6676,1.0244,3.4284,4.698,5.5316,6.9832,7.3788,7.4032,6.8964,7.6172,6.7604,7.2004,7.908,7.71,8.0936,7.7504,8.8976,8.1872,7.5864,7.6244,7.4016,6.6396,6.5644,5.9148,4.63,3.6636,4.2832,4.35,5.3628,4.6032,4.128,3.036,2.9644,2.0856,2.5872,3.9852,5.2664,5.7632,6.978,6.8384,5.0228,4.794,5.0336,6.81,8.9568,9.8664,10.674,9.542,8.0272,5.9732,5.2772,4.5608,4.626,3.768,2.8004,0.5176,0.3968,2.2908,3.594,5.4364,7.3904,7.2872,7.5384,8.4484,8.9204,9.5916,8.8384,9.0804,8.7824,9.2536,9.2216,9.3864,6.91,5.4968,4.8312,4.7356,5.4356,6.1736,6.8164,7.9924,6.8848,6.68,6.1568,4.9372,5.4372,4.3892,6.1008,6.7052,7.1048,7.6536,7.488,6.4264,4.9828,3.9688,4.1648,4.2036,3.572,4.3428,4.1424,4.1132,4.0252,3.1824,3.6168,2.7828,3.7008,3.6688,3.1248,1.4104,-0.1812,-1.1572,-1.8112,-1.3316,0.096002
3.2804,2.1384,0.4892,0.6836,0.9644,1.704,2.5028,1.8996,2.3996,3.684,5.2376,6.3156,6.9228,7.7136,8.28,8.6912,9.4632,8.5344,7.9932,7.2324,6.5892,7.106,7.3184,7.702,7.8224,5.8016,5.1952,4.2028,4.2596,5.5648,5.442,4.4924,5.7488,5.6164,5.7768,6.1416,7.7188,7.532,7.0048,8.1304,8.1996,8.5688,8.2316,7.876,6.068,3.6096,1.844,1.5796,2.7932,3.5752,5.0928,5.61,7.472,8.0748,8.9832,8.4188,8.7344,8.7564,8.4676,8.9316,9.3208,8.1424,5.7888,4.8724,2.3124,2.6348,4.5748,6.93,8.4488,9.7868,10.271,9.6252,8.3704,7.09,7.4316,7.0732,6.978,5.9072,5.8064,5.106,6.27,7.1876,6.3832,6.4576,5.8112,5.5984,4.268,4.0312,2.6688,3.7168,3.5668,3.1744,3.0924,3.706,4.38,5.5628,6.6956,6.8984,6.0152,5.4748,4.8132,4.0596,4.6304,6.0828,5.8784,3.8308,3.6532,4.0928,4.7256,4.8644,4.9576,4.4096,4.1944,3.0168,2.0708,2.848,2.0612,2.218,1.7888,2.1808,2.3688,2.6872
5.4856,6.1364,6.4456,4.9484,3.3168,4.48,4.6332,4.2644,4.0792,4.4528,5.1508,4.9712,5.9304,6.844,7.364,6.63,7.2228,7.9312,7.5928,8.1172,7.068,6.6576,6.5604,6.5268,7.526,7.1544,7.4484,6.0244,4.7856,5.0736,5.0908,3.5304,3.4712,3.992,3.7524,6.3592,7.9532,9.4536,10.4,10.196,11.094,9.9092,8.4884,8.664,8.3496,7.504,7.4916,7.5736,7.226,7.7072,7.4776,6.7404,6.7024,5.268,6.988,6.062,7.0896,7.4868,9.0292,8.8884,8.8344,7.834,7.2548,6.7224,6.636,5.6868,6.2244,6.1464,6.5672,5.9812,5.6016,4.7372,4.9652,3.9832,6.104,7.3836,8.0616,8.192,6.7872,5.878,4.9452,4.7912,4.8084,4.6384,5.4804,6.2576,8.01,8.968,9.1608,8.0628,7.5068,6.7488,6.7256,7.5412,7.8328,6.71,5.3124,6.0704,4.586,4.0668,4.0892,4.402,4.3128,5.0156,5.8848,6.3536,6.836,6.8288,6.87,7.1276,6.2276,5.4816,4.2484,3.6144,3.988,2.8608,3.8752,3.1552,2.6016,1.9668,0.926,-0.5076
3.1076,3.0612,2.7088,3.7236,4.8884,5.928,7.0616,7.5516,8.534,9.1908,8.112,4.9204,3.3224,2.9464,2.2624,3.2832,3.8544,4.1704,3.9644,4.6068,6.0068,7.1084,5.6948,4.8168,5.2784,5.356,5.9376,6.856,6.642,6.8148,7.1956,6.3224,4.6756,2.9868,2.42,3.288,3.8944,3.7876,3.312,4.134,5.0672,5.8904,4.032,4.246,5.3132,5.7932,6.9024,7.0472,6.5324,5.2656,5.1656,4.7744,3.8088,4.232,4.2316,5.7888,4.2092,3.6004,4.2296,5.4128,6.5008,6.51,6.796,5.95,5.2032,4.9836,6.082,7.4256,6.9032,4.6756,1.6028,2.474,4.0872,6.1724,6.0848,5.7776,5.0964,4.21,3.6564,3.8632,3.776,4.54,4.3224,5.0436,4.0216,4.5356,6.062,6.4804,7.906,7.7936,9.2848,9.4636,8.452,6.9224,6.444,6.8184,6.8548,5.85,5.09,4.9956,3.4536,2.8688,1.3828,2.1112,3.6824,5.2264,5.7808,5.6472,4.636,5.1036,5.1492,5.3788,5.2348,5.5392,4.8488,3.63,3.4148,2.0388,1.7488,1.992,0.9816,0.5016
2.2728,3.3448,3.7492,3.6908,3.8508,2.1392,1.294,0.3228,-0.7192,-2.4296,-3.2004,-2.4428,-0.6516,3.2144,5.33,6.1452,5.7332,5.1452,6.3312,6.2536,5.2176,5.7044,5.3792,5.0788,4.7844,4.5704,4.568,5.5296,5.9692,4.734,3.7888,2.6912,3.118,4.0468,4.4324,4.644,3.2196,2.2676,1.3364,2.8276,3.6332,3.6532,3.768,3.3796,4.4412,5.0324,5.0664,5.5132,6.9232,7.808,9.2676,8.7668,9.3928,10.183,9.4344,7.8036,8.3452,8.644,9.748,10.265,9.9296,9.2256,7.8916,6.2216,5.6352,5.5736,5.892,7.2432,7.5688,7.9836,5.7284,4.2952,4.1864,5.0716,3.1668,2.7268,1.3256,1.7184,1.912,1.6884,0.4016,-0.096,1.2636,3.51,5.3864,6.2264,5.87,5.2464,4.8444,3.4164,1.6608,1.0484,1.496,1.8832,2.1644,0.718,0.504,1.3832,1.866,2.46,2.3508,3.824,5.3628,5.7348,6.042,6.9424,7.4336,6.7656,7.718,6.8884,6.1152,4.7664,4.1296,3.1612,2.8404,3.7304,4.97,5.8564,5.5296,4.6004,4.8272,3.6544
6.0728,5.032,4.1768,3.5708,4.1372,5.7372,4.5692,5.2872,5.2524,4.8508,3.5868,2.932,1.7056,1.9888,3.2692,3.8088,5.1928,5.66,5.7544,4.8596,6.154,6.216,8.4264,9.7316,9.3196,8.874,7.1456,6.6752,6.3284,6.0008,6.2184,6.2612,5.9676,7.0444,5.8256,6.0428,6.7948,5.8532,6.5996,6.7336,6.3968,7.3796,6.2692,6.6096,7.2468,6.866,5.0824,3.2352,2.6276,3.752,4.0432,4.8076,5.6,6.642,6.8932,7.3388,8.4848,8.4648,9.442,9.542,7.896,7.9116,7.576,9.4652,11.254,9.298,7.194,6.458,5.4168,5.2436,5.0996,5.6688,6.5932,6.4912,5.854,6.248,6.7224,7.78,7.4596,7.93,6.9492,6.12,6.692,6.9924,7.4968,6.9024,6.3692,6.024,7.0712,6.686,5.8508,5.0008,4.3088,4.16,3.9336,2.308,3.3648,3.3892,3.2924,2.7996,1.394,1.9124,2.3024,2.5016,2.34,3.4688,3.5544,3.2492,3.0012,4.9816,4.574,4.7404,3.8084,3.5468,4.3388,5.2056,5.4532,6.1312,4.9804,4.4824,3.1932,3.0896
5.5968,6.7792,5.878,4.9936,3.118,3.5504,3.5356,4.7348,5.3992,4.9272,5.338,6.0512,5.4212,4.0272,3.5068,4.1776,4.3816,4.174,5.0264,6.4904,7.056,7.37,7.5828,7.0924,7.5364,6.2856,6.046,5.9952,6.7436,7.8432,6.5808,6.0288,5.0448,4.4808,5.5368,5.7904,6.2716,5.8464,6.1116,5.6224,4.6992,2.6652,2.1232,2.1004,2.3424,2.1368,1.1812,0.3696,1.4528,3.6952,3.706,3.6832,3.8004,4.7016,5.8784,6.5164,6.3356,6.7684,5.7088,4.1876,3.7884,3.3748,2.9256,3.93,5.0024,5.72,6.62,6.576,6.9328,5.2868,3.8972,4.336,3.9368,2.8908,1.7956,1.6424,3.9392,3.5128,2.806,2.7692,2.4132,1.332,0.524,0.7876,0.7892,1.0848,2.26,2.6764,4.73,5.58,5.4884,5.1152,4.9088,4.1864,3.01,2.9916,3.4716,5.082,5.4224,4.02,4.7564,5.1648,4.8792,4.0276,5.0672,6.2408,6.3132,4.8312,3.36,2.6492,2.4344,2.496,2.9428,2.3908,0.714,0.5408,-1.0764,0.1884,-0.7776,-0.8924,0.1112,0.056001
5.064,5.82,6.5792,7.1868,7.5164,8.1056,7.8996,7.3912,6.5216,6.2824,5.7088,5.356,6.0356,6.6328,7.4008,8.428,7.9196,5.6072,4.4564,4.3984,5.0484,5.2424,6.0172,6.4968,5.932,4.9768,4.0012,3.7196,4.3416,5.0656,5.9608,6.586,5.6104,4.776,4.0796,2.9972,2.142,2.2088,3.2284,4.5004,5.8496,6.7684,8.88,9.6324,9.2632,8.0768,6.3544,5.3552,5.4112,5.9092,7.5932,7.9856,8.2592,8.8824,9.3644,9.3948,8.984,7.8244,7.9128,6.4932,5.5024,6.7876,7.6124,7.514,8.698,8.406,9.3328,8.9604,7.6904,5.8192,3.5512,4.4528,5.082,5.7844,4.8476,4.3428,3.9596,4.1076,4.738,4.5,5.528,5.9396,5.738,4.7064,3.8348,5.972,6.1128,5.838,6.104,5.5268,5.4312,6.4956,6.424,6.5976,7.0024,6.7296,5.594,5.5968,5.9048,4.4524,4.6004,3.504,3.8232,3.6836,4.932,5.3756,5.6616,4.668,5.1892,5.1872,4.9984,4.3076,3.1252,1.2944,1.0636,1.3236,1.9284,2.1172,0.892,0.2012,0.4248,-0.422
4.5948,5.0052,4.392,4.4696,5.4432,4.5876,3.9772,3.5848,2.9076,3.8168,5.4296,6.1176,6.4884,7.3768,7.4248,6.766,7.3012,6.4108,5.8792,4.4768,3.8388,3.0652,2.9372,3.4068,3.4764,4.8316,5.0996,5.378,5.1536,4.8504,5.308,4.472,3.58,4.1884,4.2292,4.7012,4.8336,5.6664,8.0388,8.3848,8.488,7.4948,6.258,7.1896,7.6736,7.7904,8.4324,7.944,6.4464,4.7028,3.94,5.0564,5.716,5.524,5.0904,5.9636,5.7416,3.6816,2.7236,1.4152,1.2596,2.2608,2.9544,2.7068,4.2816,5.184,6.8136,8.0768,8.0788,7.2824,5.54,3.8856,0.9272,0.282,1.7808,4.2864,7.5712,8.1364,7.4612,8.2372,8.8364,8.3324,7.5504,5.5668,6.542,6.6444,6.6792,7.1748,7.6036,7.8836,8.4896,8.5636,8.3128,6.3676,5.2076,5.0544,4.3676,4.7596,4.3168,4.8676,6.1864,6.6116,6.0796,5.0484,4.2884,4.2168,3.5116,1.5804,2.1384,2.1972,1.1908,0.596,-0.024797,-2.2144,-2.0012,-0.4432,-0.6256,0.4932,2.8608,4.3168,3.7428,2.8368
2.274,0.6696,-0.7064,0.2604,2.5152,3.6332,3.9212,5.8404,6.0092,6.3248,6.382,7.6244,8.2828,8.1244,8.7688,9.0528,8.0152,6.5944,6.7768,7.802,9.496,9.0368,8.6436,7.6896,7.2296,6.9708,6.7384,7.4952,6.876,6.624,6.104,7.0788,8.5576,9.5836,9.7828,9.4052,8.9964,8.4452,7.8664,6.218,5.6024,5.0136,5.9448,6.14,7.7436,8.5728,9.0968,7.7676,6.2808,5.6504,6.1092,5.2488,4.352,3.814,3.1248,2.99,2.7524,2.6792,4.2464,2.8624,2.7388,6.3672,6.1628,5.9476,6.9848,5.2664,4.5048,4.9164,5.1712,5.5344,4.3952,4.0176,5.1856,6.168,6.0936,6.9444,8.4688,9.5692,9.57,9.5196,8.7692,7.2672,6.8832,6.298,6.3916,6.936,7.3624,7.402,8.6424,8.3952,8.0052,5.3016,4.1932,4.0724,4.1936,4.9424,5.0256,3.9596,2.9648,3.1832,4.6352,4.0236,3.3724,2.324,0.8064,1.2316,1.848,3.6796,3.7504,4.0792,4.28,3.7792,3.57,4.268,3.4928,4.0548,3.4372,3.186,3.0452,2.8732,3.4388,2.9052
4.4132,5.1064,5.5388,4.21,4.2848,4.8116,4.9644,3.7628,1.7764,0.8452,0.1716,1.7212,3.052,3.7304,4.7528,4.3316,4.1312,5.2452,6.4932,7.3388,7.5492,7.9248,7.4024,7.7224,6.2972,4.3056,3.8844,3.2768,4.3924,6.0344,5.6524,6.8916,6.5016,6.864,7.3132,7.878,8.1828,8.1752,8.1252,7.9904,8.5724,7.6332,6.7176,6.9524,7.0324,6.144,6.504,5.7568,5.8852,4.9264,5.2524,5.3292,7.1668,9.0472,9.1056,8.5728,6.8244,6.2128,5.2472,4.9368,3.9408,4.258,4.848,5.564,6.1744,7.4136,9.1984,9.3448,9.2512,9.5152,8.9188,8.7844,8.5448,8.6436,8.4668,8.1676,7.5352,7.6912,7.7868,7.4228,6.3912,6.6228,5.7996,4.1696,0.9632,1.2772,2.3696,3.1488,4.424,4.1752,4.9524,5.4088,4.4316,3.8564,4.4804,4.916,5.6436,5.9268,7.528,8.2772,7.97,6.7764,4.8976,3.5536,2.6464,3.2552,4.3296,6.0956,6.866,5.2168,4.5948,4.3136,5.3912,4.7012,4.5504,4.8108,3.9232,3.3532,2.9388,1.7852,1.2096,-0.468
4.8732,5.6336,6.3944,5.8864,4.8676,4.3256,3.828,3.6988,3.7964,5.0276,5.96,6.1572,4.748,5.1208,5.96,6.182,6.396,6.732,7.2988,7.3452,7.378,5.4024,4.9768,3.564,3.6848,4.2524,3.8404,3.1424,4.5412,5.098,4.2452,4.1812,5.3508,5.1472,4.5948,4.6596,4.3936,3.602,3.3396,5.424,5.4684,4.7336,4.8032,4.8852,5.1016,5.4372,3.5292,3.2444,3.878,4.0212,5.0888,7.0108,6.8728,8.2772,8.2208,6.6108,3.9824,2.5096,2.1944,3.8224,4.4236,5.5352,6.2828,7.542,7.3164,7.2368,6.2572,5.4756,4.7452,3.948,4.032,4.2616,5.4816,5.8432,5.8868,4.754,5.3796,5.4744,5.2968,6.6584,7.0064,6.5484,5.9456,4.7072,4.9768,5.2524,6.606,6.1664,6.1692,5.4592,5.4512,6.472,6.0484,6.046,5.666,5.966,6.9856,6.5028,7.0048,6.6796,6.3148,6.5896,6.582,6.2216,5.7956,6.2996,5.532,5.0324,4.26,3.7084,3.9288,3.2708,2.7924,3.7396,2.7012,2.1116,1.33,1.3452,1.7096,1.8604,1.6,1.7136
2.8744,3.0532,4.346,3.742,3.668,3.4772,3.5744,4.6704,5.04,5.918,5.4048,6.3048,7.4216,6.1676,5.75,7.586,8.3868,7.7536,7.9932,7.622,6.9416,5.9428,6.6236,7.4984,7.2296,7.4124,6.9988,7.7052,7.6504,8.3,7.9344,7.6572,6.2504,4.4164,2.61,2.1512,1.806,1.8676,2.456,3.1692,4.7572,6.066,6.1804,5.8616,4.8764,2.7076,2.6176,3.1824,5.3532,5.8132,6.4596,5.7868,4.8768,5.322,5.71,5.7864,5.7136,5.196,4.4076,5.4,6.884,8.0808,7.7168,7.834,6.8564,5.7476,5.5032,6.4524,7.1696,6.1564,6.2368,7.0344,6.5928,6.6832,7.2604,8.124,6.74,5.854,6.5516,7.5276,7.4716,6.6812,5.2376,4.5652,4.8076,4.8496,5.744,5.8084,4.736,4.4084,4.6256,4.8732,3.1228,2.5332,2.8376,3.6276,3.3124,3.574,4.688,5.414,6.2884,7.4908,6.3684,4.4188,3.8332,5.0336,5.9532,4.6988,3.742,4.2468,3.152,1.8396,0.6604,-0.9144,-1.3292,-0.466,-1.8296,-2.046,-0.6912,0.010401,-0.024799,-0.2376
5.9308,5.8568,5.13,3.9724,4.5924,5.3028,5.9704,6.2216,6.3492,6.7556,6.0444,7.1232,5.8528,6.3684,5.8196,6.1404,7.1184,6.9148,7.3044,5.6348,4.9944,4.9668,4.4,4.2348,5.2748,6.522,6.9172,6.8604,5.8912,5.1008,5.2424,5.7068,6.4808,6.3412,7.4696,6.9788,5.8968,5.5932,6.234,5.4156,4.584,2.068,0.5144,0.368,0.6508,1.1932,2.958,2.0288,3.658,4.5028,6.3048,6.8732,8.182,10.188,9.3524,8.6248,7.428,7.7256,8.6156,8.6464,8.1148,8.7564,8.126,7.5716,6.9508,6.8244,6.646,7.0748,6.4168,7.1532,7.658,7.436,6.742,6.5804,5.7804,5.8516,5.606,4.9688,5.1512,4.4924,3.8064,3.2304,2.8352,3.8804,4.9108,5.0724,3.1516,2.5368,3.5436,3.6436,3.32,3.1624,2.1152,2.5292,1.9724,1.4128,1.6616,1.688,2.9024,3.0924,3.1232,5.3884,7.0128,7.086,5.4448,5.4772,6.21,6.0644,8.154,7.5,8.1556,5.6908,3.0416,1.7504,3.3048,5.2304,5.6576,5.2124,5.42,3.6756,4.1524,3.3708
4.8468,4.3016,5.0988,5.3556,5.5764,5.292,5.4464,5.3676,4.7508,5.434,5.602,4.816,4.3612,3.928,3.6512,3.4148,3.1608,3.9092,3.7232,3.888,4.946,3.39,3.844,2.8284,3.916,3.2636,4.3604,5.5048,7.3196,7.7512,9.0552,9.2496,8.562,7.1804,6.8316,7.136,6.8984,6.7964,6.0356,6.9228,7.6388,7.4596,8.1008,9.1004,7.9492,7.6532,7.3972,6.7016,5.2172,5.396,5.3932,4.3824,4.43,4.5996,4.7336,5.428,7.7144,8.044,7.3364,6.8072,6.6028,6.3972,8.064,7.7872,5.3968,4.4404,5.5908,6.9892,8.3864,8.6168,8.9444,9.6152,8.5704,8.2012,8.1816,8.4172,8.3432,6.3504,5.0288,4.5852,5.6888,5.5024,5.3752,4.3328,5.1132,6.8568,7.614,8.484,7.1956,6.2256,3.7124,3.682,3.926,3.9036,4.3644,4.1984,2.0776,1.1956,1.9196,3.7404,3.7676,3.1692,3.9892,3.8368,3.6216,4.5964,5.1356,5.4956,6.0036,5.7708,5.066,6.1968,6.808,5.1032,5.0516,5.336,6.532,5.7712,5.0048,3.5868,3.7852,4.26
2.9228,3.092,3.28,2.9184,2.522,3.4184,3.4032,3.5468,4.278,4.3892,3.564,2.4248,1.9736,1.3744,1.8156,3.1244,3.7084,4.3648,4.81,4.1248,3.974,2.3296,2.134,4.0932,5.8852,7.4676,7.4224,8.2708,6.148,6.1916,6.43,6.43,7.8108,8.6004,8.346,7.9988,7.2468,6.5668,7.2444,7.586,7.8464,8.4896,8.3408,8.1396,7.28,5.3016,4.542,2.4252,2.912,3.0708,2.7964,2.0772,0.3404,0.036403,0.6592,1.41,2.5424,2.1544,2.3764,1.7588,3.2396,4.9444,6.2592,7.3056,8.736,9.108,9.4104,7.732,7.3256,7.5364,7.4632,7.4308,7.2876,7.6288,6.5252,6.3004,5.9228,6.7856,6.7232,6.2748,5.3528,3.9708,3.8176,2.9672,2.3192,2.5668,2.6464,2.7736,2.8124,3.5308,4.4132,5.3412,5.9444,5.3424,5.3976,4.8644,4.1284,3.5996,2.2084,1.6636,2.5476,2.4084,3.0168,4.4144,5.798,5.9668,5.8516,4.3312,5.1248,5.126,5.9716,5.51,5.9876,5.8628,6.0924,4.878,3.2764,2.604,3.996,3.9208,3.694,4.808
3.0372,2.2748,2.0772,2.9196,4.5312,4.9916,4.0456,3.76,3.7888,4.8028,5.606,6.4688,7.9904,8.6032,9.1944,7.9464,6.4396,5.3056,4.794,4.5252,6.6272,7.4136,8.616,7.1808,7.0884,6.9136,6.404,6.5628,5.9088,4.6176,4.7044,4.3504,3.7704,5.1148,5.198,6.2284,7.9232,6.7436,5.4256,5.374,6.3624,5.5436,3.8852,3.6208,5.5772,5.1856,5.0344,4.1152,2.9352,2.0584,2.164,2.7336,3.8708,6.7984,6.6604,9.03,9.034,8.0756,6.7788,7.3556,6.8708,5.674,5.3892,4.8044,4.466,5.9992,7.5552,8.4672,9.2412,8.6604,8.198,6.4156,5.5816,5.1496,5.1672,4.7268,3.4848,3.2872,4.4832,4.342,5.192,6.316,6.0632,4.7592,2.8888,1.5556,1.9056,1.5056,2.3632,3.282,2.8976,2.3652,1.3812,0.6964,1.12,2.138,2.822,4.008,4.6324,5.0596,4.6776,4.6356,3.6108,4.4632,5.4592,6.3824,7.7716,6.8444,5.2976,3.0996,3.002,3.48,4.5364,4.3432,4.458,5.2012,7.066,6.2904,4.8632,4.2984,3.2156,2.6816
6.304,6.76,7.132,7.4172,8.8716,9.7864,8.7172,7.8584,5.2368,4.9092,5.4204,5.2456,5.8848,6.1816,7.4208,7.8324,7.5976,6.7368,7.0636,7.9992,8.034,8.1048,7.8392,6.6656,6.2284,5.79,5.1536,3.586,2.7152,2.8652,4.2188,4.49,5.328,5.5412,5.4984,4.5784,5.21,5.5732,5.7728,6.0772,7.8172,8.6168,9.6324,10.171,8.8756,8.2076,8.8992,9.5652,10.422,9.436,7.9124,6.506,5.862,6.802,7.1576,7.3948,7.4508,7.1488,6.3636,6.7824,7.8372,8.7824,8.0108,7.77,8.3132,8.3512,7.9,8.6344,8.332,8.594,7.0496,4.2848,3.3812,2.0068,2.074,1.1024,1.256,0.2,-0.1656,0.6844,2.0316,4.836,6.6272,7.888,7.8552,7.0904,6.672,5.8624,5.2964,5.122,3.92,5.2184,5.4624,6.9652,7.5428,8.6032,9.2656,9.5912,8.4092,6.6044,5.0884,4.0712,1.982,3.1724,2.816,5.1644,4.378,4.2492,3.2684,2.8836,2.9588,1.562,1.252,3.0376,4.8616,6.6812,5.3668,5.3192,5.5748,6.558,7.0172,6.0408
2.2332,3.0236,2.966,5.178,6.9224,6.612,5.664,3.7464,2.4796,3.1552,3.804,4.0736,4.3988,5.112,4.476,5.4352,5.8248,5.396,4.668,5.0496,6.2772,7.4964,8.2352,7.9168,5.6616,4.5152,3.2608,5.5456,5.6148,7.1556,7.3988,7.7148,6.1312,3.2196,3.1792,3.0004,2.0912,2.8796,3.634,3.7004,5.6428,6.0616,7.0176,5.4552,5.6416,4.8576,4.9212,5.0368,5.0356,5.3492,5.2816,4.4724,6.3,8.058,8.992,7.4668,7.204,5.3176,5.138,5.4916,4.4288,5.2736,5.7544,7.1352,7.9588,6.15,6.0184,6.6012,6.532,5.6368,4.8684,3.496,2.1124,2.3544,1.9868,3.0184,3.0028,3.212,2.9704,-0.042398,-1.826,-0.067997,2.564,1.478,0.8968,2.804,4.0336,3.4276,4.8716,5.9668,7.0824,7.332,6.2004,5.0504,5.364,6.3712,6.726,7.2748,6.4296,5.0752,3.3264,3.138,3.1156,3.1372,3.4488,4.1244,5.2096,5.516,4.1404,4.2576,1.5168,0.538,0.3764,1.6452,2.866,3.3472,0.286,0.014403,-0.3648,0.4576,0.3536,0.1856
6.4084,5.552,5.61,5.6724,4.3696,4.5452,5.1992,5.7772,7.39,8.334,7.6652,7.2848,8.5808,8.922,10.319,10.589,10.308,9.0912,7.6728,7.508,6.972,5.8352,6.1852,6.4044,6.7836,6.1748,6.8108,4.5884,2.5404,2.6196,2.5624,3.9276,4.3516,3.8868,4.2488,3.91,2.658,3.368,3.8708,5.476,6.6672,5.976,6.1476,6.3992,6.8092,6.82,6.208,5.2312,5.7016,6.4292,6.9008,6.1976,6.3236,4.7228,2.6316,2.6488,4.6448,5.7428,5.458,6.4912,7.8156,8.03,7.8592,7.6096,7.2884,6.4112,7.1992,5.8032,5.4988,4.2064,3.9516,5.4504,5.2476,3.1928,1.6916,1.3044,2.2076,3.4256,3.3256,3.2748,1.9144,2.2308,3.1272,3.832,4.7892,5.7644,6.6224,7.8072,8.0156,7.006,6.134,4.9808,4.3676,4.7384,5.2724,5.088,5.1904,5.5968,5.9376,5.3324,5.5796,5.6284,5.9936,5.7076,5.6316,4.6176,4.1388,4.8896,6.32,6.786,6.7736,7.7068,7.096,6.468,5.338,4.426,4.3496,4.6412,4.3112,4.5124,4.3388,4.0544
6.03,6.3888,6.9516,6.0332,6.6472,7.3064,6.5544,6.2952,6.918,6.4816,5.754,4.9572,4.234,4.0256,5.1208,6.526,8.2268,9.858,10.063,9.5524,8.1024,5.36,5.1028,4.8176,5.3372,6.0928,6.6916,7.6148,6.4616,6.9044,6.9,6.9392,6.6312,5.676,5.1352,5.5248,5.2504,5.5292,3.7124,3.4488,2.7472,2.3324,1.8272,2.6832,2.822,3.2624,4.4116,6.6992,7.4444,6.512,5.8588,5.2252,5.9832,5.6184,5.6944,5.1404,5.0308,4.904,5.5956,6.4748,6.9908,7.5656,9.0632,9.6164,8.7988,7.0488,6.9192,6.508,7.1316,6.9752,7.1856,5.8024,4.7432,4.7444,5.4396,5.6728,5.5816,7.1356,6.1224,3.928,3.18,3.7544,4.0604,4.2448,6.7032,5.7988,6.3544,6.4992,6.4576,5.0424,4.5768,3.8992,5.3344,5.2904,6.1,4.982,3.2424,3.5732,5.2328,4.9548,5.4712,4.4492,4.1484,4.216,4.8868,7.0408,7.0204,5.4412,4.0768,3.6752,4.1276,3.4804,2.5852,4.166,5.8788,5.5376,3.168,2.9072,1.8988,2.2904,1.6328,1.2172
3.884,3.8424,3.4272,2.266,2.7324,3.6012,3.7784,6.5976,7.24,6.5108,6.7728,7.3116,7.1704,5.9164,5.2824,5.1984,6.5312,6.9588,7.2036,7.7344,6.9216,7.4004,7.7336,7.5644,6.7156,6.2276,4.8244,6.1568,6.3904,6.5068,7.5564,6.44,5.9092,5.2536,3.1852,2.0352,3.202,3.7176,5.3304,5.9044,6.68,4.4868,5.2288,5.8504,6.3316,6.9088,7.4196,7.394,6.8008,7.4272,7.7108,7.5944,7.8996,8.552,8.9804,6.898,5.7848,6.3208,7.422,7.428,7.3324,6.8336,5.6152,4.9256,4.7348,4.8424,3.9012,3.0644,3.3012,4.4728,3.9608,3.3472,3.5852,3.056,4.2604,4.4844,5.0524,6.6012,7.6296,7.8404,8.3716,8.0364,7.0288,6.0604,5.3144,4.6892,4.0724,3.5152,2.2896,2.2544,1.9156,3.0604,3.1404,3.514,4.8792,6.3596,5.4028,3.884,2.5028,2.0188,2.4088,2.6424,2.804,3.118,3.7308,4.482,5.8544,5.7028,5.8,5.1144,5.0092,5.1688,5.7768,6.926,5.5268,4.4632,3.6256,3.5084,5.674,6.3604,7.0168,5.9824
1.6976,0.2372,1.8272,3.0548,2.9176,3.518,3.3852,3.8756,4.7392,5.8552,6.7928,7.0816,7.812,6.2088,6.552,6.66,7.0212,7.3388,7.4272,6.334,5.7892,5.9272,7.0984,6.9584,6.04,4.5928,4.434,5.6484,7.3196,7.704,6.1108,5.6356,5.6088,4.1792,3.0508,3.3192,4.9136,6.5092,7.4944,9.0556,9.3936,9.3544,7.7584,7.5616,6.83,6.0912,5.3472,6.0156,8.7592,8.7504,7.7916,7.1956,7.0116,7.3764,7.136,6.28,7.484,7.8724,7.9976,7.4996,6.562,6.8632,7.7324,7.472,7.4468,6.2776,6.2024,5.9664,6.3976,5.5816,6.1208,5.4196,5.878,5.5144,5.598,4.1444,3.7104,3.4548,2.5332,3.2532,3.1928,2.4832,1.8424,2.0344,2.6712,4.1288,5.774,6.296,6.0908,5.5964,5.6576,5.3072,4.4196,4.0716,5.6936,6.7084,7.5336,8.3212,6.202,6.3856,6.012,5.294,3.8544,4.9092,5.4024,5.7308,6.5708,7.4616,7.1004,5.2068,4.6236,4.1736,2.9208,3.1232,2.8092,2.1056,0.8448,1.074,-0.4424,-0.034798,0.322,-0.598
