5.3595,5.4515,5.4525,4.8475,4.683,4.5315,4.5465,4.876,5.2315,4.832,4.0835,3.834,4.9685,6.489,5.6175,4.937,4.992,5.172,4.377,3.7795,4.388,4.509,4.702,5.4595,6.2905,6.8945,6.971,6.878,6.7005,6.65,6.054,5.794,5.532,5.6175,5.421,5.2205,6.2975,6.653,6.482,6.185,4.947,4.214,4.2185,4.778,5.183,5.2715,5.459,6.284,6.491,6.636,6.075,5.7225,4.9295,5.152,5.323,5.361,5.1145,5.641,5.6855,4.3775,3.9815,3.92,3.3265,2.744,3.2625,3.0735,4.6105,5.2885,5.4825,5.2775,4.959,5.338,5.4985,4.9835,6.017,6.2575,6.409,6.8155,6.668,6.185,5.9935,5.9635,5.881,5.171,5.494,5.2965,5.324,5.579,5.5605,5.623,5.5435,5.2985,5.1585,5.0415,5.2605,5.7395,5.4965,4.8265,3.88,3.8905,4.087,3.9505,3.767,3.3765,3.451,3.704,3.9595,4.187,4.073,3.7545,3.9585,4.3175,3.782,2.1205,1.5335,2.3505,3.1325,3.091,3.349,3.346,3.529,3.6155
4.562,4.656,4.6855,4.694,4.679,5.482,4.9315,4.7605,4.744,5.028,5.016,4.961,4.7715,4.795,5.5485,5.3415,5.448,5.181,4.9115,5.1385,4.9975,5.332,5.5505,5.6445,5.334,4.9595,5.0785,4.32,4.5805,4.278,4.5475,4.6235,4.549,4.6155,4.6815,5.037,4.903,5.126,4.9515,5.006,5.603,6.168,6.0985,6.363,6.537,6.237,5.937,5.317,4.8925,4.3985,4.4735,4.9925,5.453,5.4825,5.317,4.4905,4.1285,4.313,5.0075,5.7265,6.0095,5.196,4.993,5.089,4.963,5.236,5.2595,5.124,4.283,4.172,4.4525,4.755,5.85,6.165,5.9695,5.0315,5.0185,5.1195,4.452,3.8435,3.8375,4.0215,3.5565,3.9845,4.25,4.88,4.3815,3.3465,3.1825,3.114,3.3825,3.9775,4.366,4.5025,4.272,4.131,4.4985,5.414,5.555,4.846,4.2045,4.543,4.523,5.1005,5.463,4.683,4.527,3.86,3.729,3.7485,4.158,3.733,3.3765,3.84,4.5055,3.88,3.8645,3.702,3.6555,3.4455,3.449,3.464
5.235,5.2955,5.0895,4.2835,4.162,4.5385,4.712,4.2905,3.9635,4.9855,5.578,6.216,5.577,5.2165,5.064,4.52,4.9855,5.4745,5.757,5.806,5.614,5.648,5.8135,6.001,6.2865,5.861,6.0865,6.6595,6.0275,5.1805,4.907,5.047,4.8545,5.231,4.5195,4.222,4.6685,5.6345,6.163,6.374,5.441,5.075,5.583,5.514,5.0165,5.253,5.0585,4.6335,5.0065,4.9345,5.0095,5.309,5.527,5.2865,5.308,5.928,6.015,5.811,5.4535,4.772,5.22,5.3085,4.904,5.4855,5.7915,5.2205,4.91,4.583,4.526,5.068,5.2495,4.8895,4.5605,4.113,4.237,3.824,4.211,3.7755,3.3965,3.3955,3.2605,2.6535,2.942,2.883,2.898,3.2425,3.7295,4.086,3.6685,3.456,3.456,3.4545,3.8795,4.4845,4.7115,4.733,4.831,4.5665,4.2835,3.7245,3.5315,4.0775,4.668,5.1365,5.8635,5.3145,4.771,3.2655,3.0995,3.5545,4.0555,4.094,3.554,3.3515,3.746,3.093,2.4405,1.962,2.5445,3.0845,2.2415,1.814
4.7685,4.311,3.943,4.648,5.6155,5.4365,4.426,4.595,4.4455,4.6735,5.4105,6.2735,5.6275,5.0785,5.4455,5.0935,4.7085,4.212,3.7795,4.216,4.504,5.3465,5.9445,5.81,5.6605,5.977,6.347,6.3945,6.162,5.9745,4.8085,3.942,4.2115,4.0955,3.83,3.988,4.261,4.0805,3.3105,3.798,4.714,4.013,4.2505,4.333,3.8365,3.234,3.681,5.1675,5.5035,4.8785,5.065,5.2775,4.08,3.353,5.1965,5.888,5.9925,5.1865,5.5265,6.005,6.636,6.1635,5.6115,5.083,5.611,6,6.0325,5.025,4.5405,4.251,4.611,4.5225,4.3495,4.6985,4.7625,4.786,4.91,4.9135,4.52,4.3175,3.9225,3.6255,3.944,4.165,4.066,4.0255,3.5845,3.5485,3.963,4.383,3.9745,4.111,3.894,4.072,4.1705,4.5875,4.0155,4.2405,4.3205,4.0525,4.6065,4.6445,4.3425,3.673,3.098,2.365,1.9745,2.3455,1.908,1.408,1.011,1.1435,1.4125,1.706,1.7635,1.6285,0.4095,-0.182,-0.2965,-0.3895,-0.7385,-0.012498
5.0295,4.983,4.752,4.4655,5.2265,4.9575,4.2295,4.289,5.2,5.8895,5.429,5.45,5.4845,5.0405,4.196,3.6615,3.419,3.636,3.84,4.8475,5.512,5.7445,5.815,5.7795,5.5375,5.866,5.355,5.2165,5.1665,4.7495,4.3615,4.496,4.5815,4.5025,4.2015,4.343,4.534,4.618,4.569,4.1585,3.515,3.2595,4.1485,4.417,4.3775,4.8235,4.865,4.907,4.527,5.447,5.7555,5.426,4.927,5.331,6.372,7.0095,6.88,5.961,5.2625,5.811,6.5055,6.8235,6.3535,5.38,4.7035,4.678,5.0765,5.1695,4.9105,4.282,5.04,4.95,5.037,5.219,4.8015,4.2665,4.16,4.1865,4.342,5.0275,4.6245,4.877,4.8505,5.01,4.26,4.0655,4.0765,4.2645,3.8305,4.272,4.147,4.272,4.1275,3.8735,4.6565,4.342,4.369,3.904,3.814,3.709,3.9025,4.146,3.9495,3.7955,3.5285,3.6985,3.5005,3.5805,3.563,3.102,3.1995,3.2565,2.9905,2.601,2.4585,2.456,2.645,2.071,1.1195,0.986,0.7425,0.6035
4.644,4.241,3.318,3.06,3.68,4.51,5.0195,5.7445,4.925,4.451,3.6175,3.277,3.7945,4.9025,4.9675,5.432,6.8295,7.438,6.803,5.995,4.902,4.224,3.2595,3.4975,4.376,5.2775,5.375,5.88,5.81,5.53,6.19,6.073,5.573,5.216,4.728,5.183,4.9485,4.448,4.0525,4.096,4.0215,4.2395,3.963,3.8155,4.4805,4.4585,4.1385,4.224,4.2,3.811,3.5675,3.367,3.1835,3.1785,3.156,2.907,3.5315,3.923,4.0245,3.886,3.1565,3.5875,4.921,5.328,5.6685,4.8805,3.666,2.9675,3.732,5.0485,5.426,5.9795,6.0285,5.888,5.509,5.757,6.1285,5.904,6.1905,5.724,5.7035,5.901,4.9615,4.9495,3.534,2.9895,3.139,3.3135,3.4425,2.9935,2.9505,3.1615,3.773,4.0235,4.2465,4.2605,4.057,3.4945,3.6775,3.5215,3.9945,3.5665,1.9865,1.2545,1.2685,2.29,1.913,1.4175,1.927,2.2725,2.4825,2.8725,2.98,2.694,3.6595,4.3575,4.017,3.523,3.097,2.749,2.2405,1.665
5.6605,4.779,5.3495,5.421,5.4065,5.409,4.688,3.857,3.803,4.473,5.2115,5.16,5.2775,4.7625,4.3845,4.4915,4.4105,4.5325,5.4825,5.437,5.496,5.986,6.298,5.3755,4.9095,4.539,4.0375,3.308,3.4395,4.693,5.5275,6.11,5.7245,5.356,4.8005,4.445,5.043,5.3845,5.3755,5.196,5.3055,5.2155,5.685,5.5555,6.6425,5.643,4.8665,4.2915,3.922,4.1405,4.0995,4.1905,3.6965,2.365,2.2595,3.2945,4.3155,4.385,4.725,5.1045,5.42,5.681,5.231,4.666,4.962,5.615,5.244,5.716,6.055,5.7205,5.0655,4.9355,4.266,4.4385,4.924,5.1325,5.589,5.0735,4.262,3.759,3.498,3.192,3.849,4.218,3.618,3.2555,2.9965,3.121,3.4635,3.8875,3.9155,5.1595,5.32,5.195,5.422,5.221,4.917,4.121,3.668,3.876,4.094,4.7155,4.557,4.79,4.6875,5.353,5.1765,5.147,5.1935,4.8995,4.454,4.3305,4.996,5.094,4.7965,4.152,4.408,4.6365,3.749,3.4905,3.265,3.28
4.468,4.0445,4.047,4.275,4.87,5.358,5.4705,5.8555,6.153,6.09,6.0595,5.544,5.378,5.418,5.323,5.6115,5.568,4.9115,5.002,5.061,5.2675,5.966,5.9705,5.189,5.585,6.2905,7.02,7.418,7.064,6.4385,5.4625,5.0755,5.118,5.2715,5.0965,4.564,4.218,4.3625,4.463,4.989,4.889,4.1255,4.814,4.833,4.18,4.1125,4.57,5.0595,5.8845,5.716,5.1615,5.369,4.6405,4.4825,4.4655,3.9245,4.085,4.428,4.284,4.697,4.9425,4.845,4.4155,3.942,4.2095,5.1845,5.402,5.0315,5.601,5.59,5.348,4.566,4.4585,4.4115,4.5955,4.8235,4.4055,4.5955,4.622,4.303,3.842,3.1175,3.3815,4.786,5.279,5.813,6.0095,5.406,5.3685,4.9275,5.2465,4.768,4.5565,4.9525,4.9955,5.443,5.352,4.808,4.2865,3.899,4.4035,3.711,3.5335,3.015,2.2865,1.954,1.6975,1.433,1.2745,0.7385,0.2095,-0.1115,0.2645,0.5845,-0.1075,-0.5355,-0.113,0.6725,0.834,0.7895,1.236,2.253
5.566,5.6105,6.2245,6.3655,6.3505,5.7565,4.961,5.0245,5.1595,4.4795,4.853,4.336,4.557,4.8995,4.936,4.849,4.8165,4.5885,4.4605,3.909,3.9335,3.7965,4.066,3.5995,3.85,4.484,4.0655,5.444,5.479,5.905,6.135,6.452,7.014,6.9585,6.134,6.1285,5.7225,5.543,5.814,6.599,6.728,6.3305,6.2125,5.735,5.5435,5.568,5.5735,5.714,5.8505,6.1,6.1665,5.953,5.5215,4.68,4.5625,5.347,5.721,5.855,5.2825,5.343,5.7705,6.4995,6.6885,6.9385,6.8345,6.3055,5.0005,4.517,5.161,5.7085,5.143,4.921,5.2665,5.419,5.4925,5.2615,5.146,4.935,4.749,5.0115,4.6125,4.5635,4.0405,3.9775,4.016,3.674,3.884,4.439,3.945,3.5805,3.3685,4.5365,4.1305,5.092,5.204,5.3515,5.164,4.9805,5.128,5.187,4.816,4.2265,3.9085,3.8555,3.806,3.5215,3.3445,3.4085,2.833,2.197,2.8735,3.8805,3.553,4.1395,4.4995,4.481,3.5115,2.865,1.0505,1.021,1.2185,-0.4065
4.0925,2.885,2.374,3.108,4.1075,3.832,4.154,4.3,4.5165,4.487,4.9825,4.481,4.2575,3.6995,4.623,4.112,4.7755,4.7715,4.3075,4.13,4.175,3.9715,3.6435,3.2755,4.3795,5.284,5.1165,5.481,5.905,6.636,6.037,6.1245,5.996,6.572,6.632,6.488,5.071,5.651,5.536,6.069,6.069,6.354,5.437,5.3125,5.5945,6.264,7.1215,6.597,6.462,5.5245,4.9995,4.7485,3.8785,4.4385,3.4485,3.1995,4.485,4.6145,4.912,4.5055,4.192,4.4645,3.425,3.101,3.4095,5.7295,5.604,5.933,6.2035,5.5965,4.5895,3.55,4.748,5.2515,4.785,4.673,5.625,5.598,6.074,6.658,6.102,6.1305,5.943,5.7185,4.3995,3.85,4.5225,4.4565,4.3725,4.945,4.8715,5.234,5.6605,5.709,4.611,3.228,3.0985,3.493,3.2265,3.029,2.7895,3.623,4.4095,5.0945,4.5075,4.653,2.8405,2.4775,3.1155,3.7045,3.443,3.0515,3.351,3.417,3.5385,2.8985,2.5245,3.26,3.4725,2.7415,2.329,1.018
3.965,4.2075,4.7565,4.854,4.993,4.96,4.654,4.7535,5.011,4.657,4.236,4.562,3.9745,3.545,4.699,3.447,3.274,3.1145,4.7345,5.2495,5.449,5.8235,5.975,6.193,6.135,5.16,3.687,4.72,5.0965,4.6215,4.4165,3.747,5.6915,5.16,4.997,6.0205,6.2835,6.9625,7.0345,7.246,6.158,5.6225,6.39,6.6985,6.5205,7.0365,7.134,7.3555,7.03,7.2615,6.5035,6.97,6.9365,6.769,5.745,5.895,5.426,5.4365,5.579,4.9125,4.5465,4.314,3.707,2.936,2.2595,2.7295,3.284,3.152,1.9965,1.451,1.554,3.971,4.1715,4.415,5.0965,5.6395,5.4875,5.3435,5.3425,4.8455,5.048,3.9445,3.4985,4.4095,5.062,5.6775,6.084,5.461,5.5015,5.1725,5.577,5.4225,5.1955,4.306,4.072,3.7385,4.336,5.5565,4.817,5.999,6.0735,5.167,4.492,4.558,4.8875,4.571,3.786,3.5725,3.9855,3.4695,3.1035,2.748,2.561,3.31,3.8195,4.2995,4.919,4.261,3.3895,3.6735,4.1615,3.204
5.837,4.817,4.6085,5.855,5.7435,4.92,5.312,5.7675,5.2475,5.144,4.6565,3.7225,3.9115,4.7195,4.4895,3.4525,2.6135,2.065,2.4125,2.7315,2.463,1.002,1.762,3.203,3.668,5.1325,5.812,6.32,7.2185,7.4095,5.897,5.5795,6.458,6.1,6.211,5.5115,5.702,6.069,7.2675,7.4665,7.346,6.891,5.86,5.019,4.9675,5.0085,6.0405,7.0495,7.329,6.754,7.469,6.0395,4.759,5.2505,5.7225,7.198,6.7635,6.611,6.077,5.8495,5.963,6.473,5.89,5.543,6.0335,6.346,6.09,6.7105,6.106,6.081,5.9805,5.1965,4.549,3.647,3.096,3.095,3.5895,4.5055,6.5275,6.096,5.8435,5.4925,4.9025,5.015,5.962,6.7105,6.004,6.4885,5.4305,6.149,5.699,6.2465,6.3115,6.653,5.757,5.247,4.8955,4.4935,3.909,4.176,5.025,5.6135,5.6035,5.34,5.0315,5.5205,4.3685,2.4355,2.301,2.331,2.1975,2.4835,2.093,1.8915,0.9565,0.8745,1.332,2.5035,3.0545,4.2825,5.2075,4.3925
4.473,3.824,4.4905,4.621,4.568,4.722,6.131,5.928,5.8885,5.335,5.3885,5.831,5.0315,5.306,4.641,4.294,4.196,4.42,5.6615,5.803,5.792,4.753,5.2465,5.7535,5.8375,6.0315,5.4975,6.2965,6.0805,6.111,6.305,6.6475,6.598,5.5995,4.5315,4.8035,5.388,4.849,4.255,3.1445,3.563,4.1965,4.807,4.4275,2.4535,2.001,1.818,1.17,0.281,0.8775,1.437,3.2365,3.3535,5.4055,6.1135,6.1985,6.8445,6.539,6.668,7.3175,6.6275,6.952,6.648,6.875,6.974,7.084,6.2355,6.8085,6.507,6.748,7.2125,7.0115,6.077,5.7295,5.2255,6.319,6.8275,6.847,5.677,5.8275,5.116,5.045,5.588,5.997,5.598,5.2835,4.6885,3.5365,3.3915,3.331,3.4205,3.6575,4.0155,4.77,4.2535,4.1095,3.9675,3.2535,3.62,3.207,3.792,3.8315,3.341,3.1495,2.936,2.853,3.0995,3.086,2.5605,2.3135,1.319,0.5875,1.5245,2.3765,2.775,2.9955,2.959,3.651,3.1565,2.0015,1.7365,1.323
4.17,4.2995,3.9025,4.071,4.983,5.7475,6.28,4.91,4.727,5.3395,5.689,5.787,5.457,5.2235,5.285,4.4565,3.7485,3.228,2.6675,1.596,0.6205,2.163,4.05,5.9555,6.8175,4.869,4.719,4.271,5.982,6.2905,5.74,5.987,6.6175,6.3615,5.7385,6.2905,6.565,6.7775,7.5625,7.2365,6.324,6.339,5.7145,5.818,6.8935,7.2085,7.157,6.541,4.562,5.2405,4.194,3.928,4.67,4.2035,4.3245,4.0265,4.807,5.2645,5.9,4.7255,4.196,4.891,5.203,5.2405,5.0375,6.159,6.1445,5.8635,5.673,4.748,3.818,4.823,4.307,4.8305,5.3105,6.2185,5.8435,6.154,6.59,6.546,6.981,6.3225,5.9145,5.585,5.0665,5.518,5.033,4.0645,4.165,4.7595,4.594,4.2855,5.5995,5.7515,5.757,5.5535,5.1075,5.545,6.138,6.8425,5.4345,5.597,6.1895,5.8125,5.982,5.471,6.142,5.8525,5.1345,4.958,4.884,4.975,5.6505,5.047,5.1675,5.1425,6.0685,6.6885,6.711,6.3755,5.9275,5.4395
5.618,5.8025,4.513,4.8005,5.2415,5.8075,6.0515,6.7735,6.8315,6.651,5.901,5.825,5.348,4.4305,4.597,5.208,6.0645,5.733,5.093,4.5045,4.348,4.1085,4.058,3.102,4.3475,5.7825,5.6265,5.229,4.092,4.013,4.4605,4.9445,4.242,3.848,4.709,4.9835,5.4665,5.49,6.0555,5.983,6.8135,7.144,7.24,4.908,5.598,5.9885,6.06,5.6705,6.138,7.6825,7.2975,7.6135,7.59,7.1905,7.3895,7.064,7.587,7.2675,6.6785,6.1325,6.992,7.4625,7.107,7.2945,7.0755,7.2345,7.0845,5.9125,5.1505,3.785,5.3055,6.416,6.613,6.733,6.393,4.9575,4.1085,3.8805,4.1975,4.256,4.0445,4.1495,4.3755,4.686,4.1735,4.569,4.142,4.6125,4.1245,3.6145,4.011,2.732,3.03,3.3,3.992,3.9545,5.277,5.506,4.3905,2.5515,2.0095,3.375,2.7705,3.035,2.767,3.964,4.7825,5.6865,5.9655,5.652,5.2755,5.27,5.2325,4.3385,3.584,3.7375,3.205,2.6485,2.235,1.6915,1.5785,1.293
4.5115,4.256,5.931,6.171,5.1295,5.502,5.5295,5.5805,4.842,3.894,3.939,4.025,5.248,6.172,6.604,6.4395,5.9915,5.4505,5.625,5.0945,4.8515,5.3995,6.2935,5.4635,4.782,3.762,3.6175,4.932,5.69,5.5935,4.841,4.45,5.223,6.414,6.5315,6.881,6.1235,7.177,6.3825,6.2345,5.8355,6.4535,5.4,4.8445,4.2285,3.928,4.6035,4.172,4.873,5.317,4.98,4.427,4.1125,4.034,3.926,5.353,5.0205,5.0485,4.899,5.7405,5.247,4.745,4.621,5.2445,5.5325,4.8195,5.2185,6.2905,5.9655,6.3165,5.973,6.631,5.89,6.052,5.4255,6.2495,6.2815,5.5665,4.873,4.639,4.8875,4.5335,4.964,4.8495,5.01,5.4905,5.1835,6.2175,5.4605,4.0155,3.8825,4.106,3.8215,4.791,4.687,4.6715,5.207,4.2595,4.118,4.317,4.8265,4.4015,4.3945,5.1735,5.6905,4.956,3.0165,2.082,2.6525,2.808,1.939,1.1205,0.8695,0.8645,0.633,0.855,1.53,2.038,2.359,2.5805,2.2945,1.2185
3.584,4.194,4.3325,3.947,3.9855,4.726,4.193,3.797,3.145,3.207,3.857,4.35,4.6065,5.07,5.0075,4.5975,5.0225,5.0855,4.643,4.5735,5.5695,5.7135,5.529,5.173,5.1885,4.76,5.978,5.063,5.5615,5.999,6.0835,5.1505,5.1005,5.6495,5.576,4.6265,3.5765,3.077,4.06,4.437,4.502,2.9025,1.8345,1.812,1.686,2.07,3.053,2.626,3.152,3.021,4.1305,3.66,3.774,4.0385,3.253,1.8495,1.9235,1.737,1.952,2.7535,3.7565,3.954,4.802,5.933,5.571,5.911,6.276,6.2895,6.755,5.872,6.078,7.021,6.229,5.5425,4.603,4.9765,5.1715,5.4155,5.2105,4.6975,4.593,4.5395,4.944,5.0905,5.568,4.8175,4.8425,4.3725,4.101,3.3445,2.962,2.8475,2.7615,3.195,2.7515,1.64,1.454,2.1465,2.153,2.4415,2.9265,3.4495,3.95,3.735,3.111,2.122,1.986,2.0035,2.399,3.6535,4.541,5.046,5.1625,5.311,4.885,4.5075,4.6785,2.988,3.416,3.5275,3.3665,3.496
4.575,4.2925,4.133,4.2525,4.5305,4.5885,4.1865,5.101,5.716,5.162,4.8025,5.3465,5.3375,5.9335,6.013,6.0295,5.017,5.6155,5.2455,5.546,5.058,5.485,5.788,5.5435,5.5885,5.587,4.8975,5.006,4.7895,4.9885,4.641,4.8865,4.744,4.0795,4.45,4.654,4.9625,5.3375,5.862,5.468,5.2065,6.0125,6.406,6.66,7.256,6.8165,5.8565,5.7065,5.3365,4.8695,5.1685,5.257,4.839,4.7125,5.1575,6.139,6.0915,6.7525,6.117,5.798,6.7035,6.067,4.437,4.3515,3.503,4.0395,3.5735,3.9155,4.293,3.5355,2.2165,0.9515,-0.31,-0.2015,1.153,2.085,3.0615,2.259,2.98,3.4415,3.234,3.1085,3.8515,4.105,4.193,3.397,3.1565,3.6145,4.5835,4.4265,4.2785,4.6945,4.258,4.8525,4.9025,4.111,3.515,4.7335,4.4975,4.196,3.457,3.268,2.962,3.143,2.317,1.7755,2.5,2.843,2.3015,2.2825,2.055,1.887,2.2025,2.8485,3.461,2.0295,1.8295,2.055,2.3735,2.081,1.7805,2.01
3.8345,2.6785,3.3055,4.003,3.686,2.1395,2.5295,3.1075,3.8075,3.576,3.693,3.867,4.7225,4.349,3.605,4.09,4.64,4.5355,5.0235,4.647,4.8335,4.506,3.8595,3.9335,4.0395,4.5775,4.8835,5.672,4.722,3.7325,3.585,4.0535,4.073,4.9465,4.815,3.0795,2.454,2.478,1.969,1.3545,2.4385,3.074,3.6175,4.6165,5.659,6.185,5.33,5.103,5.0285,4.2955,3.9815,4.405,4.628,5.122,5.372,5.3795,5.724,6.4185,6.001,6.0685,5.693,6.1765,4.9815,4.6435,4.7285,4.5635,4.6675,5.6305,4.289,4.101,3.827,3.776,3.4585,3.353,3.7515,3.656,3.0905,2.9595,3.1925,3.8905,3.7115,3.355,3.7035,4.28,3.6735,3.907,2.955,2.4285,3.0165,3.0055,2.636,3.465,3.5885,4.2005,5.2145,5.041,4.932,4.7595,4.3505,4.2115,3.2265,3.388,3.268,2.735,2.2315,1.6995,1.808,1.189,1.8315,2.0525,0.5315,0.7415,0.539,1.2005,0.202,-0.894,-0.8955,-2.266,-2.5625,-1.8995,-0.4405,0.763
4.8355,5.557,6.0555,5.46,5.8835,5.5415,5.3745,4.179,4.0855,3.055,2.5185,1.828,2.3455,2.412,1.309,2.2635,3.1245,3.959,4.176,3.8745,5.013,4.274,4.8815,5.0265,5.223,5.153,5.0935,5.0735,5.2745,5.211,5.76,5.9365,4.8085,3.2525,3.136,2.1535,4.079,5.583,5.706,6.018,5.013,5.214,3.2545,3.339,3.0365,3.737,3.6255,3.8825,2.454,3.1095,4.7265,5.5455,5.6915,5.455,6.195,6.326,6.847,6.9105,6.516,7.4395,6.918,6.1565,6.8855,6.357,5.584,5.577,4.989,4.867,4.8455,5.017,4.753,5.704,5.033,4.2605,3.6905,3.4465,4.3795,5.1915,5.464,6.05,6.1245,4.9345,4.3775,4.571,4.58,4.4955,4.133,4.207,4.7745,5.766,5.6115,5.5905,5.4815,5.264,5.3845,5.651,5.138,4.127,3.214,2.7855,3.1675,4.1825,4.045,3.102,2.958,3.015,4.053,3.655,3.154,2.999,2.3665,2.596,1.962,1.555,1.5435,1.68,1.431,2.608,2.5765,2.907,3.1575,3.3195
3.795,3.1015,3.856,4.469,4.273,4.4145,4.395,4.3005,4.5885,4.531,4.6365,4.303,4.776,4.037,3.9535,4.3295,5.043,5.159,4.9205,5.685,5.674,4.981,5.5365,5.983,5.6905,5.5605,5.453,4.9745,4.2835,3.71,5.128,5.494,6.1305,5.465,5.219,5.9335,5.402,5.9705,6.473,7.032,6.523,5.528,5.53,4.371,4.3005,4.219,4.774,4.238,4.278,4.388,4.5855,5.046,4.522,4.769,5.2485,5.48,5.313,6.0115,6.5735,6.5535,6.9015,6.6865,6.1515,6.4485,6.6805,6.5085,5.16,4.855,4.8415,5.027,5.438,5.3405,5.128,5.498,6.569,5.6385,5.895,5.4565,5.4155,5.0815,4.923,5.3275,5.344,5.128,4.014,3.7385,3.101,3.0665,3.547,3.041,3.265,3.063,2.6955,2.807,2.683,3.173,3.2575,3.1755,3.2235,3.3895,3.599,4.115,4.814,4.919,4.79,5.1525,4.905,4.3895,3.9255,2.722,1.9585,0.8695,0.842,0.9185,1.2415,1.353,1.3135,1.432,1.3605,1.384,1.0165,0.527
4.017,4.2335,4.007,4.9075,4.6955,4.9005,5.4675,5.1,5.1905,5.2255,4.695,3.972,3.2475,3.77,4.7815,4.266,5.469,4.813,5.119,5.6395,5.612,4.108,3.874,3.622,3.295,3.1255,3.252,3.216,4.6045,4.672,4.5825,5.195,5.1555,5.5635,5.9685,5.2525,5.215,4.9965,4.5705,4.661,4.996,5.4655,4.8015,3.954,4.944,5.7585,6.1765,5.5555,6.3205,6.745,6.4495,4.7085,4.809,6.0585,5.706,5.3345,6.338,6.6725,6.681,7.1835,7.3975,7.653,6.6195,6.4715,6.894,6.2295,5.937,5.0175,5.781,6.2325,5.248,5.0525,3.8035,3.546,4.377,4.367,3.135,1.6915,1.245,1.128,1.737,2.526,2.3855,1.0275,-0.101,-0.7145,-0.3155,1.38,2.2015,2.374,1.932,2.598,3.427,4.277,3.777,4.405,5.1415,6.2385,6.2175,6.2645,5.727,5.253,4.8585,4.417,4.227,3.7625,3.165,3.0935,3.9335,4.2855,4.3215,4.5305,4.5765,3.77,2.9725,2.363,2.426,1.8,1.053,0.5565,0.8785,1.7685
2.8335,3.4465,3.962,4.6715,4.5705,4.587,4.7325,4.4885,4.152,4.6275,4.92,5.6095,5.203,4.872,4.0655,4.2575,3.4825,3.3945,3.211,2.952,4.3535,4.2475,4.7565,4.9055,3.409,3.2985,3.571,3.8155,4.0705,4.612,5.4,5.401,5.813,6.3465,6.61,6.7815,6.0035,5.4535,5.3235,6.4755,6.0945,5.006,4.509,3.718,4.9955,4.7175,4.5955,4.7585,5.801,4.817,4.3125,3.7805,3.527,2.6785,4.2685,4.5995,4.264,3.967,4.5485,4.331,4.121,4.3295,4.303,4.49,5.028,4.512,4.138,2.999,3.487,3.448,3.578,4.1825,4.7535,5.2955,4.454,4.7425,5.325,5.805,5.003,5.258,4.2615,4.8995,5.486,5.845,5.615,5.003,5.3735,5.6435,5.4925,4.92,4.794,5.087,4.876,4.8615,4.9555,4.775,5.364,3.432,3.382,3.0105,3.895,3.368,2.9295,2.4005,1.706,1.767,2.24,2.994,3.2865,3.411,4.051,3.3785,3.029,1.971,1.981,2.563,2.468,2.672,2.568,2.7355,2.445,1.6875
3.885,5.646,5.9595,6.195,5.483,5.5175,5.448,5.394,5.32,5.846,6.6415,6.6995,4.7325,4.166,4.931,5.069,4.5655,5.137,5.4015,6.046,6.2715,6.8175,6.274,5.8255,5.739,5.6535,6.4755,6.4205,5.7605,5.499,4.5785,4.485,4.6335,3.949,4.0685,4.015,4.1,4.404,4.887,4.6585,4.659,3.815,4.929,5.2255,5.608,6.093,5.719,5.455,5.611,6.293,6.208,5.858,6.194,5.213,5.0145,5.471,5.66,4.349,4.3675,3.0415,3.4955,4.0045,3.965,4.021,3.673,3.8665,3.7215,4.788,5.883,5.8875,5.1945,4.606,4.129,5.039,4.946,3.785,3.7435,3.482,3.2835,2.613,2.4315,2.5645,2.818,3.0855,3.6925,4.109,4.8005,4.737,5.28,5.367,5.0125,4.032,4.057,4.1515,3.702,3.646,3.7765,4.266,4.04,3.4345,2.908,2.519,2.593,3.124,2.594,1.2725,1.5775,0.5905,0.6095,0.913,0.939,0.6505,-0.29,-0.212,0.347,1.97,1.1845,1.0555,1.4685,2.8035,4.5835,4.6465
3.265,3.114,3.925,4.71,4.6005,4.869,4.6895,4.9425,4.1605,3.97,4.267,3.894,3.5605,4.122,4.1465,3.7935,3.8685,3.82,4.309,3.7915,3.453,3.2555,2.914,2.973,4.1295,4.3265,4.496,4.802,4.6875,4.808,4.937,4.7565,6.431,6.742,6.609,6.6435,5.782,4.523,4.009,4.911,5.8435,5.6115,5.662,5.623,5.4505,4.613,4.8035,4.817,3.7995,4.128,4.118,4.1965,4.192,5.0985,5.999,6.729,5.867,5.8615,5.7135,4.7725,4.507,4.305,4.4195,3.995,4.495,4.598,4.8645,5.253,5.3165,5.0625,4.8715,4.865,4.661,4.8085,4.92,5.397,6.0465,6.049,5.4195,5.2985,5.285,5.1015,5.0785,4.731,5.2985,4.9045,4.2505,4.902,4.7675,5.61,4.322,4.0995,2.886,3.4175,3.647,3.029,2.044,2.0225,2.4895,2.6775,3.2265,3.858,4.934,4.9495,4.7275,2.8375,2.0065,1.6315,1.632,1.7035,0.7715,0.517,1.107,0.6005,0.781,1.061,1.4695,0.8505,0.14,-0.4065,-0.809,-0.792
1.609,0.7485,0.165,1.0775,1.326,2.966,4.6595,4.8915,5.5015,5.615,5.132,5.8885,6.948,8.3565,8.7275,8.0675,7.3895,6.9305,5.9945,5.178,4.2475,4.412,4.267,4.4135,3.999,3.873,4.367,3.987,3.56,3.973,4.385,4.037,4.598,5.979,5.234,5.372,5.9295,7.1215,6.9155,6.5405,6.4205,7.0315,6.941,7.1545,6.45,6.393,6.5575,6.389,6.371,5.5215,5.426,5.3975,4.4935,3.842,4.0485,4.5305,3.705,4.2475,3.8985,4.3965,3.3215,3.3465,3.6725,3.5785,2.8425,3.468,3.936,3.872,3.7965,3.6575,3.2015,4.5395,5.532,5.8145,5.39,4.586,5.09,5.7945,6.1775,6.235,6.3355,6.4105,6.147,5.5005,5.05,5.428,5.547,6.0175,6.2245,6.16,5.566,5.5745,4.8985,4.5545,4.6645,5.1095,5.558,4.6465,4.831,4.3525,3.668,3.709,3.6285,3.235,3.5815,2.7965,2.1295,1.9435,1.622,2.2505,2.9715,2.9935,2.857,3.8655,3.7515,3.397,3.5135,2.46,2.1255,1.972,2.256,2.778
5.736,5.857,4.6145,4.461,5.2255,4.98,5.4945,5.248,4.799,3.9515,4.437,4.775,5.426,6.0895,5.583,6.3095,6.0185,6.3445,6.229,6.342,5.239,4.107,5.0135,4.852,4.3805,3.561,2.91,2.163,2.8825,3.5115,4.402,5.321,5.5925,4.306,4.128,3.768,3.948,4.6705,4.6005,5.285,5.6455,5.8345,6.0285,5.4265,5.044,4.574,3.999,4.9045,5.6085,5.0335,4.529,4.005,3.071,3.6085,3.77,3.741,2.86,2.6085,2.713,3.036,2.7955,2.6055,3.3535,3.843,4.846,5.589,5.6325,6.425,6.416,6.285,6.143,6.5775,6.1765,5.928,5.6455,6.137,6.512,6.5415,7.0345,6.5705,4.7815,5.0085,5.3825,5.142,5.422,4.97,5.035,4.518,4.315,3.8715,3.64,3.6945,3.5595,3.4605,2.9015,2.9225,2.5775,2.905,3.2625,3.3225,3.594,3.4965,3.45,2.2965,1.564,1.0365,0.2415,-0.8195,-0.014999,2.032,1.8855,1.05,1.0075,2.2025,2.402,1.8695,0.9845,0.2,1.4565,2.735,3.08,2.3665
5.1265,4.7145,4.2885,4.6505,4.6755,5.502,6.0165,6.112,5.34,4.5975,3.7235,3.8125,4.71,5.1495,5.461,6.1965,5.4435,6.0435,6.2525,6.336,5.492,4.145,4.315,4.879,5.9115,5.566,6.4065,6.366,6.4045,5.824,5.318,5.03,5.017,4.3445,4,4.699,5.1325,5.2415,5.457,5.373,4.699,4.5905,4.307,4.581,4.109,5.005,5.017,4.2085,4.151,3.927,2.848,1.2215,-0.025998,0.8195,0.9325,2.2555,2.7555,3.578,3.236,3.6935,4.462,4.3125,4.772,5.285,5.7595,4.608,4.6365,5.3035,6.3435,6.08,5.0955,6.1985,6.222,6.659,6.1965,5.33,4.993,3.6485,3.3985,4.519,3.887,4.5185,4.393,4.2645,3.8115,3.9215,3.8795,3.816,3.577,3.4035,2.3235,2.9375,3.2095,3.261,3.998,4.3795,4.293,5.2685,5.6755,6.0945,5.515,4.7305,3.973,3.6505,2.012,2.232,1.361,1.417,0.066003,1.04,1.3025,1.237,0.3095,0.3995,1.2045,2.2995,2.188,2.295,2.847,1.4205,0.6275,0.615
3.365,4.448,4.688,5.218,5.4875,5.6485,4.4985,4.4405,4.6735,4.6975,5.036,5.08,4.562,3.8925,3.071,2.7555,3.5535,3.4705,4.3385,3.7665,4.0475,4.1025,3.9415,2.819,2.376,3.423,3.5115,3.787,4.0625,4.11,4.736,3.999,3.884,3.506,2.853,2.804,3.726,3.877,4.43,5.511,5.0295,4.5625,4.5275,3.495,4.9445,5.184,6.143,6.009,6.4405,6.084,4.9545,3.518,3.5225,4.165,4.3015,4.252,4.689,5.4325,6.7385,6.7115,6.173,5.95,6.1585,6.3835,5.59,5.2065,4.866,4.327,3.743,3.9335,4.839,5.2515,5.265,4.489,4.2845,4.1555,3.7515,3.7595,3.5395,3.247,3.669,3.3635,3.0965,2.8845,3.03,3.3445,2.8325,3.089,3.664,3.641,3.922,4.15,4.1365,3.878,3.495,2.896,2.2085,1.945,2.5145,3.207,4.443,3.7495,4.229,4.8935,4.5075,4.0845,4.176,4.08,3.835,3.597,2.7465,2.524,2.5865,2.304,2.6415,2.436,2.3745,2.0365,1.4475,1.305,0.6435,0.1395
3.798,4.294,3.468,3.203,2.806,3.073,3.3685,2.7245,2.271,2.175,1.498,1.731,2.604,3.119,3.5225,3.822,3.833,4.2595,4.718,3.201,4.0255,4.644,5.189,4.749,5.3905,6.3265,5.914,5.5525,4.377,4.1965,4.285,4.2615,4.8935,6.099,6.105,6.512,6.022,4.669,4.271,3.6915,2.881,1.8915,2.174,2.6455,3.5505,3.913,4.4585,3.4815,2.9285,3.111,4.594,5.2585,5.398,5.811,6.223,5.4975,5.898,5.914,5.8745,5.383,4.947,4.3715,4.68,4.6625,5.3945,5.1505,5.6565,5.778,3.354,2.8685,3.3815,3.0065,3.3935,3.6135,3.158,3.23,4.311,3.7305,3.354,3.344,4.182,4.7935,4.547,4.4215,4.516,4.4665,4.9035,4.993,4.8525,4.96,4.9275,6.1345,5.353,5.135,5.1425,3.7995,3.5785,4.088,4.7,5.2945,5.58,4.724,4.6765,4.7435,4.255,4.371,3.3605,3.1925,3.152,2.935,2.3345,2.372,2.4545,2.3055,1.399,1.172,0.459,-0.55,-0.541,-0.565,-0.6205,-0.6295
3.97,4.539,4.8965,5.021,4.2645,4.3015,3.971,4.2755,3.7235,3.822,3.6,3.2745,2.886,4.479,3.8345,4.3475,4.43,4.6605,5.0185,4.979,6.1865,5.084,5.5085,5.8815,6.1275,4.9515,5.2015,4.726,4.7,4.938,4.975,4.7755,4.348,3.942,3.7805,3.969,4.786,5.246,5.005,4.163,4.4005,4.1365,3.983,2.8095,2.8935,3.532,3.2645,3.367,4.646,4.5625,5.098,4.7445,5.188,5.2625,4.495,4.658,5.425,5.558,5.114,6.213,5.8605,5.597,4.831,4.8925,4.6925,4.947,5.549,5.497,5.2745,5.0175,5.3175,5.223,6.3855,6.734,7.261,8.086,7.126,4.613,4.2335,4.4725,4.1595,3.827,4.07,4.528,5.278,5.8225,5.2225,5.5475,6.34,5.378,4.5565,5.577,5.3345,5.098,4.571,4.165,4.084,3.554,2.807,2.6275,2.8085,2.9015,2.8495,3.144,3.766,3.938,3.446,2.7075,3.2225,3.0185,2.928,2.817,2.5075,3.5865,3.389,3.024,2.3045,1.9665,1.8085,2.0275,1.959,3.285
1.6365,2.394,2.3445,2.6485,3.3705,3.395,2.673,2.788,3.382,4.0775,3.6805,3.3905,2.7915,1.838,1.5895,0.5235,2.6065,4.292,3.9315,5.257,5.462,5.64,5.3935,6.8235,6.902,7.6565,7.3685,7.5435,7.8855,7.897,7.9365,6.381,5.982,5.976,5.2945,5.16,5.6455,6.669,5.903,6.1295,5.3375,4.894,5.295,5.373,4.8375,4.579,4.1105,4.2435,4.1655,3.7475,2.992,2.709,2.0295,1.246,1.2805,3.7435,4.913,5.2,4.681,4.428,5.3215,6.191,6.444,6.743,6.746,6.142,7.228,7.993,8.695,8.5935,6.726,6.4305,5.801,5.991,6.1905,5.5885,5.0505,4.313,3.948,4.6365,5.2385,4.146,3.7855,2.3315,2.532,2.5505,2.62,1.65,0.399,-0.018998,0.26,1.312,2.0015,3.142,3.1685,3.409,3.0355,1.913,1.4645,1.4465,1.3775,0.83,1.094,1.6105,1.0035,0.3095,-0.099999,-0.6925,-1.536,-1.458,-1.829,-0.852,-1.0245,-0.135,1.4125,1.847,3.21,3.581,3.756,4.2325,3.605,2.5265
3.323,2.0345,2.0395,2.588,3.2985,3.1795,3.6085,4.086,4.0275,4.16,4.063,3.4905,3.307,3.873,4.364,4.849,4.535,4.7415,4.928,5.252,5.5875,5.3885,4.9245,5.337,4.4165,5.2915,5.347,5.633,5.0575,5.0225,5.415,6.509,5.8065,6.455,5.6295,5.7985,6.2375,5.6775,5.04,4.941,4.712,3.8825,4.212,4.3255,4.6695,3.557,3.4505,4.3935,5.2205,4.781,5.3895,5.38,4.83,5.3395,5.745,5.3005,5.5325,4.759,4.2265,4.2595,4.7765,5.0095,5.2525,4.6455,3.928,4.761,4.74,4.765,4.9455,4.174,4.78,5.3345,4.7295,3.7565,3.8025,3.0425,2.7725,3.9365,3.439,3.116,3.8765,4.422,5.523,4.8835,4.506,4.4155,4.989,5.539,5.751,5.3525,4.7405,4.3215,3.749,4.264,4.905,5.506,5.479,4.575,3.738,3.188,3.3985,3.4995,2.9815,3.333,3.506,3.0645,2.879,3.111,3.1735,3.817,3.602,2.573,1.135,0.337,-0.649,-1.0835,-0.484,0.5955,1.289,1.8965,1.983,1.421
4.082,4.1195,4.024,3.239,3.698,4.054,5.194,5.459,4.8945,4.159,4.6065,4.697,4.9395,4.637,4.3265,5.439,5.8845,5.0895,5.813,6.834,6.159,6.229,5.97,6.014,5.2765,4.642,4.233,4.8515,4.5915,4.6825,4.7705,4.9,4.6255,4.4905,4.396,4.9225,5.629,5.506,5.502,4.546,4.434,4.332,4.1075,4.163,4.021,3.8545,4.077,4.188,4.2105,4.327,3.968,4.052,3.9365,3.3695,3.09,3.4955,4.093,3.6175,3.3015,4.242,5.32,5.439,5.073,5.672,6.3545,6.0895,6.2335,6.2305,6.0535,5.464,4.7755,4.0315,5.1065,5.126,5.4865,5.933,5.692,4.598,3.866,4.6,4.41,4.583,4.088,3.8845,2.551,2.2245,2.703,3.1845,3.2785,3.016,2.9335,2.5595,2.887,2.911,2.331,2.1945,2.0195,2.414,2.608,2.5875,2.4045,1.126,0.081502,-0.8325,-1.4845,-0.7875,0.407,7.6294e-07,0.073,0.4235,0.3745,1.1045,1.2005,2.371,3.381,3.327,3.253,3.4395,4.63,4.3575,3.462,3.006
4.3525,3.4365,4.487,4.801,4.0225,4.0255,4.558,4.6345,5.275,5.4535,4.507,5.7065,5.434,3.899,4.132,4.6585,5.311,4.492,4.5695,4.2435,4.064,3.9315,4.5825,4.9725,4.4625,5.1655,4.9435,5.394,4.558,4.0725,3.485,3.338,2.9795,3.6365,4.19,3.823,4.178,4.0625,4.111,3.9175,3.747,4.1135,3.5005,3.673,4,3.507,5.0295,5.2975,4.966,4.1305,3.9065,3.7495,4.211,4.711,4.945,4.976,4.6265,5.3205,6.143,5.886,5.094,5.2865,5.101,4.223,3.31,3.3585,4.1405,4.308,4.6235,4.9025,4.9495,6.0565,5.7235,6.159,5.014,5.548,5.5515,5.995,6.0495,5.5825,5.45,5.766,5.5695,6.337,6.1815,5.401,4.839,4.921,4.3885,4.1615,3.898,4.0055,2.75,3.347,3.5835,3.273,3.7615,4.061,4.296,4.0295,4.0315,4.599,4.44,3.5305,2.2425,2.1185,2.6285,2.9085,1.5235,0.4475,-0.024998,0.387,2.0655,3.257,3.4065,1.914,0.628,0.397,1.6295,1.6775,1.7695,1.1985
4.3915,5.0565,4.733,5.139,4.43,4.777,4.9635,4.632,4.0725,3.63,3.632,2.387,1.2425,1.098,1.5575,3.6795,3.466,3.895,3.7625,3.562,4.3455,4.2215,4.642,5.415,5.548,5.582,5.9965,6.038,4.8945,4.271,4.494,4.405,4.3645,3.899,3.2755,3.251,3.2725,3.4015,3.1715,4.175,4.1145,3.388,3.211,3.0245,3.107,3.9415,4.4445,4.449,4.5515,4.3285,4.3245,4.099,3.952,4.1535,4.6935,4.3195,4.282,3.175,3.408,3.3705,4.1005,3.9565,3.9565,4.1545,3.6715,3.8005,4.407,4.604,2.72,3.0015,4.5845,4.855,5.3435,5.65,5.4355,5.7745,5.693,5.134,4.148,4.2785,4.1705,3.3315,3.129,3.2975,3.6735,3.2835,3.5555,3.502,3.264,3.4735,3.7275,3.101,2.8235,2.989,3.047,3.4535,3.9945,3.448,3.714,3.7225,3.61,2.845,2.3105,1.9835,2.426,2.876,3.249,3.5325,3.935,3.498,3.2115,3.128,3.612,3.355,2.2225,1.043,1.6315,2.7265,3.354,3.258,2.4955,2.836
5.107,3.9265,3.7635,4.538,4.5325,4.5435,3.622,3.131,3.7295,3.8665,4.7245,4.9215,5.48,5.322,4.9335,6.3565,5.694,5.403,5.8435,5.808,5.7715,5.353,5.8675,5.978,5.157,5.0055,5.217,5.2765,4.9885,5.3295,4.809,5.525,4.8615,5.5805,5.5,5.121,4.787,3.991,3.6575,3.258,2.781,2.113,1.9085,3.799,5.9455,5.352,5.531,5.659,4.613,3.015,3.4255,3.2885,3.9925,3.327,4.274,4.7465,4.802,5.2925,4.7105,4.7665,5.468,6.1655,5.762,5.723,4.7555,4.496,4.1215,5.3115,5.887,5.6895,6.14,5.4445,4.87,4.9825,5.0865,5.6275,5.815,5.6025,6.317,5.4805,4.312,4.8535,3.364,3.3405,4.1965,3.5355,4.4035,4.186,3.8375,4.36,5.584,5.2285,4.961,4.899,5.055,4.4255,3.9595,4.2945,3.6,3.28,3.312,2.7075,1.5775,1.507,1.782,2.7395,3.1505,2.884,2.66,2.5595,1.7785,-0.099499,-0.3655,-0.022499,0.079502,0.192,-0.7875,0.121,0.017002,0.125,-0.9605,-1.2425
4.6,3.9805,3.733,4.268,4.951,5.3265,4.7435,4.889,5.304,5.2835,4.916,4.733,3.8725,5.6715,6.1755,5.8965,6.5605,5.6175,5.7165,5.0235,4.606,5.3565,5.6,5.672,5.6835,5.4445,5.855,6.1045,5.5275,5.015,4.8605,4.5045,4.6795,5.5085,5.2745,4.7015,4.534,4.3085,5.76,5.1535,4.3005,3.8135,3.74,4.223,5.0235,4.062,4.344,4.236,3.855,3.864,3.1665,2.6645,2.762,3.614,4.0015,4.0145,4.5015,4.102,4.58,5.415,5.0125,4.916,3.9985,4.049,4.311,4.297,4.651,5.002,5.5565,5.092,5.279,5.095,3.9405,5.155,4.259,4.7675,4.6035,3.739,3.8985,4.1435,3.4105,3.6555,3.6255,3.49,3.5745,3.531,3.986,3.11,4.436,3.2575,3.5105,3.322,2.8265,2.8395,2.9805,3.485,3.863,3.7065,3.83,3.6605,3.1585,3.4845,4.221,5.1525,4.7965,3.9775,3.0895,2.8125,2.69,2.3005,2.8015,2.9775,2.794,2.627,2.025,1.6565,0.407,-0.354,-0.2,0.1615,-0.2965,-0.047999
0.7925,1.789,2.951,3.3125,3.9825,4.0025,3.2135,2.9175,4.1725,4.2295,4.369,3.8435,4.054,3.795,3.5915,4.4755,4.866,5.8805,6.65,6.182,6.2655,5.3865,6.221,6.723,6.3265,5.8575,5.607,5.445,4.779,4.507,3.748,3.3985,2.737,4.629,5.1115,5.804,6.0395,5.5495,5.315,4.47,4.8885,4.0855,4.7105,5.5145,5.991,6.139,7.5435,6.4545,5.8625,6.6915,6.9675,6.468,5.9685,5.8395,4.5305,4.6345,4.503,4.0255,3.453,3.2485,3.2375,3.31,3.822,4.779,5.2605,5.737,5.2725,4.14,3.989,5.448,5.102,5.9865,6.3515,6.814,6.3935,5.961,4.811,4.54,4.239,4.3695,4.812,4.861,4.0935,3.3915,3.221,3.0855,3.6035,3.0975,2.4875,3.041,3.268,2.423,1.672,2.4255,3.13,3.55,3.641,3.923,3.591,4.003,4.4245,3.933,3.507,3.7015,3.058,2.383,2.0115,1.5765,1.973,2.0865,1.8855,1.9455,1.698,1.621,1.8665,2.424,2.1635,1.8015,1.3825,0.9525,1.595,1.4995
3.138,4.213,5.1555,4.5025,3.162,3.687,3.58,4.986,4.6875,5.138,4.539,4.38,4.301,4.753,5.0265,4.601,4.4795,5.1515,4.9625,5.3205,4.384,4.19,3.1095,2.1885,1.7565,1.7685,2.3225,2.815,3.544,4.3125,4.1925,4.7655,4.8325,4.9445,4.6565,5.045,5.7495,5.343,5.663,5.2735,4.63,4.3535,3.906,4.5855,4.518,5.436,4.76,4.1755,4.063,4.2305,4.5715,3.73,3.4105,3.624,4.9615,4.002,3.052,3.161,2.7375,3.2875,3.81,3.8985,3.614,3.199,3.1265,3.269,2.9405,2.981,2.6235,2.707,3.231,3.7985,3.591,3.265,3.2735,2.816,2.6315,2.68,3.705,5.121,4.8655,4.429,4.7495,5.0175,4.8705,5.4155,5.08,5.4605,5.7755,5.231,4.7975,3.9745,4.806,3.8805,3.7235,3.603,3.6925,3.5145,3.68,3.7405,4.4935,4.207,3.5555,2.7225,3.059,3.366,3.042,2.2535,1.1115,0.9655,1.5635,2.2375,2.5945,2.36,1.0955,1.267,1.6505,1.6815,2.021,0.4525,-0.607,-1.753
5.1155,5.0995,4.8675,4.919,4.0785,3.3505,2.233,1.981,3.3215,3.852,3.2415,3.4595,4.5435,4.3795,4.685,5.088,4.078,3.309,3.7065,3.3165,3.9655,4.309,4.283,3.4025,3.031,3.2865,3.8415,3.6535,3.02,2.6825,2.301,2.8795,3.478,3.444,3.667,3.5565,3.036,3.3045,2.316,1.9175,2.759,4.2105,5.4915,4.8585,4.8655,5.819,5.1555,5.0315,4.5905,5.292,5.296,4.9485,3.747,4.3225,4.795,4.474,4.652,4.9345,5.342,5.6735,5.879,6.4925,6.0015,5.486,4.6475,3.1705,3.031,3.2545,3.773,4.272,3.525,3.6855,3.1435,2.7155,2.461,3.8495,3.126,4.175,4.5865,4.342,3.9775,4.259,3.5415,3.134,3.041,2.4445,1.809,2.3935,2.6805,3.8095,3.2425,3.2275,2.753,1.38,0.418,0.7555,1.8495,2.5885,3.097,3.019,2.547,1.3,0.6875,0.7805,0.2655,1.7845,2.4,2.733,2.0855,0.874,1.3465,2.513,3.0895,3.7135,3.179,2.6545,1.2005,1.0105,3.079,3.717,3.3615,3.6085
2.0375,2.957,3.208,3.7895,3.2005,3.7755,3.581,3.758,5.1175,4.1495,4.68,5.2865,5.6345,5.563,4.6825,4.546,4.241,4.694,4.321,4.4185,4.566,4.527,4.6115,4.974,4.872,5.279,4.9945,5.4635,5.705,5.399,4.8815,4.6495,4.4945,4.0515,3.975,3.223,2.9885,2.723,2.3,3.339,3.8325,3.9645,4.0275,4.786,3.8235,3.376,3.1165,3.8765,4.7655,5.768,5.5315,5.4395,5.819,5.4915,4.856,5.4545,4.4395,4.348,3.798,4.0815,4.1865,4.6645,5.0225,4.607,5.2805,5.913,5.357,5.181,4.2435,4.46,4.602,4.973,5.7395,5.758,5.992,5.458,4.8285,4.67,3.985,4.2675,4.18,4.4665,5.1745,4.535,5.03,4.98,4.698,4.377,3.944,4.321,4.3165,4.248,3.7585,2.139,1.899,3.147,3.7845,3.9745,3.241,3.5265,3.537,3.753,4.5915,4.32,3.931,3.3505,2.47,2.2535,1.479,2.6515,1.5555,0.7055,0.5345,0.1335,0.452,1.2535,1.168,1.429,2.515,3.1885,2.306,1.8585
3.713,4.4655,4.029,4.743,3.9245,4.359,4.1485,4.277,4.394,5.001,4.624,5.023,4.8685,5.755,4.694,6.444,6.4955,6.6735,6.2565,5.7095,5.635,5.547,5.8775,5.3325,4.726,4.2075,4.5105,5.094,5.474,5.436,6.1,6.1625,5.6435,4.8795,3.6835,2.9,2.874,3.5285,4.324,4.5315,5.3385,5.459,5.815,5.845,5.2055,5.514,5.576,4.788,4.772,4.996,5.7115,6.255,6.3255,5.6075,5.9685,5.0985,4.9705,3.9215,4.2025,4.174,4.6565,3.89,4.1765,4.436,4.3135,3.415,3.625,3.944,3.654,3.5535,3.401,4.442,6.0045,6.443,5.4835,6.044,6.4045,5.6295,5.7865,5.724,5.3315,6.2625,5.673,5.9125,4.3915,4.2275,4.0295,4.8545,4.5855,4.4265,5.3545,4.131,3.984,3.6955,4.8175,4.505,4.532,4.0355,3.742,3.332,3.209,3.58,3.7175,3.7785,3.7035,3.269,3.229,3.2585,3.0425,2.896,2.943,2.9135,2.782,2.3585,2.397,2.8125,2.73,1.7395,2.3975,2.659,2.613,2.3295
1.4165,1.662,1.545,2.019,1.7675,1.5615,2.1745,3.571,3.3705,4.1,4.4405,4.918,5.2035,3.4645,3.3925,5.227,6.1465,6.3915,5.9385,4.744,3.677,3.17,3.522,4.186,4.0735,3.9005,4.04,3.1175,2.7735,3.209,3.8235,4.1765,4.97,5.015,4.8145,5.1765,5.252,4.394,4.6085,5.0205,4.1455,5.746,5.3755,5.7035,4.974,5.271,5.74,4.583,5.59,5.207,6.389,6.7205,6.114,6.611,6.605,6.1895,6.975,6.309,6.4415,6.198,4.3395,4.291,3.3225,3.7875,3.7845,4.441,4.794,4.7325,5.4835,4.393,4.289,4.174,4.582,5.579,5.5575,5.458,5.272,5.0935,5.702,5.592,5.7905,5.265,5.861,5.8355,6.265,5.867,4.4245,4.7705,4.4005,4.268,4.139,3.8255,3.4085,3.5935,3.0145,2.663,3.2335,4.1645,3.9905,3.239,3.5215,2.4585,1.987,2.1275,1.6615,2.1755,2.125,2.606,2.807,2.972,2.9065,2.175,1.7585,2.157,2.5945,3.602,2.6675,1.789,1.208,1.2315,1.056,1.632
2.2025,1.565,1.983,1.453,1.9875,2.0145,3.015,2.4085,2.135,1.508,1.3505,2.403,2.8125,4.151,5.754,5.253,5.481,5.6745,5.508,4.5705,5.6565,6.005,5.4185,6.239,5.3895,5.633,5.5935,4.601,4.633,3.8775,4.8765,4.4495,4.427,4.154,3.5935,4.01,4.1625,4.136,3.4515,3.431,2.7355,2.6345,1.715,1.6175,2.647,3.055,4.358,4.115,4.459,5.297,5.024,4.1695,4.5265,5.8545,6.1085,6.694,7.434,7.024,4.6975,4.5395,3.9425,4.52,3.934,2.4585,1.947,1.3295,1.5725,2.227,2.674,3.4685,4.249,5.3345,5.4045,5.483,5.447,5.6655,6.323,5.8015,6.6375,6.1945,6.4225,5.2745,4.416,3.614,3.5795,3.4525,3.3875,4.091,4.8885,4.5855,3.949,3.4145,3.283,3.884,4.3955,5.229,4.938,5.1005,5.2775,4.6485,3.4565,3.1055,2.9135,2.9435,2.5295,2.5625,2.478,2.3765,2.5515,1.787,1.2825,0.987,1.2275,1.196,1.4295,1.089,0.641,0.436,-0.5315,-0.9765,-1.7435,-1.679
3.64,2.644,3.4045,2.4705,2.6695,2.3055,2.2065,3.2625,3.0655,4.043,5.04,5.14,5.03,4.036,4.7875,4.883,5.101,5.909,5.327,4.207,4.053,4.32,3.8755,4.778,5.598,4.447,3.9355,2.8475,2.7145,3.7755,3.9975,3.1805,3.1665,3.3605,4.299,4.3845,5.0135,5.27,5.1365,5.439,5.7115,6.6165,6.088,6.345,6.307,5.5135,3.8985,2.8475,3.1645,2.7685,3.8915,4.3275,4.5715,4.952,5.5875,5.492,5.433,5.981,5.9135,5.836,5.475,5.709,5.4755,5.454,4.3735,4.1735,2.7125,3.345,5.2315,6.28,5.489,5.2735,4.6385,4.657,4.882,4.9025,5.154,4.7245,4.6015,4.116,4.6425,4.3695,4.57,4.1085,4.1185,3.832,2.8995,2.9375,2.359,2.498,2.6045,3.152,3.08,4.156,3.834,4.8785,5.3745,4.1615,4.135,4.0635,4.47,3.1335,3.3,2.9785,3.211,2.676,2.789,2.6925,2.6215,2.917,3.406,2.8745,2.8255,2.2575,1.6665,2.5885,2.303,2.105,2.057,1.626,1.3515,1.0485
3.263,3.269,4.0335,2.3195,1.98,1.173,3.2445,4.179,4.14,5.271,4.4215,4.791,4.2855,4.68,5.0405,5.162,6.0575,6.056,5.538,6.2315,5.5055,5.438,4.83,4.492,4.6915,5.6635,5.6195,5.499,4.324,4.836,4.899,4.3285,3.707,3.4715,2.82,3.8925,5.1775,5.427,5.867,6.561,6.3585,6.472,6.885,6.2715,6.8075,5.9245,5.772,5.491,5.356,5.5275,5.8845,5.507,5.1845,4.5035,4.966,4.7635,5.1395,5.0375,5.7125,6.1585,6.2005,5.858,5.5915,4.6255,4.39,4.505,5.159,4.5115,3.975,3.706,4.3355,4.0595,3.8435,3.1195,3.0665,4.247,4.952,4.458,5.5465,5.635,3.939,2.845,3.096,3.4555,4.4535,4.668,5.567,5.8235,5.527,5.551,5.2975,4.833,5.019,4.8155,4.4925,4.3675,4.481,5.856,4.059,2.994,3.026,3.251,2.445,2.4835,2.627,3.03,3.3235,3.5255,3.95,4.0685,3.1065,2.1025,1.4795,0.3775,0.409,0.411,0.92,0.9705,0.3985,0.2095,-0.4465,-1.131
3.085,3.173,3.3275,4.1445,4.3475,5.2745,5.2785,5.734,4.9115,4.9295,5.1005,3.932,3.366,2.7755,2.683,4.368,4.042,3.8025,4.168,4.3085,4.5345,4.2295,3.7215,3.5115,3.6665,3.9105,3.932,3.4875,3.9245,5.328,6.474,5.8535,4.817,3.4335,3.101,3.033,4.0075,2.9575,3.3325,3.7035,3.472,4.116,3.9265,4.165,4.078,4.5795,5.5485,5.817,5.628,5.0665,4.567,4.764,5.4075,5.022,4.8435,4.679,3.8195,3.372,2.722,3.1725,3.7415,3.991,5.5025,5.2795,4.6735,4.0445,4.853,4.845,5.0165,4.16,2.298,1.5335,2.849,3.952,4.053,3.8955,3.672,3.015,3.164,3.682,3.4265,3.035,3.1395,3.507,3.368,3.502,4.2495,4.142,4.5015,4.6255,4.918,4.878,5.769,6.089,7.0495,5.528,4.101,3.341,2.85,2.6215,1.5275,1.3085,0.781,0.8125,1.7645,2.302,3.072,3.038,2.992,3.6055,3.6955,3.651,3.432,3.405,2.747,2.0595,2.1765,2.277,2.2585,1.832,1.7225,1.1675
2.13,3.0445,3.083,3.5385,3.184,3.032,2.683,2.001,1.4975,2.0845,2.7715,2.065,2.754,4.4645,5.0065,3.5605,3.955,3.548,4.3985,5.5865,4.636,4.902,4.349,4.385,3.915,3.2715,3.9365,3.879,4.8295,4.802,3.783,3.5505,2.7615,2.7965,2.9415,3.1135,2.607,1.586,1.252,2.931,3.077,3.5615,3.82,3.81,3.571,4.0315,4.2485,4.9075,4.3135,4.895,5.5075,5.623,5.811,6.1275,6.4775,7.379,6.1935,5.5285,5.8885,5.9165,5.3405,5.8225,6.216,5.885,5.0185,5.2535,5.5885,5.255,5.3215,5.429,5.0135,4.2545,3.7705,4.8195,3.7645,3.4825,3.325,3.5035,2.9775,3.622,3.696,2.7615,2.02,2.065,2.172,3.7085,3.821,4.2165,3.651,4.089,3.6645,3.143,3.001,2.6575,2.28,1.975,1.0325,1.314,2.092,2.6395,1.6385,1.8335,2.544,2.138,2.3585,3.3195,3.5845,3.4435,3.808,4.036,3.5605,2.425,1.794,1.812,1.395,1.1985,2.0075,2.864,2.216,2.363,3.1065,2.6735
4.4145,3.5805,3.252,3.0475,2.9475,3.577,3.171,3.088,3.3965,3.516,2.9705,2.545,1.786,1.736,1.8715,2.669,3.812,4.156,3.171,2.7935,2.745,3.0285,4.5365,5.736,6.186,6.11,5.5305,6.0665,5.228,4.6635,4.3785,3.765,3.942,4.4175,4.46,4.974,4.67,4.622,4.473,4.9205,4.6025,5.0645,4.205,4.765,4.7525,4.5355,4.287,3.686,3.2495,3.1305,3.034,3.111,3.127,4.609,4.994,5.07,5.3275,5.428,5.734,6.0905,6.1975,6.233,5.86,6.364,6.3875,5.642,5.67,4.6415,2.851,3.3105,3.662,3.772,4.356,3.8265,3.5065,3.675,3.794,4.646,4.324,4.431,4.2435,3.9815,5.0395,5.554,5.46,4.582,5.385,4.46,4.6385,5.032,3.8485,3.644,3.2235,2.721,2.806,2.519,2.2875,1.8425,1.9055,2.2165,1.875,1.6915,1.547,1.4405,1.616,2.2985,2.043,1.8145,1.763,2.5365,2.591,2.4575,2.363,1.95,2.5305,2.573,3.331,3.032,2.6405,2.117,1.6625,1.322
2.7385,3.228,3.543,2.7215,2.1655,1.4575,1.9535,3.017,4.845,5.418,3.912,4.1345,3.9205,3.1395,2.417,2.9615,3.314,2.8715,3.439,4.8885,5.5255,4.866,4.567,4.353,3.6345,4.3175,4.025,4.503,4.7315,5.1285,4.756,4.89,4.41,4.715,5.7565,6.201,5.7375,5.318,5.3345,4.8815,5.083,4.2715,3.356,2.9365,3.301,3.236,3.072,2.547,1.9175,1.764,2.5225,2.8565,2.917,2.6625,3.6685,4.1845,3.549,4.6945,4.0975,3.5665,3.455,3.3385,3.3805,3.573,3.952,4.3275,4.5125,5.2365,4.913,4.223,3.9005,3.771,3.982,3.9915,3.7285,2.2855,1.8425,2.5695,2.217,2.1005,2.421,1.7995,0.6265,0.1375,0.4375,1.667,2.278,2.4575,2.871,3.8815,3.3395,3.1435,3.445,3.2225,3.1855,2.5785,2.1955,2.672,3.306,2.849,3.253,3.9055,3.326,3.669,4.783,4.582,4.611,2.646,2.482,2.338,2.3475,1.7475,1.6985,2.041,2.1755,1.74,0.711,-0.2725,-0.8515,-1.5905,-1.427,-0.101
3.477,4.0625,4.4635,4.2465,3.976,4.265,4.7325,4.8185,4.931,4.5525,4.5275,3.532,3.2955,4.373,4.809,4.497,5.267,4.5355,4.5645,5.226,5.5735,5.179,5.4035,4.7165,5.2945,4.616,4.182,4.013,3.7635,3.907,4.2915,4.662,3.625,3.1705,2.127,2.1385,2.3065,2.073,2.9545,4.452,5.209,5.036,5.383,6.49,6.241,5.665,4.768,4.225,5.183,5.397,5.4855,6.506,5.888,6.5955,6.0925,5.9475,6.3435,6.327,6.6225,5.189,4.362,5.0185,5.197,5.2045,4.5665,5.152,6.1275,5.9685,5.8515,5.288,4.0345,4.247,4.244,4.767,4.1515,3.2635,3.283,2.9215,2.969,2.1445,2.974,3.661,3.0265,2.9275,3.496,4.2185,3.5535,3.515,4.4395,4.0445,3.948,4.675,3.821,4.2965,4.59,4.7495,4.348,3.81,4.2155,3.8635,3.6565,2.891,3.284,3.5635,4.233,4.325,4.8195,4.432,4.988,3.698,2.8325,2.4215,2.7075,2.265,1.579,1.439,1.7455,0.839,-0.028996,-0.42,-1.3055,-1.3065
3.5625,3.5455,3.6,3.5265,3.2685,3.9615,3.817,3.8065,3.511,4.4545,5.006,5.255,5.71,5.8855,4.8985,5.349,5.362,5.3325,4.991,3.911,5.0845,4.165,4.5855,4.546,4.8845,4.066,4.5325,4.831,4.378,3.9425,4.115,4.062,3.9455,4.1225,4.554,4.9495,4.9085,5.333,6.0315,5.594,5.546,6.1275,6.3225,6.5175,6.05,5.6815,6.486,6.6195,6.158,5.561,4.0175,3.6315,3.975,3.788,3.7815,4.1035,4.032,3.657,3.4915,2.9115,2.782,2.8515,3.01,2.8105,2.5745,2.31,2.207,3.2075,3.982,4.9205,5.0515,4.243,3.7635,3.063,3.184,3.351,4.3375,4.46,4.735,5.597,5.6435,5.446,4.5505,4.771,3.6145,2.497,3.8665,4.7925,5.7175,5.2685,5.5255,5.8725,5.263,5.04,4.523,3.657,3.4695,3.403,3.0635,3.101,3.884,3.16,3.4165,2.138,1.928,2.2255,2.055,2.7,2.319,2.2405,1.626,1.026,-0.082998,-0.924,-1.453,-0.924,-0.6755,-0.8505,-1.566,-0.043497,0.525,0.8185
4.3655,4.212,3.2455,3.659,3.744,3.248,2.6485,3.3525,2.728,3.4695,2.8395,4.4115,5.863,6.761,6.1715,6.4105,5.76,5.04,5.016,4.9425,5.4995,5.9025,5.5405,6.107,5.973,6.4035,5.643,5.4475,5.3175,5.082,4.949,5.668,5.796,5.4325,4.9945,5.1955,5.4405,5.6075,5.287,5.574,4.9445,3.8985,4.318,4.096,5.019,5.2315,5.265,5.2975,5.6495,4.6295,4.5595,4.1905,3.918,4.285,3.451,4.202,3.679,3.7205,4.022,3.1135,2.755,4.0145,4.098,3.5335,4.211,4.2425,3.8745,3.9185,3.978,4.1465,3.4165,3.88,3.6855,4.148,4.155,4.86,5.267,5.2845,5.5315,5.25,4.952,4.365,4.5755,4.146,3.879,3.5125,4.465,4.98,5.4115,5.5285,4.9855,4.4805,3.705,3.455,3.3215,3.081,3.1085,2.489,1.705,1.7865,2.583,2.6865,3.122,2.685,1.6585,1.7145,0.8745,1.5475,1.703,2.128,1.568,1.635,0.787,1.37,1.814,1.773,1.515,1.993,1.998,1.2095,1.4995,1.8295
2.541,2.7365,2.746,3.407,3.2835,3.987,3.4685,3.742,3.1715,2.7945,2.076,2.232,2.785,3.727,4.538,3.925,4.6045,4.8035,5.1805,5.372,5.0585,5.234,5.133,6.565,5.9865,4.738,4.303,4.539,4.4335,4.7365,4.5995,5.16,4.9855,4.4005,4.3525,4.5745,4.948,4.5605,4.8265,4.84,5.5245,5.5615,5.4955,5.1585,5.4365,5.8965,5.4735,4.8115,4.545,4.436,4.745,5.023,4.909,5.022,5.376,4.9965,4.6745,4.0615,4.3725,3.9635,3.103,2.838,3.0885,3.6755,4.113,4.879,5.098,5.66,5.059,5.6405,5.3355,5.8785,6.1005,5.9495,5.934,5.6625,5.6495,5.9165,5.6945,5.113,4.486,4.257,3.832,4.626,2.968,3.2295,2.2775,1.8775,2.5875,3.3295,3.8175,3.565,3.6545,3.2485,3.7925,3.7205,3.5505,4.562,4.777,4.7675,4.098,4.041,3.987,3.6735,2.444,1.9315,2.388,3.0845,3.0915,1.716,1.714,2.036,2.6205,2.2915,3.171,3.2495,2.4075,1.8515,1.3705,0.9915,0.166,-0.7495
3.6355,3.5205,4.385,4.395,4.4005,4.5045,4.371,4.1525,3.4745,3.8965,4.104,3.6455,3.2225,3.0755,3.447,3.303,3.1695,4.041,5.1375,4.95,5.7915,4.596,4.4755,3.5885,3.8475,3.9565,4.9245,4.183,4.573,4.104,3.263,2.744,2.8295,2.9965,3.1265,3.1385,4.2055,4.3985,4.4105,4.461,4.387,3.853,2.4475,2.6445,4.233,4.1045,2.8635,3.3285,4.253,3.1855,3.6255,4.547,4.4315,5.6005,5.5975,5.983,5.289,3.7425,2.7895,3.4935,3.669,3.449,3.6395,3.965,4.115,5.131,4.325,4.208,3.7105,4.293,3.411,3.228,3.525,3.99,4.0285,4.5525,4.285,4.777,4.5475,5.5635,4.71,5.036,4.7845,5.1905,4.5255,4.3785,4.499,4.2995,4.4015,3.8375,3.371,3.9045,4.222,4.714,4.324,4.446,4.4905,4.559,5.3905,4.7305,4.062,4.11,4.214,3.986,3.6505,3.47,3.52,3.327,2.9785,2.9555,3.2195,3.1875,2.7885,3.191,2.5505,2.785,1.666,0.9025,0.8375,0.8175,0.244,0.0015038
2.8295,3.195,3.305,3.237,4.193,3.3745,2.7445,2.634,2.5395,2.628,2.4555,3.2075,4.7265,4.915,4.663,5.926,5.6465,5.7595,5.1015,5.4795,5.4035,5.1775,4.9205,5.0085,4.5585,4.376,4.174,4.2485,4.114,4.484,4.783,4.684,4.0105,3.5885,3.5015,3.133,2.5885,3.227,3.0965,3.1255,3.602,4.187,4.6065,4.821,4.014,3.369,2.6885,2.4135,3.27,3.446,4.163,3.972,4.473,4.1305,4.5445,4.6655,4.692,4.622,4.723,4.4785,5.4705,5.5775,5.919,5.873,5.8285,5.295,4.753,4.999,5.023,4.75,4.875,5.3755,5.696,5.149,5.23,5.7875,4.776,3.8735,4.222,4.6,5.376,5.008,4.8795,5.0195,4.436,3.998,4.0565,3.927,3.674,3.658,3.2845,3.5675,2.554,2.378,2.198,2.4805,1.914,1.67,2.055,2.9695,3.502,3.7615,3.8265,3.1865,2.5195,2.682,3.2465,2.546,1.8705,2.16,2.1525,2.3145,1.583,0.1205,-0.8125,-0.5445,-1.262,-1.2065,-0.8505,-0.2485,-0.752,-0.6085
2.685,3.4755,3.349,3.2085,2.947,2.7815,2.9795,3.433,3.278,3.595,3.6765,3.3985,3.2785,3.2155,3.0435,3.152,3.8125,3.424,3.0675,2.7625,3.018,3.7765,3.9805,4.788,4.442,5.113,5.258,5.0665,4.9905,4.7355,5.233,5.647,5.3305,5.737,5.0845,4.197,3.9685,4.136,4.544,3.8455,3.9305,3.6405,2.9325,2.343,2.083,2.0745,1.9025,1.6815,2.8495,3.3605,4.0245,4.1115,4.386,5.1425,5.9385,6.171,5.278,5.4735,5.1695,5.398,6.255,6.5315,5.84,5.197,5.006,5.9645,5.1605,4.919,3.9965,4.1035,4.505,4.3425,4.654,4.0835,4.1975,4.144,4.9485,4.444,4.352,4.6345,3.948,3.818,2.895,2.0565,3.0045,3.3545,2.415,2.0905,2.0355,1.619,2.115,2.107,1.715,2.191,1.37,0.8575,1.315,1.854,2.0245,1.3745,2.0765,2.7165,3.9635,4.143,3.5765,3.7265,3.0645,3.5485,3.878,4.6925,5.1515,4.453,3.2745,2.065,2.509,2.9475,2.817,2.2315,2.0465,1.5795,1.566,1.8595
3.5995,4.048,4.0995,3.4675,3.82,3.3785,3.8225,3.6105,3.5475,3.6335,2.928,3.4165,3.3825,2.763,3.1895,2.685,2.512,2.098,1.951,1.7275,1.235,1.147,1.2595,1.542,2.5775,2.565,3.4855,4.375,4.0365,4.3375,5.645,5.971,5.3825,5.9955,5.9925,5.1155,4.5005,5.0395,4.4445,4.57,5.199,4.803,4.836,5.005,4.86,4.999,4.4165,4.239,4.2085,3.971,4.846,5.1715,3.503,3.922,4.0695,4.1965,5.0315,6.0045,5.9615,6.098,5.592,4.8085,5.3045,5.4435,5.439,5.29,4.4625,5.0375,5.8565,5.6505,5.6355,5.6145,5.24,5.2495,5.3045,5.5745,5.1405,4.879,3.8215,3.008,3.481,4.3025,3.8545,3.9105,3.9135,3.117,3.64,4.5815,4.3395,4.724,4.576,4.034,2.937,2.4315,2.7635,2.4245,2.807,1.3585,0.8335,0.446,0.538,0.033501,1.329,1.619,2.2305,2.425,1.9045,1.7915,3.1165,3.5635,2.9385,2.9045,2.903,3.122,2.657,2.1015,3.0585,3.4695,2.8715,2.3485,2.8255,2.758
1.9515,1.994,1.9305,1.227,2.028,3.1835,3.34,2.8475,3.324,3.905,3.2145,2.736,1.7885,1.3185,1.726,1.438,1.773,2.5715,2.965,2.323,1.6995,1.408,1.337,2.6385,3.8345,4.2275,4.9535,4.682,4.85,4.706,4.8335,5.3425,5.1075,5.4635,5.4575,5.635,6.512,5.931,5.32,4.6305,4.365,4.512,4.9445,4.4025,4.276,3.313,3.742,3.016,2.328,2.5465,2.0315,1.867,0.796,0.088503,0.5915,1.387,1.9755,2.833,2.743,2.109,2.035,2.738,3.265,3.8895,4.465,4.8935,5.5425,6.226,5.556,4.3315,4.4485,4.086,4.605,4.1185,3.754,3.773,3.76,3.65,3.8045,3.7515,3.4995,3.1675,2.409,2.2695,1.831,1.0305,1.5095,1.7475,1.656,2.3815,2.86,3.433,2.8185,1.819,2.8505,2.763,3.4945,3.787,2.779,1.9805,1.6275,0.9695,0.7385,1.291,1.7235,2.491,2.5675,1.6365,2.066,1.598,1.823,2.361,2.523,2.2645,2.46,2.859,2.033,1.7725,1.8685,2.4905,2.11,1.9205
3.305,2.2785,1.584,1.899,3.8385,4.6415,3.974,3.6315,3.668,3.29,3.989,4.321,5.0045,5.2105,5.363,5.0125,5.015,5.0075,4.555,3.7,4.42,4.0405,4.3625,4.4715,4.169,4.3385,4.346,4.362,4.453,4.539,4.7615,4.4365,3.9985,4.082,4.2355,4.098,5.0475,4.7965,4.591,4.663,4.693,4.3105,2.953,2.7085,3.2285,3.0735,2.921,3.2075,2.7685,2.63,2.4635,1.911,2.29,3.2855,4.4925,5.0035,5.017,5.631,4.9815,4.9345,4.781,4.593,4.11,4.2065,4.183,4.661,5.316,5.313,5.38,6.165,5.961,5.5185,4.4255,4.4875,4.617,4.2095,3.2355,3.167,3.3425,3.1825,2.8975,3.179,2.9205,2.921,2.226,2.267,2.114,1.723,1.5095,0.8685,0.8945,0.7895,0.602,0.724,0.531,0.993,1.3465,1.779,2.2985,2.8195,2.3765,2.5315,2.2535,2.809,2.706,3.0805,3.4705,4.434,4.5285,4.751,3.337,2.3055,2.3745,2.128,1.835,1.824,2.4195,2.5165,1.876,2.43,1.713,0.903
3.495,3.6315,4.2885,4.9425,5.0225,5.0425,4.7175,4.831,4.44,3.0495,3.497,4.0755,3.48,3.8455,4.3085,3.614,3.2205,2.241,3.2665,2.35,2.955,3.5975,3.8095,3.741,4.1115,4.504,4.6,3.317,3.2225,3.425,3.793,4.629,4.4,4.5325,4.129,3.875,4.522,5.302,5.3695,4.1745,5.3205,5.6085,5.9845,6.346,6.127,6.0235,5.273,4.8765,5.1825,5.6955,6.174,6.5315,5.311,4.8645,4.76,5.2245,5.3005,4.636,4.0685,3.6635,3.6945,3.911,3.5225,3.882,3.7185,4.181,4.0245,3.9045,3.658,3.758,3.317,3.213,3.375,3.507,3.6715,3.54,2.819,2.343,1.427,-0.0019966,1.1045,1.489,2.408,2.1905,3.6755,3.9255,4.7925,4.754,4.538,3.7245,2.9495,3.1375,3.1445,3.9345,4.2415,4.911,5.0975,5.018,4.3385,4.369,3.7215,2.65,1.0415,0.9555,1.7125,2.392,2.2305,2.0215,0.806,0.9965,2.114,1.4365,1.0705,0.7515,1.5385,2.779,2.739,2.8215,2.6925,2.3775,2.95,2.165
3.876,3.7515,3.881,4.2965,5.18,5.152,4.9965,4.2615,3.358,1.223,1.4115,2.1125,4.0395,4.836,4.587,3.775,3.801,3.9895,2.9695,2.93,4.012,4.955,4.941,5.64,4.684,4.4855,3.358,3.9295,3.7455,4.0135,3.7985,4.0955,4.7135,3.186,3.3065,3.3925,3.324,2.888,2.811,2.7695,3.586,3.777,4.097,3.874,4.663,3.4015,3.3905,3.5585,4.1085,4.306,4.659,4.693,4.7845,5.831,7.102,6.117,4.0835,4.4725,4.6025,4.6985,4.5255,5.1085,4.5575,5.2585,5.0475,4.565,4.9835,3.965,3.7915,3.7945,3.3445,3.2025,2.659,3.0905,2.67,2.311,2.6345,3.461,3.449,3.0595,1.7725,2.32,3.306,3.16,2.872,2.8535,2.8225,2.6105,1.9695,4.424,5.006,4.8145,4.301,4.1875,4.1455,4.3655,4.065,4.618,4.6095,4.2145,3.428,2.6225,2.4075,2.3465,2.279,2.577,3.3755,3.624,3.3975,3.416,2.688,1.386,0.524,0.125,0.986,0.7715,0.243,-1.01,-1.566,-1.507,-1.298,-0.8945
3.8625,2.283,2.0665,2.902,2.457,2.616,2.5145,3.2375,3.843,4.3445,4.335,5.284,6.31,5.5565,5.4355,5.852,6.5005,5.835,5.155,5.885,6.43,6.4025,5.859,6.219,6.0225,5.526,6.145,5.589,5.098,4.4845,3.616,4.2505,4.15,3.6755,3.287,2.855,3.3275,4.404,4.609,5.2725,5.0555,4.94,4.962,4.98,5.0595,5.1175,4.529,5.4115,5.983,5.7625,5.7495,5.356,5.9545,4.338,2.644,1.9225,3.1375,4.09,3.7545,4.611,4.8765,5.5795,4.5845,3.608,4.42,4.8075,5.3085,5.2815,5.071,4.751,4.2165,4.834,4.614,4.0215,3.9835,2.682,2.8235,2.747,3.4365,2.8925,2.3625,2.056,1.9125,2.675,2.8145,3.9775,4.3545,4.6525,4.767,4.48,3.4105,3.1205,3.672,4.085,4.4075,3.4805,3.6975,4.481,4.896,3.696,3.173,3.2785,3.291,2.2575,2.69,2.263,2.7605,3.0115,3.6685,3.11,2.8725,2.9515,3.8425,3.001,3.082,2.443,1.95,2.1065,1.8725,2.046,1.45,1.6065
4.679,5.247,4.968,3.731,4.0885,3.5865,3.4315,3.972,4.8765,4.9065,4.153,3.017,2.3345,2.659,3.664,4.646,5.5595,5.796,6.022,6.575,6.499,5.3275,5.039,4.2455,4.5985,4.753,4.6305,4.6545,4.6575,4.768,4.7885,4.513,5.5995,5.0915,5.0985,4.938,4.512,4.564,4.17,3.8155,3.291,3.369,3.6025,4.179,4.637,3.3365,3.1965,4.708,5.562,5.5755,5.6655,6.136,6.12,5.9075,5.512,6.0385,5.586,5.2135,5.784,5.47,6.113,5.625,6.4275,6.2805,5.548,5.8395,6.2785,5.762,5.614,5.4985,5.9735,5.212,5.121,4.681,4.194,3.6735,3.2455,4.705,5.21,4.6805,3.2635,3.5215,2.1435,1.867,3.2145,3.698,4.3985,5.0965,3.9415,3.0655,2.9585,3.5115,3.784,3.8015,4.3365,4.7415,4.1755,3.1225,2.8625,2.341,3.3,4.14,3.9235,3.439,3.309,3.939,3.437,3.599,2.768,2.0885,1.6955,1.377,0.846,1.751,2.0325,2.542,2.011,1.3595,0.879,1.3375,0.6285,0.267
2.527,2.45,2.3465,2.593,2.6565,3.468,2.863,3.665,5.386,4.29,4.59,3.897,4.382,5.223,4.819,4.5905,4.94,4.6415,4.0855,4.4675,4.7805,4.68,4.854,5.1135,5.569,5.4395,4.8715,4.598,4.3955,4.775,5.0895,5.1175,5.366,4.7455,4.1325,3.6075,4.1265,3.6805,4.6375,4.846,5.3645,4.9285,5.124,5.213,4.8325,4.637,4.5115,5.6735,5.464,4.9615,5.1985,5.824,5.6075,5.612,6.0865,5.607,5.6495,6.3025,6.395,6.454,7.2955,6.5435,5.246,3.7615,3.5235,3.9095,4.1205,3.49,3.813,4.37,4.619,3.5535,3.9005,3.5635,3.7465,3.417,3.3035,4.199,4.506,5.416,5.688,6.0015,5.7655,5.3105,4.3945,3.683,3.696,3.2155,2.619,3.1585,2.2815,2.14,1.9225,1.873,2.6055,2.7015,2.5985,2.988,2.4015,2.1275,1.504,1.158,0.5695,0.5745,0.917,1.5815,2.4415,1.784,2.0835,2.126,2.7635,4.2215,3.857,4.306,3.5245,1.9835,1.45,1.3185,1.908,2.788,3.424,3.1425
1.7365,1.898,2.0605,3.0375,3.3545,3.805,4.3915,3.9775,4.091,3.427,3.5255,3.66,4.272,4.5805,4.0785,4.144,4.3725,4.726,4.5025,5.287,5.644,5.2525,5.851,5.126,4.77,3.9985,3.0685,3.893,4.4665,4.7365,4.755,4.897,5.5055,4.9795,3.978,3.7805,4.412,4.63,4.752,5.2285,5.6795,6.362,5.416,4.896,5.467,5.6755,5.5235,5.408,6.051,5.979,6.3395,6.898,7.059,5.9585,5.061,4.425,4.9155,4.9925,5.0595,5.334,4.7395,5.0605,4.874,5.799,6.03,6.068,5.5495,5.0855,4.2945,4.0445,4.0855,3.83,4.5365,4.407,4.471,3.7965,3.5025,2.9615,2.231,1.456,1.3595,0.911,0.5425,0.794,1.979,2.4645,3.006,4.087,3.1595,3.376,4.806,4.972,4.514,3.4095,3.4785,3.87,4.3245,4.6415,4.894,4.615,4.51,4.1385,3.5195,3.672,3.343,3.355,3.007,3.2605,3.3625,3.129,3.579,3.661,2.5455,2.0655,1.168,1.0075,-0.549,-1.3255,-1.075,-1.216,-1.1175,-1.386
