1.0001e+05,99885,1.0003e+05,1.0021e+05,1.0021e+05,1.0028e+05,1.0032e+05,1.0014e+05,1.0001e+05,99971,99820,99766,99598,99508,99623,99723,99726,99610,99668,99736,99786,99720,99647,99534,99390,99340,99444,99562,99553,99571,99570,99542,99575,99523,99558,99554,99566,99528,99519,99517,99609,99794,99766,99579,99696,99689,99690,99618,99525,99490,99579,99668,99741,99852,99788,99684,99579,99625,99728,99899,1.0004e+05,99917,1.0003e+05,1.0013e+05,1.0009e+05,1.0003e+05,99955,99845,99782,99769,99825,99810,99768,99833,99753,99646,99621,99595,99622,99639,99755,99866,99816,99845,99917,99942,99968,99917,99761,99823,1.0005e+05,99957,99912,1.0002e+05,1e+05,1.0004e+05,1.0011e+05,1.0015e+05,1.0032e+05,1.0037e+05,1.0039e+05,1.0036e+05,1.0036e+05,1.0036e+05,1.0038e+05,1.0043e+05,1.0039e+05,1.0043e+05,1.0036e+05,1.004e+05,1.0049e+05,1.005e+05,1.0048e+05,1.0043e+05,1.0041e+05,1.0045e+05,1.0052e+05,1.0054e+05,1.005e+05,1.0052e+05,1.0058e+05,1.0058e+05
99994,1.0006e+05,1.0013e+05,1.001e+05,1.0009e+05,99987,99967,1e+05,99931,99879,99947,1.0014e+05,1.0016e+05,1.0021e+05,1.0012e+05,1.0003e+05,99904,99896,99853,99802,99746,99709,99582,99538,99698,99832,99823,99971,1.0004e+05,99977,99930,99981,99929,99846,99886,99880,99846,99805,99816,99845,99659,99591,99644,99625,99664,99778,99876,99783,99891,1.0006e+05,1.0007e+05,1.0004e+05,99877,99753,99716,99758,99861,99812,99752,99635,99645,99696,99773,99835,99864,99816,99873,99919,99917,99929,99921,99922,99815,99695,99791,99854,99913,99873,99946,1.0004e+05,1.0006e+05,1.0006e+05,1.002e+05,1.0018e+05,1.0012e+05,1.0007e+05,1.0017e+05,1.0029e+05,1.0023e+05,1.0009e+05,1.0015e+05,1.0014e+05,1.0015e+05,1.0017e+05,1.0018e+05,1.0025e+05,1.0029e+05,1.0011e+05,1.0011e+05,1.0015e+05,1.0006e+05,1.0007e+05,1.0018e+05,1.0013e+05,1.0006e+05,1.0021e+05,1.0035e+05,1.0025e+05,1.0035e+05,1.0039e+05,1.0031e+05,1.0032e+05,1.0032e+05,1.0029e+05,1.0014e+05,1.0022e+05,1.0036e+05,1.0042e+05,1.0041e+05,1.0045e+05,1.004e+05,1.0052e+05
99824,99853,99874,99941,99977,99844,99690,99750,99932,99849,99613,99576,99716,99632,99698,99828,99797,99795,99669,99666,99572,99516,99612,99627,99596,99701,99677,99607,99644,99861,99843,99808,99823,99766,99764,99902,99870,99871,99923,99920,99962,1.0004e+05,99898,99801,99802,99728,99763,99860,99814,99756,99706,99765,99726,99767,99785,99674,99674,99686,99749,99867,99893,99900,99914,99849,99721,99855,99989,99959,1.0001e+05,1.0001e+05,99871,99853,99903,99946,99940,1.0007e+05,99983,99940,1.0002e+05,1.0011e+05,1.0023e+05,1.003e+05,1.003e+05,1.0028e+05,1.0018e+05,1.0024e+05,1.0016e+05,1.0009e+05,1.0002e+05,1.0019e+05,1.003e+05,1.0033e+05,1.0044e+05,1.0052e+05,1.0041e+05,1.0032e+05,1.0025e+05,1.0019e+05,1.0024e+05,1.002e+05,1.0021e+05,1.0018e+05,1.0013e+05,1.0008e+05,99995,99980,1.0013e+05,1.0036e+05,1.0043e+05,1.003e+05,1.0029e+05,1.0043e+05,1.006e+05,1.0062e+05,1.0055e+05,1.0064e+05,1.0072e+05,1.0074e+05,1.0063e+05,1.0054e+05,1.0068e+05,1.0083e+05
99972,1.0005e+05,1.0017e+05,99985,99807,99865,99958,99961,99842,99849,99919,99951,99817,99772,99731,99859,99882,99858,99847,99892,99911,99766,99691,99717,99915,99972,99945,99674,99531,99654,99814,99861,99924,1.0001e+05,1.0005e+05,1.0002e+05,99955,99939,1.0001e+05,1e+05,99911,99993,99991,1.0007e+05,1.0012e+05,1.001e+05,1.0007e+05,99841,99869,1.001e+05,1.0007e+05,99968,1.0007e+05,1.0018e+05,1.0008e+05,99998,99969,1.0007e+05,1.0001e+05,99874,99755,99827,99921,1.0003e+05,99974,99908,99858,1.0003e+05,1.0016e+05,1.001e+05,99966,1.0008e+05,1.0019e+05,1.0017e+05,1.0018e+05,1.002e+05,1.0013e+05,1.0008e+05,1.0009e+05,1.0004e+05,1.0014e+05,1.0024e+05,1.0016e+05,1.0026e+05,1.0029e+05,1.0023e+05,1.0037e+05,1.0046e+05,1.0042e+05,1.0044e+05,1.0055e+05,1.0054e+05,1.0045e+05,1.0044e+05,1.0054e+05,1.0034e+05,1.0028e+05,1.0028e+05,1.0022e+05,1.0027e+05,1.0027e+05,1.0034e+05,1.0036e+05,1.005e+05,1.0058e+05,1.0068e+05,1.0058e+05,1.005e+05,1.0071e+05,1.0082e+05,1.0092e+05,1.0088e+05,1.0079e+05,1.008e+05,1.0069e+05,1.0066e+05,1.0072e+05,1.0071e+05,1.0064e+05,1.0064e+05,1.007e+05,1.0069e+05
1.0017e+05,1.0024e+05,1.0036e+05,1.0027e+05,99952,1.0003e+05,1.0015e+05,1.0016e+05,99865,99732,99816,99865,99684,99615,99687,99704,99882,99910,99964,99926,99850,99771,99832,99831,99837,99777,99835,99849,99860,1.0003e+05,1.0006e+05,1.0005e+05,1.0014e+05,1.0013e+05,1.0003e+05,99890,99871,99845,99999,1.0001e+05,1.0009e+05,1.0009e+05,1e+05,1.0002e+05,1.0011e+05,1.0008e+05,1.0004e+05,1e+05,1.0008e+05,1.0001e+05,99894,99834,99927,99825,99641,99632,99528,99668,99816,99795,99611,99592,99839,1e+05,99956,99886,99769,99887,99971,1.0006e+05,1.0002e+05,1.0016e+05,1.001e+05,99932,1.0003e+05,1.001e+05,1.0008e+05,1.0004e+05,1.0009e+05,1.0014e+05,1.0019e+05,1.0016e+05,1.0002e+05,99999,1.0002e+05,1.001e+05,1.0013e+05,1.0021e+05,1.0032e+05,1.0021e+05,1.0025e+05,1.0032e+05,1.0037e+05,1.0035e+05,1.0025e+05,1.0024e+05,1.0028e+05,1.0038e+05,1.0036e+05,1.0029e+05,1.0036e+05,1.0027e+05,1.0028e+05,1.0039e+05,1.005e+05,1.0042e+05,1.0044e+05,1.0035e+05,1.0037e+05,1.0043e+05,1.0044e+05,1.0051e+05,1.0058e+05,1.0074e+05,1.0082e+05,1.0075e+05,1.0069e+05,1.0087e+05,1.0099e+05,1.0102e+05,1.0099e+05,1.0093e+05
1.0017e+05,99967,1.0007e+05,1.0012e+05,1.0002e+05,99888,99875,99778,99948,1.0003e+05,1.0009e+05,1.0017e+05,1.0019e+05,1.0011e+05,1.002e+05,1.0013e+05,99903,99794,99736,99710,99655,99796,99978,1.0017e+05,99932,99714,99645,99613,99554,99641,99677,99581,99637,99638,99760,99871,1.0011e+05,1.0018e+05,1.0014e+05,1.0015e+05,1.0022e+05,1.0032e+05,1.0041e+05,1.0034e+05,1.0015e+05,1.0009e+05,1.0021e+05,1.0022e+05,1.0011e+05,1.0006e+05,1.0002e+05,1.0016e+05,1.0027e+05,1.0028e+05,1.0033e+05,1.0016e+05,99979,99991,1.0026e+05,1.001e+05,1.0012e+05,1.003e+05,1.0026e+05,1.0015e+05,99980,1e+05,1.0024e+05,1.0039e+05,1.0023e+05,99997,1.0002e+05,1.0002e+05,1.0002e+05,99993,1.0006e+05,99914,99824,99883,99867,99678,99674,99814,1.0001e+05,99998,1.0018e+05,1.0035e+05,1.0037e+05,1.0039e+05,1.0047e+05,1.0059e+05,1.0069e+05,1.0058e+05,1.0035e+05,1.0027e+05,1.0021e+05,1.0024e+05,1.0031e+05,1.0045e+05,1.0037e+05,1.0031e+05,1.0033e+05,1.0044e+05,1.0063e+05,1.0062e+05,1.0057e+05,1.0043e+05,1.0056e+05,1.0081e+05,1.0088e+05,1.0075e+05,1.0072e+05,1.0072e+05,1.008e+05,1.0084e+05,1.0055e+05,1.0037e+05,1.0047e+05,1.0054e+05,1.0065e+05,1.0076e+05,1.0074e+05,1.0077e+05
99590,99818,99733,99618,99625,99579,99670,99649,99556,99668,99625,99632,99690,99710,99885,99951,99988,99978,99857,99838,99871,99825,99768,99822,99928,99781,99659,99735,99840,99826,99685,99621,99753,99708,99724,99592,99454,99528,99704,99767,99785,99768,99710,99708,99633,99608,99646,99759,99877,99913,99894,99963,1.0003e+05,1.0007e+05,99971,99879,99925,1.0006e+05,1.0017e+05,1.0001e+05,99820,99766,99808,99834,99841,99689,99734,99715,99734,99680,99642,99744,99826,99834,99822,99755,99684,99897,99931,99934,1.0007e+05,1.0014e+05,1.0011e+05,1.0001e+05,1.001e+05,1.0034e+05,1.0043e+05,1.0048e+05,1.0041e+05,1.0021e+05,1.0012e+05,99953,99985,1.0004e+05,99878,99822,99829,99980,1.0021e+05,1.0018e+05,1.0013e+05,1.0012e+05,1.0014e+05,1.0016e+05,1.0011e+05,99977,1.0007e+05,1.0002e+05,99992,1.0005e+05,1.0009e+05,1.0012e+05,1.0008e+05,1.0017e+05,1.001e+05,1.0013e+05,1.0016e+05,1.0031e+05,1.0035e+05,1.002e+05,1.0002e+05,1.001e+05
99885,99903,99842,99903,99977,99975,99867,99803,99764,99778,99757,99830,99804,99817,99725,99671,99713,99654,99726,99792,99768,99686,99596,99629,99692,99594,99586,99497,99581,99629,99687,99800,99798,99748,99838,99928,1.0008e+05,1e+05,99895,99883,99872,99833,99762,99726,99787,99870,99881,99826,99695,99724,99891,99825,99852,1.0002e+05,1.0003e+05,99984,99962,99976,1.0003e+05,1e+05,1e+05,1.0011e+05,1.001e+05,1.0004e+05,1e+05,99926,99836,99784,99844,99952,99909,99958,99999,1.0012e+05,1.001e+05,1.0003e+05,1.0004e+05,99996,99873,99897,99953,1.0011e+05,1.001e+05,99916,99811,99865,99912,99871,99901,99990,99959,99840,99870,99939,99990,99961,99883,99892,1.0011e+05,1.003e+05,1.0019e+05,1.0018e+05,1.0026e+05,1.0027e+05,1.0028e+05,1.0031e+05,1.0048e+05,1.0063e+05,1.0055e+05,1.0051e+05,1.0069e+05,1.0061e+05,1.0056e+05,1.0047e+05,1.0059e+05,1.0065e+05,1.0062e+05,1.0052e+05,1.0037e+05,1.0036e+05,1.0045e+05,1.0035e+05
99867,99815,99654,99521,99486,99548,99550,99675,99789,99953,99969,1.0009e+05,1.0011e+05,99966,99881,99882,99940,99864,99789,99860,99904,99951,99879,99929,99872,99822,99812,99764,99739,99789,99728,99846,99711,99577,99565,99781,99832,99855,99862,99871,99860,99892,99906,99896,99884,99985,1.0002e+05,99988,99913,99853,99783,99776,99864,1.0006e+05,1.0016e+05,99995,99930,99856,99883,99887,99897,99705,99654,99484,99447,99484,99724,99953,99904,99790,99782,99898,99889,99808,99832,99913,99951,99888,99900,99935,99994,1.0009e+05,1.0026e+05,1.0032e+05,1.0018e+05,1.0028e+05,1.0033e+05,1.0028e+05,1.0026e+05,1.0036e+05,1.0039e+05,1.0029e+05,1.0023e+05,1.0004e+05,99961,1.0009e+05,1.0015e+05,1.0008e+05,1.0006e+05,99997,1.0001e+05,1.0013e+05,1.0018e+05,1.0024e+05,1.003e+05,1.0033e+05,1.0035e+05,1.0037e+05,1.0039e+05,1.0048e+05,1.0044e+05,1.0029e+05,1.0026e+05,1.0023e+05,1.002e+05,1.0018e+05,1.003e+05,1.0039e+05,1.0047e+05,1.0055e+05,1.006e+05,1.0082e+05
99756,1.0005e+05,1.0011e+05,99996,99789,99720,99731,99866,99918,99821,99813,99798,99751,99963,99877,99891,99915,99824,99783,99921,99973,99864,99809,99915,99921,99922,99782,99708,99808,99772,99661,99636,99642,99726,99617,99438,99637,99783,99554,99574,99570,99578,99665,99669,99729,99618,99511,99470,99524,99567,99652,99790,1.0003e+05,1.0002e+05,1.0021e+05,1.0028e+05,1.0011e+05,99932,99890,99907,99900,99911,1.0002e+05,99936,99859,99715,99791,99817,99837,1.0001e+05,1.0014e+05,1.0012e+05,99912,99936,1.0003e+05,1.0004e+05,1.0005e+05,99982,99923,99907,99824,99720,99775,99608,99827,1.0003e+05,99995,99959,99977,1.0004e+05,99984,99885,99949,99939,1.001e+05,1.0036e+05,1.005e+05,1.0042e+05,1.0039e+05,1.0052e+05,1.0048e+05,1.0031e+05,1.0027e+05,1.0021e+05,99995,1.0001e+05,1.0046e+05,1.0067e+05,1.005e+05,1.004e+05,1.0043e+05,1.005e+05,1.0055e+05,1.0037e+05,1.0022e+05,1.003e+05,1.0037e+05,1.0035e+05,1.0028e+05,1.005e+05,1.0064e+05,1.0068e+05
1.0001e+05,1.0002e+05,99920,99811,99788,99872,99976,99957,99849,99894,99934,99798,99873,99813,99750,99700,99655,99539,99512,99456,99554,99658,99648,99649,99593,99468,99599,99756,99694,99747,99714,99708,99774,99824,99798,99826,99734,99554,99494,99454,99608,99846,99782,99732,99625,99687,99678,99627,99624,99579,99628,99667,99717,99717,99713,99662,99640,99670,99777,99869,99874,99848,99796,99958,1.0013e+05,99937,99751,99832,99977,1.0011e+05,1.0001e+05,99866,99862,99942,99929,99818,99871,99940,99978,99881,99885,99967,1.0012e+05,1.0012e+05,99974,99977,99961,99996,99989,99921,99858,99788,99713,99786,99930,1.0001e+05,1e+05,99997,99973,99863,99801,99761,99916,99941,99956,1.0012e+05,1.0022e+05,1.0033e+05,1.0031e+05,1.0031e+05,1.005e+05,1.0062e+05,1.0054e+05,1.0044e+05,1.0039e+05,1.0026e+05,1.0009e+05,1.0019e+05,1.0023e+05,1.0028e+05,1.0035e+05,1.0036e+05
99849,99968,99909,99706,99622,99753,99755,99733,99796,99767,99856,99938,99972,99898,99937,1.0003e+05,1.0006e+05,99974,99982,99965,99989,1.0005e+05,99954,99931,99822,99817,99694,99626,99645,99632,99646,99728,99804,99960,99763,99696,99794,99774,99546,99608,99615,99762,99799,99839,99916,1.0001e+05,1.0003e+05,99810,99554,99624,99668,99762,99858,99873,99832,99914,99889,99821,99829,1.0005e+05,99947,99731,99675,99748,99767,99757,99757,99747,99866,99779,99883,99903,99946,99931,1.0006e+05,1.0009e+05,1.0005e+05,99925,99759,99807,99918,1.0001e+05,1.0009e+05,1.0003e+05,99910,99999,1.0003e+05,1.0002e+05,1.0003e+05,99961,99893,99906,99878,99837,99889,99895,99916,99993,1.0006e+05,1.0009e+05,1.0003e+05,99938,99964,99985,1.0001e+05,99964,1.0007e+05,1.0042e+05,1.0062e+05,1.0059e+05,1.0037e+05,1.002e+05,1.0032e+05,1.0054e+05,1.0055e+05,1.0053e+05,1.0046e+05,1.0045e+05,1.004e+05,1.0024e+05,1.0019e+05,1.0036e+05
1.001e+05,1.001e+05,99984,99926,99939,99806,99765,99641,99770,99906,99808,99659,99830,99956,1.0002e+05,99993,1.0006e+05,99985,99926,99831,99765,99852,99871,99759,99765,99768,99801,99759,99717,99663,99537,99468,99510,99692,99892,99919,99775,99849,99934,1.0013e+05,1.0016e+05,99964,99837,99758,99989,1.002e+05,1.0012e+05,1.0018e+05,1.0019e+05,1.0015e+05,1.0008e+05,1.0012e+05,1.0006e+05,99887,99743,99801,99767,99719,99697,99663,99741,99653,99646,99647,99667,99660,99739,99707,99788,99786,99777,99732,99708,99875,99908,99890,99770,99791,99850,99803,99836,99978,99938,1.0003e+05,1.0009e+05,99937,99994,1.0027e+05,1.0036e+05,1.0031e+05,1.0023e+05,1.0017e+05,1.0018e+05,1.002e+05,1.0026e+05,1.0024e+05,1.003e+05,1.0026e+05,1.0019e+05,1.0017e+05,1.0005e+05,1.0012e+05,1.0018e+05,1.0018e+05,1.0021e+05,1.0023e+05,1.0033e+05,1.0037e+05,1.0054e+05,1.0066e+05,1.0062e+05,1.0048e+05,1.0022e+05,1.0024e+05,1.0028e+05,1.0027e+05,1.0028e+05,1.0012e+05,1.0008e+05,1.0029e+05,1.005e+05,1.0065e+05
99923,1.0008e+05,1.0006e+05,99910,99728,99607,99443,99511,99657,99689,99544,99456,99575,99690,99756,99763,99979,1.0009e+05,1.0011e+05,1.0007e+05,1.0017e+05,1.0014e+05,1.0007e+05,99853,99581,99650,99641,99670,99523,99428,99442,99393,99379,99312,99335,99367,99486,99581,99375,99330,99591,99603,99553,99534,99522,99474,99470,99515,99705,99791,99766,99820,99906,1.0004e+05,99951,99856,99847,99792,99655,99789,99922,99824,99738,99763,99672,99529,99466,99583,99654,99639,99720,99726,99862,99800,99796,99700,99759,99793,99757,99665,99554,99656,99797,99880,99816,99723,99786,99933,1.0008e+05,99929,99917,1.0003e+05,99995,99900,99861,99855,99969,1.0003e+05,1.0004e+05,1e+05,99942,99816,99777,99920,1e+05,99955,99863,99866,99970,1.0009e+05,1.0016e+05,1.0015e+05,1.0001e+05,1.0003e+05,1.001e+05,1.0012e+05,1.0001e+05,99746,99862,1.0002e+05,1.0006e+05,1.0006e+05
99806,99760,99766,99790,99841,99727,99646,99532,99356,99413,99488,99578,99588,99762,99935,99837,99738,99790,99755,99688,99811,99821,99704,99898,99751,99650,99626,99673,99753,99778,99795,99677,99629,99596,99637,99578,99511,99564,99598,99674,99571,99456,99351,99589,99751,99629,99580,99677,99660,99650,99664,99591,99602,99598,99516,99485,99460,99494,99782,99983,99838,99579,99603,99733,99836,99683,99583,99765,99896,99900,99752,99705,99815,99749,99711,99732,99827,99908,1.0005e+05,1.0011e+05,1.0004e+05,1.0012e+05,1.0018e+05,1.002e+05,1.0023e+05,1.0019e+05,1.0003e+05,1.001e+05,1.0019e+05,1.0017e+05,1.0014e+05,1.002e+05,1.0023e+05,1.0014e+05,1.0003e+05,99932,99899,99898,99980,1.0015e+05,1.0021e+05,1.0008e+05,1.0004e+05,1.0009e+05,1.0007e+05,1.0007e+05,1.0003e+05,1.0002e+05,99946,99854,99786,99731,99818,1.0011e+05,1.0025e+05,1.0032e+05,1.0038e+05,1.0053e+05,1.0066e+05,1.0083e+05,1.0082e+05,1.0075e+05
1.0001e+05,1.0002e+05,99787,99747,99803,99820,99859,99793,99830,99765,99920,1.002e+05,1.0002e+05,99771,99648,99625,99796,99807,99662,99728,1.0001e+05,1.0009e+05,99891,99918,1.0001e+05,1.0009e+05,99961,99808,99689,99727,99754,99815,99791,99653,99559,99538,99579,99464,99596,99650,99503,99447,99646,99891,1e+05,1.0005e+05,1.0002e+05,99920,99810,99746,99825,99929,99961,99978,99914,99714,99691,99850,99914,99841,99791,99865,99939,99934,99887,99914,99842,99693,99889,99834,99854,99679,99633,99772,99802,99853,99862,99864,99901,1.0004e+05,1.0008e+05,1.0008e+05,1.0001e+05,1.0001e+05,1.001e+05,1.0006e+05,99932,99935,99953,1.0004e+05,1.0003e+05,1.0009e+05,1.001e+05,1.0007e+05,1.0005e+05,1.0009e+05,1.0007e+05,1.0001e+05,1.0004e+05,1.0009e+05,1.0005e+05,1.0013e+05,1.002e+05,1.0018e+05,99995,99971,1.0019e+05,1.0061e+05,1.0059e+05,1.0052e+05,1.008e+05,1.0093e+05,1.0093e+05,1.0094e+05,1.0104e+05,1.0089e+05,1.0061e+05,1.006e+05,1.008e+05,1.0079e+05,1.0074e+05,1.0077e+05
1.0029e+05,1.003e+05,1.0028e+05,1.0022e+05,1.0016e+05,1.0008e+05,1.0002e+05,99977,1.0009e+05,1.0005e+05,1.001e+05,1.0006e+05,99988,99953,99923,99826,99724,99605,99723,99787,99680,99620,99579,99678,99695,99697,99662,99685,99651,99645,99563,99413,99480,99471,99436,99599,99785,1.0013e+05,1.0004e+05,99971,99988,1.0017e+05,1.0038e+05,1.0045e+05,1.0047e+05,1.0038e+05,1.0028e+05,1.0027e+05,1.002e+05,1.0021e+05,1.0015e+05,1.001e+05,99947,1.0001e+05,1.0017e+05,1.0042e+05,1.0038e+05,1.0028e+05,1.0028e+05,1.0031e+05,1.0024e+05,1.0017e+05,1.0008e+05,99964,1.0008e+05,1.0003e+05,99849,99650,99706,99699,99702,99618,99568,99822,1.0008e+05,1.0016e+05,1.0003e+05,99887,99858,1.0001e+05,99996,1.0007e+05,1.0009e+05,1.001e+05,99984,99965,1.0004e+05,1.0018e+05,1.0014e+05,1e+05,1.0014e+05,1.0027e+05,1.0021e+05,1.0022e+05,1.0028e+05,1.0041e+05,1.0047e+05,1.0048e+05,1.0036e+05,1.004e+05,1.0042e+05,1.003e+05,1.0031e+05,1.0026e+05,1.0037e+05,1.0047e+05,1.0051e+05,1.0041e+05,1.0039e+05,1.0038e+05,1.0035e+05,1.003e+05,1.0023e+05,1.002e+05,1.0019e+05,1.0022e+05,1.0039e+05,1.006e+05,1.0063e+05,1.0066e+05,1.0061e+05,1.0038e+05
99972,1.0001e+05,1.0016e+05,1.002e+05,1.0015e+05,1.0023e+05,1.0035e+05,1.0037e+05,1.0023e+05,1.0021e+05,1.0026e+05,1.0013e+05,99939,99797,99721,99673,99688,99723,99766,99751,99719,99775,99685,99770,99825,99809,99880,99864,99884,99898,1.0001e+05,1.0001e+05,1.001e+05,1.0018e+05,1.0005e+05,1e+05,99885,99765,99869,1e+05,99997,1e+05,99881,99758,99624,99657,99879,1.0015e+05,1.0018e+05,1.001e+05,1.0004e+05,1.0003e+05,1.0012e+05,1.0017e+05,1.0017e+05,1.0001e+05,99883,99770,99780,99885,99812,99930,1.0022e+05,1.0024e+05,1.0027e+05,1.0024e+05,1.0022e+05,1.0024e+05,1.0024e+05,1.0034e+05,1.0038e+05,1.0055e+05,1.0069e+05,1.0069e+05,1.0055e+05,1.004e+05,1.0034e+05,1.0045e+05,1.0044e+05,1.0043e+05,1.0038e+05,1.0038e+05,1.003e+05,1.0022e+05,1.0025e+05,1.0036e+05,1.0039e+05,1.0035e+05,1.0025e+05,1.002e+05,1.004e+05,1.0038e+05,1.0025e+05,1.0022e+05,1.002e+05,1.0012e+05,1.0015e+05,1.0012e+05,1.003e+05,1.0024e+05,1.0032e+05,1.005e+05,1.0048e+05,1.0052e+05,1.0067e+05,1.0091e+05,1.0088e+05,1.007e+05,1.0065e+05,1.0073e+05,1.0085e+05,1.0081e+05,1.0075e+05,1.007e+05,1.0061e+05,1.0069e+05,1.0077e+05,1.0078e+05,1.0071e+05,1.0081e+05,1.0087e+05,1.009e+05
1.0013e+05,1.0025e+05,1.0018e+05,1.0009e+05,1.0006e+05,1.0014e+05,1.002e+05,1.0018e+05,1.0004e+05,1.0024e+05,1.002e+05,1.0012e+05,99994,1.0002e+05,1.0023e+05,1.003e+05,1.0019e+05,1.0008e+05,1.0014e+05,1.0016e+05,1.0001e+05,99994,99988,1.0003e+05,1.0008e+05,99841,99788,99660,99662,99735,99862,99825,99833,99812,99787,1.0014e+05,1.0037e+05,1.0027e+05,1.0014e+05,1.0002e+05,99886,99810,99945,99964,99886,99780,99822,99897,99812,99964,1.0017e+05,1.0013e+05,1.0002e+05,1.0001e+05,99938,99921,99875,99810,99880,99752,99782,99911,1.0008e+05,1e+05,99968,99958,1.0003e+05,99920,1.0002e+05,1.0013e+05,1.0013e+05,1.0011e+05,1.0018e+05,1.0019e+05,1.001e+05,1.0008e+05,1.0036e+05,1.0045e+05,1.0025e+05,1.0007e+05,1.0017e+05,1.0022e+05,1.0009e+05,1.0002e+05,1.0021e+05,1.0026e+05,1.0032e+05,1.0049e+05,1.0051e+05,1.0039e+05,1.0038e+05,1.0037e+05,1.0038e+05,1.0038e+05,1.0028e+05,1.0015e+05,1.0005e+05,1.0002e+05,99994,1.0008e+05,1.0046e+05,1.0055e+05,1.0064e+05,1.0062e+05,1.006e+05,1.0082e+05,1.0096e+05,1.0086e+05,1.0063e+05,1.0065e+05,1.0093e+05,1.0103e+05,1.0106e+05,1.0094e+05,1.0101e+05,1.0111e+05,1.0111e+05,1.0113e+05,1.0105e+05,1.0087e+05,1.0078e+05,1.0071e+05
1.0022e+05,1.0002e+05,99890,99915,99831,99721,99851,99972,99894,1e+05,1.0011e+05,99961,99810,99861,1.0015e+05,1.0033e+05,1.0016e+05,1.0002e+05,1e+05,1.0003e+05,99984,99840,99801,99836,99743,99662,99733,99786,99718,99655,99593,99620,99617,99762,1.0006e+05,1.0008e+05,99897,99731,99564,99634,99847,99866,1.0004e+05,1.0004e+05,1.0001e+05,99952,1.0003e+05,1.0019e+05,1.0018e+05,1.0011e+05,1.001e+05,1.0003e+05,1e+05,99806,99763,99748,99687,99587,99639,99655,99732,99880,99830,99729,99771,99819,99891,99878,99964,1.0007e+05,1.0013e+05,99941,99835,99948,1.0021e+05,1.0021e+05,1.0014e+05,99865,99800,99781,99739,99948,99988,99920,99949,1.0001e+05,1.0024e+05,1.0033e+05,1.0028e+05,1.0026e+05,1.0019e+05,1.001e+05,1.0003e+05,1.0008e+05,1.0004e+05,1.0011e+05,1.0023e+05,1.0025e+05,1.0039e+05,1.0047e+05,1.0046e+05,1.0039e+05,1.003e+05,1.0036e+05,1.0053e+05,1.0058e+05,1.0036e+05,1.0031e+05,1.0032e+05,1.0035e+05,1.0044e+05,1.0049e+05,1.0055e+05,1.0056e+05,1.0053e+05,1.0066e+05,1.0073e+05,1.0058e+05,1.005e+05,1.0053e+05,1.0061e+05,1.006e+05
1.0032e+05,1.0024e+05,1.0001e+05,99977,1.0014e+05,1.0016e+05,1.0002e+05,99876,99812,99883,99917,99859,99721,99762,99967,1.0007e+05,99946,99847,99958,99858,99750,99739,99692,99725,99859,99877,99849,99793,99876,99906,99851,99667,99528,99654,99783,99787,99829,99759,99638,99633,99710,99858,99789,99830,99950,99930,99885,99912,99998,1.0009e+05,99931,99934,1.0011e+05,1.0015e+05,1.0012e+05,1.0006e+05,1.0003e+05,99910,99837,99792,99814,99777,99817,99861,99857,99741,99826,1.0002e+05,1.0006e+05,99937,99944,1.0003e+05,1.0008e+05,1.0003e+05,99943,99948,99966,99987,1.0006e+05,1.0014e+05,1.0006e+05,1.0001e+05,1.0012e+05,1.0019e+05,1.0028e+05,1.0031e+05,1.0044e+05,1.0052e+05,1.0053e+05,1.0057e+05,1.0051e+05,1.0048e+05,1.0051e+05,1.0049e+05,1.0044e+05,1.004e+05,1.0042e+05,1.0043e+05,1.0042e+05,1.0055e+05,1.0053e+05,1.0035e+05,1.0035e+05,1.0044e+05,1.004e+05,1.0035e+05,1.0039e+05,1.0035e+05,1.0029e+05,1.0038e+05,1.0056e+05,1.0072e+05,1.0068e+05,1.0069e+05,1.0061e+05,1.0057e+05,1.0057e+05,1.0066e+05,1.0075e+05,1.007e+05,1.0067e+05,1.0069e+05
1.0002e+05,1.0004e+05,1.0006e+05,99945,99937,99774,99691,99781,99833,99895,99979,99951,99960,99973,1.0002e+05,1.0009e+05,99964,99904,99820,99654,99597,99734,99920,99989,99995,1.0002e+05,99921,1e+05,99992,99794,99829,99852,99852,99808,99790,99897,99939,99870,99908,99972,99955,99822,99755,99811,99858,99800,99721,99823,99867,99781,99762,99829,1.0003e+05,99936,1.0001e+05,1.0009e+05,1.0004e+05,99900,99799,99694,99696,99711,99802,99840,99834,99841,99805,99849,99862,99792,99866,1e+05,1.0016e+05,1.0023e+05,1.0015e+05,1.0006e+05,1.0011e+05,1.0029e+05,1.004e+05,1.0044e+05,1.0042e+05,1.0043e+05,1.0052e+05,1.0065e+05,1.0076e+05,1.0071e+05,1.0059e+05,1.0046e+05,1.0048e+05,1.0054e+05,1.004e+05,1.0043e+05,1.003e+05,1.0018e+05,1.0019e+05,1.0024e+05,1.0024e+05,1.0013e+05,1.0004e+05,1.0003e+05,99974,1.0003e+05,1.0009e+05,1.0017e+05,1.0036e+05,1.004e+05,1.0047e+05,1.0052e+05,1.0046e+05,1.0039e+05,1.0046e+05,1.0046e+05,1.0048e+05,1.0044e+05,1.0042e+05,1.0062e+05,1.0062e+05,1.0063e+05,1.0078e+05,1.0089e+05,1.0088e+05,1.0076e+05
1.0009e+05,1.0012e+05,1.0009e+05,99907,99831,99899,99928,99903,99927,99890,99886,99715,99557,99623,99772,99915,99887,99967,1.0002e+05,1.0012e+05,1.0017e+05,99969,99910,1.0002e+05,1.0009e+05,1.0015e+05,1.0004e+05,1.0007e+05,1.0015e+05,1.0007e+05,99922,99886,99930,99903,99887,99746,99724,99744,99683,99540,99511,99642,99922,99907,99792,99887,1.0009e+05,1.0003e+05,99937,99821,99931,1.0009e+05,1.0017e+05,1.0027e+05,1.0003e+05,99923,1.0001e+05,1.0007e+05,99948,99968,1.0012e+05,1.0011e+05,99999,1.0001e+05,1.0005e+05,99984,99923,99924,1.0006e+05,1.0023e+05,1.0028e+05,1.001e+05,1.0011e+05,1.0015e+05,1.0013e+05,1.0003e+05,99992,99845,99905,99787,99797,1.0004e+05,1.0014e+05,1.0013e+05,1.0004e+05,1.0014e+05,1.0014e+05,99920,99893,1.0005e+05,1.0016e+05,1.0008e+05,1.001e+05,1.0013e+05,1.0012e+05,1.0008e+05,99978,99948,1.0011e+05,1.0023e+05,1.0028e+05,1.0022e+05,1.003e+05,1.0028e+05,1.0022e+05,1.003e+05,1.0033e+05,1.0042e+05,1.0046e+05,1.0034e+05,1.0025e+05,1.003e+05,1.0037e+05,1.0031e+05,1.0033e+05,1.003e+05,1.0029e+05,1.0046e+05,1.0062e+05,1.005e+05,1.0052e+05,1.0061e+05
1.0002e+05,99834,99791,99805,99787,99808,99893,99929,99954,99826,99700,99740,1e+05,1.0011e+05,99988,99973,99990,1e+05,99905,99774,99711,99681,99538,99461,99633,99650,99552,99695,99736,99817,99818,99844,99777,99857,1.0002e+05,1.0008e+05,99920,99895,99945,1.0001e+05,1.0013e+05,1.0012e+05,99977,99980,99874,99826,99816,99777,99714,99601,99671,99660,99651,99743,99892,99797,99675,99708,99892,1.0018e+05,1.0023e+05,1.0016e+05,1.0029e+05,1.0021e+05,1.0014e+05,1.0013e+05,1.0015e+05,1.0001e+05,99785,99720,99814,99867,99825,99853,1.0004e+05,1.0013e+05,1.0017e+05,1.0017e+05,1.0019e+05,1.0022e+05,1.0029e+05,1.0025e+05,1.0021e+05,1.0025e+05,1.0019e+05,1.0015e+05,1.0023e+05,1.0023e+05,1.0008e+05,99951,99881,1.0007e+05,1.0021e+05,1.0034e+05,1.0039e+05,1.0042e+05,1.0041e+05,1.0038e+05,1.0035e+05,1.0044e+05,1.0057e+05,1.007e+05,1.0068e+05,1.0049e+05,1.0056e+05,1.0076e+05,1.0069e+05,1.0054e+05,1.0054e+05,1.0052e+05,1.005e+05,1.0048e+05,1.0049e+05,1.0043e+05,1.0032e+05,1.0021e+05,1.0021e+05,1.0031e+05,1.0036e+05,1.0032e+05,1.0026e+05,1.0023e+05
1.0031e+05,1.0025e+05,1.0024e+05,1.0016e+05,99998,1.0002e+05,99979,1.0002e+05,1.0012e+05,1.0011e+05,99891,99966,99983,99934,99877,99985,99979,99789,99811,99880,99927,99944,99950,99883,99946,1.0008e+05,1.0002e+05,99831,99689,99807,99916,99870,99827,99822,99744,99677,99663,99868,1.0002e+05,99926,99798,99834,99799,99831,99713,99680,99781,99979,1.001e+05,1.0022e+05,1.0013e+05,1.0008e+05,1.0019e+05,1.0006e+05,99888,99701,99698,99772,99863,99987,1.0003e+05,1.0001e+05,99944,1.001e+05,1.0007e+05,99952,99983,99986,1.0011e+05,1.0012e+05,1.0008e+05,1.0017e+05,1.0016e+05,1.001e+05,1.0021e+05,1.001e+05,99934,99903,99981,1.0017e+05,1.0018e+05,1.0012e+05,1.0008e+05,1.0011e+05,1.0011e+05,1.0006e+05,1.0015e+05,1.0021e+05,1.0016e+05,1.0007e+05,1.0007e+05,1.0025e+05,1.0044e+05,1.0049e+05,1.0027e+05,1.0033e+05,1.0047e+05,1.0071e+05,1.0069e+05,1.0063e+05,1.0064e+05,1.0047e+05,1.0021e+05,1.0012e+05,1.0013e+05,1.0034e+05,1.007e+05,1.0084e+05,1.0072e+05,1.0056e+05,1.006e+05,1.0066e+05,1.0081e+05,1.0078e+05,1.007e+05,1.0059e+05,1.0061e+05,1.008e+05,1.0101e+05,1.0099e+05,1.0101e+05,1.0103e+05
1.0018e+05,1.0028e+05,1.0017e+05,99941,99895,99924,99872,99865,99942,1.0001e+05,99901,99882,99795,99485,99133,99116,99250,99484,99732,99848,1.0008e+05,1.0016e+05,1.0008e+05,1.0008e+05,1.0005e+05,99923,99879,99921,99997,1.0002e+05,99989,99969,99860,99630,99587,99535,99420,99243,99332,99522,99736,99750,99783,99762,99829,99972,99983,99934,99824,1.0001e+05,1.0021e+05,1.0008e+05,1.0001e+05,1.0013e+05,1.0014e+05,1.0008e+05,1.0018e+05,1.0019e+05,1.0018e+05,1.0012e+05,1.0011e+05,1.003e+05,1.0034e+05,1.0021e+05,1.0012e+05,1.0019e+05,1.0035e+05,1.0026e+05,1.0015e+05,1.0021e+05,1.0023e+05,1.0014e+05,99854,99792,99940,99994,1.0001e+05,99938,99979,99935,99923,1.0006e+05,1.0008e+05,1.0003e+05,1e+05,99939,1.0003e+05,1.0007e+05,1.0004e+05,99993,99997,1.0012e+05,1.002e+05,1.0021e+05,1.0025e+05,1.0021e+05,1.0021e+05,1.0025e+05,1.0025e+05,1.0028e+05,1.0033e+05,1.0045e+05,1.0049e+05,1.0048e+05,1.0045e+05,1.005e+05,1.0059e+05,1.0051e+05,1.0056e+05,1.0057e+05,1.0062e+05,1.006e+05,1.0056e+05,1.004e+05,1.0034e+05,1.0036e+05,1.0045e+05,1.0049e+05,1.0055e+05,1.007e+05,1.0071e+05,1.0061e+05
99842,99810,1.0002e+05,1.0009e+05,1.0007e+05,1.0008e+05,1.0016e+05,1.0011e+05,99992,99977,99952,99858,99862,99792,99572,99619,99829,99902,99762,99719,99838,99910,99968,99971,1.0002e+05,1.0011e+05,1.0024e+05,1.0007e+05,99958,99995,99910,99772,99651,99837,99888,99859,99785,99841,99820,99792,99725,99623,99615,99690,99908,1.0008e+05,1.0014e+05,1.0005e+05,99877,99786,99862,99961,99921,99785,99843,99998,1.0005e+05,1.0007e+05,1.0009e+05,1.0004e+05,1.0009e+05,1.002e+05,1.0021e+05,1.0009e+05,1.0003e+05,1.0002e+05,99964,99912,99913,99885,99850,99734,99777,99993,1.0003e+05,99854,99734,99627,99658,99798,1.0007e+05,1.0018e+05,1.0013e+05,1.0026e+05,1.0016e+05,1.0013e+05,1.001e+05,1.0009e+05,1.0006e+05,1.001e+05,1.0015e+05,1.0019e+05,1.0024e+05,1.0031e+05,1.0043e+05,1.0057e+05,1.0056e+05,1.0054e+05,1.0051e+05,1.0051e+05,1.0053e+05,1.0045e+05,1.0051e+05,1.0052e+05,1.0057e+05,1.005e+05,1.0043e+05,1.0049e+05,1.0063e+05,1.007e+05,1.0058e+05,1.0049e+05,1.0061e+05,1.0066e+05,1.0069e+05,1.0064e+05,1.0063e+05,1.0068e+05,1.0055e+05,1.0032e+05,1.0025e+05,1.0038e+05
99857,99909,1.0001e+05,1.0008e+05,1.0009e+05,99844,99687,99770,99954,1.0014e+05,1.0023e+05,1.0002e+05,99836,99671,99566,99631,99662,99585,99600,99622,99671,99814,99845,99700,99591,99701,99807,99819,99858,99894,1.0004e+05,1.0021e+05,1.0019e+05,1.0011e+05,1.0014e+05,1.0006e+05,99843,99751,99783,99722,99754,99837,1e+05,99986,99879,99780,99823,99905,99993,1.0003e+05,1.0006e+05,1.0032e+05,1.0042e+05,1.0042e+05,1.0035e+05,1.0024e+05,1.002e+05,1.0023e+05,1.0034e+05,1.0027e+05,1.0006e+05,99921,99946,99856,99757,99800,99955,99785,99632,99621,99711,99691,99594,99490,99540,99825,1.0002e+05,1.0021e+05,1.0027e+05,1.0018e+05,1.0023e+05,1.0016e+05,1.0003e+05,1.0005e+05,1.0031e+05,1.004e+05,1.0024e+05,1.0006e+05,1.0005e+05,1.0014e+05,1.0023e+05,1.0032e+05,1.0025e+05,1.0023e+05,1.0025e+05,1.002e+05,1.0016e+05,1.0017e+05,1.002e+05,1.0017e+05,1.001e+05,1.0014e+05,1.0025e+05,1.0037e+05,1.0052e+05,1.0047e+05,1.0051e+05,1.0065e+05,1.008e+05,1.0069e+05,1.0062e+05,1.005e+05,1.0065e+05,1.0071e+05,1.0049e+05,1.0034e+05,1.0035e+05,1.0034e+05,1.0032e+05,1.0048e+05,1.0049e+05,1.0054e+05
99973,99845,99962,99845,99593,99617,99879,1.0003e+05,99917,99739,99830,99997,99974,1.0004e+05,1.0025e+05,1.0041e+05,1.004e+05,1.0027e+05,1.0026e+05,1.0038e+05,1.0027e+05,1.0007e+05,99945,99925,99930,99766,99650,99673,99713,99760,99733,99839,99891,1.0002e+05,1.0013e+05,1.0014e+05,1.0011e+05,1.0003e+05,99933,99893,99972,1.0002e+05,1.0007e+05,1.0014e+05,1.0008e+05,99922,99891,99978,99929,1.0006e+05,1.0015e+05,1.0018e+05,1.0016e+05,99996,99893,99912,99963,99879,99749,99596,99769,1.0003e+05,99981,99877,99911,99934,1.0018e+05,1.0033e+05,1.0035e+05,1.0031e+05,1.0026e+05,99988,1.0005e+05,1.0014e+05,1.0019e+05,1.0023e+05,1.003e+05,1.0018e+05,1.0035e+05,1.004e+05,1.0038e+05,1.0032e+05,1.0031e+05,1.0031e+05,1.0022e+05,1.0022e+05,1.0024e+05,1.0024e+05,1.0017e+05,1.0017e+05,1.0027e+05,1.0036e+05,1.0037e+05,1.0038e+05,1.0036e+05,1.0036e+05,1.0055e+05,1.007e+05,1.0062e+05,1.0054e+05,1.0053e+05,1.0074e+05,1.0072e+05,1.0062e+05,1.0052e+05,1.0054e+05,1.0069e+05,1.0066e+05,1.0064e+05,1.0062e+05,1.0067e+05,1.0081e+05,1.0085e+05,1.0068e+05,1.0062e+05,1.0064e+05,1.007e+05,1.0069e+05,1.0085e+05,1.0085e+05,1.0088e+05,1.0099e+05
1.0011e+05,1.0007e+05,1.0001e+05,99969,1.0005e+05,1.0016e+05,1.0021e+05,1.0026e+05,1.0012e+05,1.0008e+05,1.0019e+05,1.0028e+05,1.0032e+05,1.0024e+05,1.001e+05,1.0005e+05,1.0007e+05,99915,99812,99830,99770,99745,99773,99886,99878,99734,99677,99727,99900,1.0009e+05,99989,99902,99841,99722,99750,99781,99702,99846,99963,99961,1.0024e+05,1.004e+05,1.0027e+05,1.001e+05,1.0007e+05,1.0006e+05,1.0006e+05,1.0007e+05,1.0016e+05,1.0012e+05,99935,99851,99800,99732,99795,99792,99725,99637,99608,99751,99981,99935,99930,99983,99853,99799,99821,99790,1.0013e+05,1.0053e+05,1.0059e+05,1.0045e+05,1.004e+05,1.0035e+05,1.0041e+05,1.0043e+05,1.0032e+05,1.003e+05,1.0035e+05,1.0041e+05,1.0032e+05,1.0015e+05,1.0033e+05,1.0041e+05,1.0032e+05,1.0024e+05,1.0028e+05,1.0024e+05,1.0018e+05,1.0016e+05,1.0022e+05,1.0021e+05,1.0016e+05,1.0006e+05,1.0007e+05,1.0028e+05,1.005e+05,1.0046e+05,1.0039e+05,1.0027e+05,1.0031e+05,1.0029e+05,1.0028e+05,1.0029e+05,1.002e+05,1.0029e+05,1.0039e+05,1.0064e+05,1.0067e+05,1.0072e+05,1.0082e+05,1.0085e+05,1.0091e+05,1.0081e+05,1.0098e+05,1.0112e+05,1.0109e+05,1.0103e+05,1.0092e+05,1.0092e+05,1.0101e+05,1.0106e+05
1.0003e+05,99992,1.0001e+05,99912,99909,99973,99892,99790,99853,1.0021e+05,1.0027e+05,1.0003e+05,99924,99996,99984,99928,99992,99924,99871,99902,99814,99669,99588,99717,99629,99741,99914,99970,99910,99897,99838,99853,99938,1.0011e+05,1.0021e+05,1.0028e+05,1.0019e+05,1.0016e+05,1.0007e+05,99945,1.0004e+05,1.0023e+05,1.0015e+05,1.0028e+05,1.0034e+05,1.0027e+05,1.0014e+05,1.0011e+05,99972,99879,99966,99875,99855,99743,99737,99828,99789,99785,99737,99847,99978,99986,1e+05,1.0004e+05,1.0001e+05,99980,99995,99915,99918,99961,99935,1.0001e+05,1.0003e+05,99891,99856,99888,99862,1.0011e+05,1.0039e+05,1.004e+05,1.0033e+05,1.0041e+05,1.0032e+05,1.0027e+05,1.0034e+05,1.0022e+05,1.001e+05,1.0011e+05,1.001e+05,99919,99910,99927,99981,1.001e+05,1.0024e+05,1.0035e+05,1.0042e+05,1.0048e+05,1.0069e+05,1.0074e+05,1.0072e+05,1.0067e+05,1.0064e+05,1.0068e+05,1.0052e+05,1.0039e+05,1.0065e+05,1.0076e+05,1.0065e+05,1.0052e+05,1.0053e+05,1.0062e+05,1.0063e+05,1.0058e+05,1.0051e+05,1.0056e+05,1.0069e+05,1.0072e+05,1.0071e+05,1.0066e+05,1.0078e+05,1.0059e+05
1.0066e+05,1.0064e+05,1.0059e+05,1.005e+05,1.0028e+05,1.0016e+05,1.0024e+05,1.0011e+05,99980,1.0009e+05,1.0002e+05,99907,99940,1.0005e+05,1.0016e+05,1.0025e+05,1.0013e+05,1.0008e+05,1.0014e+05,99985,99956,99875,99833,99769,99673,99493,99493,99624,99650,99589,99512,99653,99990,1.0015e+05,1.001e+05,1.0011e+05,1.0005e+05,1.0001e+05,1.0001e+05,99963,1.0005e+05,1.0017e+05,1.0017e+05,1.0013e+05,1.0018e+05,1.0029e+05,1.0032e+05,1.0036e+05,1.0025e+05,1.003e+05,1.0039e+05,1.0034e+05,1.0028e+05,1.0032e+05,1.0036e+05,1.0028e+05,1.0009e+05,1.0006e+05,1.0001e+05,99999,99930,99852,99863,99885,99754,99707,99558,99696,99703,99518,99635,99869,1.0008e+05,1.0004e+05,1.0008e+05,1.0013e+05,1.0028e+05,1.0033e+05,1.0021e+05,1.0013e+05,1.002e+05,1.0036e+05,1.0047e+05,1.0066e+05,1.0073e+05,1.0068e+05,1.0062e+05,1.0071e+05,1.0088e+05,1.0088e+05,1.008e+05,1.0075e+05,1.0072e+05,1.0059e+05,1.0043e+05,1.0037e+05,1.0048e+05,1.0072e+05,1.0097e+05,1.0106e+05,1.0103e+05,1.009e+05,1.0078e+05,1.0082e+05,1.0091e+05,1.0091e+05,1.0096e+05,1.0095e+05,1.0095e+05,1.0091e+05,1.0094e+05,1.0098e+05,1.0094e+05,1.0091e+05,1.0082e+05,1.0063e+05,1.0062e+05,1.0061e+05,1.0062e+05,1.0067e+05,1.0071e+05,1.0076e+05
1.0014e+05,1.0024e+05,1.0015e+05,1.0001e+05,99906,99979,99854,99943,1.0011e+05,99994,99906,99984,1.0015e+05,1.0011e+05,99986,99926,99875,99849,99814,99944,99879,99839,1.0005e+05,1.0009e+05,1.0006e+05,99910,99897,99782,99656,99671,99765,99620,99676,99751,99862,99862,99772,99754,99945,1.0001e+05,99957,1.0003e+05,1.0017e+05,1.0014e+05,1.001e+05,1.0025e+05,1.004e+05,1.0027e+05,1.0012e+05,1.0007e+05,1.0002e+05,99926,1.0011e+05,1.0008e+05,99947,99983,99979,1.0009e+05,1.0017e+05,1.0013e+05,99999,1.0004e+05,1.0006e+05,1.0014e+05,1.0026e+05,1.002e+05,1.0015e+05,1.0018e+05,1.0017e+05,1.0023e+05,1.002e+05,1.001e+05,1.002e+05,1.0018e+05,1.0021e+05,1.0024e+05,1.0028e+05,1.0015e+05,1.0022e+05,1.0031e+05,1.003e+05,1.0016e+05,1.0016e+05,1.0012e+05,1.001e+05,1.0013e+05,1.0011e+05,1.001e+05,1.0012e+05,1.0023e+05,1.0032e+05,1.0041e+05,1.005e+05,1.0035e+05,1.0025e+05,1.0028e+05,1.0031e+05,1.0047e+05,1.0055e+05,1.0056e+05,1.0067e+05,1.0073e+05,1.0074e+05,1.0063e+05,1.0043e+05,1.0044e+05,1.0058e+05,1.0077e+05,1.007e+05,1.0045e+05,1.0042e+05,1.0061e+05,1.0086e+05,1.0087e+05,1.0091e+05,1.0112e+05,1.0116e+05,1.0097e+05,1.0084e+05,1.0085e+05,1.0086e+05,1.0084e+05
1.0007e+05,99996,99852,99791,99787,99960,99902,99935,1.0003e+05,1.0004e+05,1.0015e+05,1.0013e+05,99861,99775,99813,99807,99770,99837,99816,99609,99593,99678,99727,99870,1.0005e+05,99943,99983,1.0013e+05,1.0004e+05,99822,99781,99816,99884,99876,99888,99943,99850,99769,99776,99833,99910,99950,99989,99968,99971,1.0002e+05,1.0003e+05,99918,99897,1.0002e+05,1.0004e+05,1.0005e+05,99953,99955,1.0015e+05,1.0026e+05,1.0018e+05,1.002e+05,1.0029e+05,1.0015e+05,99944,99917,1.0015e+05,1.002e+05,99991,99863,99863,99949,99902,99732,99761,99995,99916,99907,99923,99900,99841,99982,1.0005e+05,1.0001e+05,1.0008e+05,99987,99979,1.0022e+05,1.0048e+05,1.006e+05,1.0061e+05,1.0049e+05,1.0026e+05,1.0023e+05,1.0039e+05,1.0044e+05,1.0049e+05,1.0049e+05,1.0049e+05,1.0052e+05,1.006e+05,1.0062e+05,1.0054e+05,1.0055e+05,1.0059e+05,1.0071e+05,1.0077e+05,1.0083e+05,1.009e+05,1.0094e+05,1.0092e+05,1.0097e+05,1.0086e+05,1.0072e+05,1.0061e+05,1.0066e+05,1.0067e+05,1.0056e+05,1.0041e+05,1.0039e+05,1.0054e+05,1.0057e+05,1.0046e+05,1.0027e+05,1.0046e+05,1.0071e+05
1.0018e+05,1.0019e+05,1.0015e+05,1.002e+05,1.0026e+05,1.0019e+05,1.0003e+05,1e+05,99912,99966,99948,99985,99854,99883,99987,99929,99823,99907,99907,1.0011e+05,1.0021e+05,1.0013e+05,1.0008e+05,1e+05,1.0002e+05,99853,99729,99838,1.0015e+05,1.002e+05,1.0015e+05,1e+05,1.001e+05,1.002e+05,1.0021e+05,1.0011e+05,1.0015e+05,1.0012e+05,1.0008e+05,1.0012e+05,1.0005e+05,1.0007e+05,1.0011e+05,1.001e+05,1.0008e+05,1.0003e+05,99853,99808,99863,99992,1.0004e+05,1.0009e+05,1.0015e+05,1.0018e+05,1.0014e+05,1.0004e+05,99997,99947,99935,99855,99831,99877,1.0003e+05,1.0026e+05,1.0034e+05,1.0028e+05,99994,1.0002e+05,1.0012e+05,1.0012e+05,1.001e+05,99996,99921,99969,1.0007e+05,1.0014e+05,1.0005e+05,1.0007e+05,1.001e+05,1.0014e+05,1.0013e+05,1.0008e+05,1.0001e+05,99902,1.0001e+05,1.0011e+05,1.0027e+05,1.0032e+05,1.0038e+05,1.003e+05,1.0037e+05,1.0049e+05,1.0064e+05,1.006e+05,1.0056e+05,1.0061e+05,1.0054e+05,1.0055e+05,1.0056e+05,1.005e+05,1.0047e+05,1.0033e+05,1.0026e+05,1.002e+05,1.0034e+05,1.0055e+05,1.0065e+05,1.0068e+05,1.0074e+05,1.0084e+05,1.0091e+05,1.0088e+05,1.0081e+05,1.0057e+05,1.0065e+05,1.0089e+05,1.0104e+05,1.01e+05,1.0091e+05,1.0093e+05,1.0092e+05,1.0096e+05
1.0028e+05,1.0017e+05,1.0026e+05,1.002e+05,1.0009e+05,1.0002e+05,1.0002e+05,99979,1.0007e+05,1.001e+05,1.0022e+05,1.004e+05,1.0056e+05,1.005e+05,1.0036e+05,1.0027e+05,1.0014e+05,99979,1.0004e+05,1.0021e+05,1.0015e+05,99993,99929,99871,99936,99835,99619,99549,99886,1.0019e+05,1.0023e+05,1.0003e+05,1.0001e+05,1.0012e+05,1.0028e+05,1.0044e+05,1.0039e+05,1.0029e+05,1.0038e+05,1.0029e+05,1.0018e+05,1.0008e+05,99996,1.0004e+05,1e+05,99893,99900,99901,99867,99829,99868,1.0001e+05,1.0015e+05,1.001e+05,1.0004e+05,1.0005e+05,1.0023e+05,1.0039e+05,1.0037e+05,1.0037e+05,1.0026e+05,1.0015e+05,1.003e+05,1.0031e+05,1.0038e+05,1.0041e+05,1.0038e+05,1.004e+05,1.0029e+05,1.003e+05,1.0022e+05,1.0006e+05,1.0013e+05,1.0003e+05,1.0007e+05,1.0001e+05,99861,99862,1.0009e+05,1.0012e+05,1.0012e+05,1.0017e+05,1.0019e+05,1.0035e+05,1.0027e+05,1.0027e+05,1.0039e+05,1.0036e+05,1.0033e+05,1.0036e+05,1.0041e+05,1.0049e+05,1.0051e+05,1.0048e+05,1.0054e+05,1.0062e+05,1.0045e+05,1.0033e+05,1.0034e+05,1.0028e+05,1.0026e+05,1.0033e+05,1.0059e+05,1.0072e+05,1.0065e+05,1.005e+05,1.004e+05,1.0043e+05,1.0035e+05,1.0032e+05,1.0043e+05,1.0049e+05,1.0052e+05,1.0049e+05,1.0056e+05,1.007e+05,1.0058e+05,1.0041e+05,1.0047e+05,1.0058e+05,1.0071e+05,1.0078e+05
99904,99892,1.0007e+05,1.0004e+05,99949,99821,99778,99936,99942,99895,99762,99772,99750,99732,99542,99382,99544,99468,99496,99649,99644,99801,99922,99841,99831,99925,99998,99976,99857,99908,1.0001e+05,99889,99843,99857,99907,99914,99962,99939,1.0005e+05,1.0004e+05,1.002e+05,1.0036e+05,1.0038e+05,1.0014e+05,99898,99961,1.0009e+05,1e+05,99917,1.0006e+05,1.003e+05,1.0028e+05,1.0022e+05,1.0029e+05,1.0031e+05,1.0027e+05,1.0013e+05,1.0008e+05,1.0015e+05,1.0029e+05,1.0021e+05,1.0004e+05,99990,99919,99992,1.001e+05,1.002e+05,1.0023e+05,1.0016e+05,1.0017e+05,1.0003e+05,1e+05,1.0006e+05,1.0008e+05,1.0003e+05,1.0006e+05,99996,1.0004e+05,1.0003e+05,1.0003e+05,1.0017e+05,1.0026e+05,1.0031e+05,1.0043e+05,1.004e+05,1.0032e+05,1.002e+05,1.0032e+05,1.0033e+05,1.0023e+05,1.0009e+05,1.0004e+05,1.0003e+05,1.0025e+05,1.0025e+05,1.0021e+05,1.0025e+05,1.0037e+05,1.0051e+05,1.006e+05,1.0066e+05,1.0065e+05,1.0086e+05,1.0086e+05,1.0068e+05,1.0062e+05,1.0076e+05,1.0081e+05,1.0066e+05,1.0055e+05,1.0065e+05,1.0101e+05,1.0116e+05,1.0111e+05,1.0099e+05,1.0089e+05,1.0104e+05,1.0104e+05,1.0094e+05,1.0095e+05,1.0086e+05,1.0074e+05
1.001e+05,1.0003e+05,1.0002e+05,1.0008e+05,1.0012e+05,1.0014e+05,1.0008e+05,1.0005e+05,1.0003e+05,99966,99860,99988,1.0002e+05,99952,99793,99740,99642,99723,99802,99933,99990,99856,99710,99706,99821,99884,99766,99796,99890,1.0003e+05,1.0018e+05,1.0012e+05,1.0012e+05,1.0011e+05,99957,99877,99917,99911,99832,99913,1.0015e+05,1.0021e+05,1.001e+05,1.0011e+05,1.0023e+05,1.0029e+05,1.0025e+05,1.0015e+05,1.0027e+05,1.004e+05,1.0046e+05,1.0046e+05,1.0043e+05,1.0034e+05,1.0026e+05,1.0026e+05,1.0033e+05,1.0031e+05,1.0018e+05,99980,99952,99995,1.0011e+05,1.001e+05,1.003e+05,1.0024e+05,1.0013e+05,99978,99985,1.0006e+05,1.0012e+05,99992,1.0009e+05,1.0012e+05,99964,99924,1.0007e+05,1.0016e+05,1.002e+05,1.0014e+05,1.0029e+05,1.0034e+05,1.0022e+05,1.003e+05,1.0036e+05,1.0037e+05,1.0031e+05,1.0031e+05,1.0033e+05,1.0044e+05,1.0047e+05,1.0042e+05,1.0047e+05,1.0054e+05,1.005e+05,1.0032e+05,1.0035e+05,1.0038e+05,1.0045e+05,1.0041e+05,1.0047e+05,1.0061e+05,1.0052e+05,1.0034e+05,1.0028e+05,1.0028e+05,1.0047e+05,1.0062e+05,1.0062e+05,1.0067e+05,1.0064e+05,1.0063e+05,1.0074e+05,1.0073e+05,1.0067e+05,1.007e+05,1.0081e+05,1.0081e+05,1.0085e+05,1.0081e+05,1.009e+05,1.0094e+05
1.0061e+05,1.0048e+05,1.0022e+05,1.0024e+05,1.0031e+05,1.0019e+05,1.0017e+05,1.0017e+05,1.0005e+05,99886,1e+05,99992,99824,99749,99653,99592,99604,99566,99593,99513,99595,99712,99734,99640,99644,99700,99821,99770,99860,99965,1.0026e+05,1.0041e+05,1.0038e+05,1.0016e+05,1e+05,99924,99920,1.0009e+05,1.0008e+05,1.0011e+05,1.0013e+05,1.0018e+05,1.001e+05,99983,99934,99954,99843,99784,99880,1.0001e+05,99906,99836,99795,99953,1.0012e+05,1.0016e+05,1.0032e+05,1.0045e+05,1.005e+05,1.0057e+05,1.0056e+05,1.0045e+05,1.0038e+05,1.0028e+05,1.0008e+05,1.0007e+05,1.0006e+05,1.0007e+05,1.0006e+05,1.0004e+05,1.0009e+05,1.002e+05,1.0006e+05,1.0002e+05,99994,1.0015e+05,1.0033e+05,1.0027e+05,1.0033e+05,1.0039e+05,1.0032e+05,1.0023e+05,1.0027e+05,1.0049e+05,1.0061e+05,1.0055e+05,1.0048e+05,1.0047e+05,1.0055e+05,1.0071e+05,1.0059e+05,1.0055e+05,1.0076e+05,1.007e+05,1.0051e+05,1.0046e+05,1.0043e+05,1.0043e+05,1.0038e+05,1.0032e+05,1.0045e+05,1.0051e+05,1.0057e+05,1.0059e+05,1.0056e+05,1.0066e+05,1.0084e+05,1.0098e+05,1.0101e+05,1.009e+05,1.0089e+05,1.0083e+05,1.0088e+05,1.01e+05,1.0096e+05,1.0088e+05,1.0081e+05,1.008e+05,1.0092e+05,1.0091e+05,1.0079e+05,1.0084e+05
1.0029e+05,1.0009e+05,99964,99858,99953,99980,99923,99709,99838,1.0005e+05,1.0021e+05,1.0013e+05,99999,99883,99904,1.0002e+05,1.0006e+05,99985,99966,99934,1.0015e+05,1.0024e+05,1.0029e+05,1.0024e+05,1.0022e+05,1.0019e+05,1.0022e+05,1.0024e+05,1.0008e+05,99913,1.0003e+05,1.0009e+05,1.0004e+05,1.0002e+05,99976,99913,99909,99998,99986,1.0009e+05,1.0015e+05,1.0011e+05,1.0008e+05,1.0016e+05,1.0022e+05,1.001e+05,1.001e+05,1.001e+05,1.0011e+05,1.0012e+05,1.002e+05,1.0024e+05,1.0036e+05,1.004e+05,1.0019e+05,1.0019e+05,1.0038e+05,1.0054e+05,1.0051e+05,1.0031e+05,1.0029e+05,1.0014e+05,1.0023e+05,1.0046e+05,1.0048e+05,1.005e+05,1.0057e+05,1.0064e+05,1.0051e+05,1.0038e+05,1.0019e+05,1.001e+05,1.0024e+05,1.0037e+05,1.0049e+05,1.0045e+05,1.0032e+05,1.0015e+05,1.0012e+05,1.0013e+05,1.0001e+05,1.0011e+05,1.0013e+05,1.0008e+05,1.0001e+05,99912,99955,1.0007e+05,1.0011e+05,1.0019e+05,1.0025e+05,1.0034e+05,1.003e+05,1.0032e+05,1.004e+05,1.0054e+05,1.0051e+05,1.005e+05,1.0047e+05,1.0041e+05,1.0036e+05,1.0032e+05,1.0043e+05,1.006e+05,1.0056e+05,1.0058e+05,1.0064e+05,1.0068e+05,1.0076e+05,1.0073e+05,1.0071e+05,1.0065e+05,1.0066e+05,1.0075e+05,1.0077e+05,1.0074e+05,1.0079e+05,1.0083e+05,1.0075e+05,1.0098e+05,1.0113e+05,1.0123e+05
1.0009e+05,99975,1.0003e+05,99938,99963,99977,1.001e+05,1.001e+05,99933,99818,99939,1.001e+05,1.0004e+05,99987,99995,1e+05,1.0005e+05,1.0036e+05,1.0025e+05,1.001e+05,1.0017e+05,1.0012e+05,99856,99758,99747,99897,99816,99827,99911,99980,1.001e+05,1.0017e+05,1.0002e+05,99890,99929,99969,1.0007e+05,1.0013e+05,1.0027e+05,1.0032e+05,1.0025e+05,1.0012e+05,99962,1.0006e+05,1.0003e+05,99927,99793,99801,99958,99954,99848,99912,1.0008e+05,1.0017e+05,1.0015e+05,1.0012e+05,1.0018e+05,1.0014e+05,1.0004e+05,1.0005e+05,99993,99808,99813,99868,99797,99955,1.002e+05,1.0023e+05,1.0018e+05,1.0016e+05,1.0017e+05,1.0027e+05,1.0047e+05,1.0037e+05,1.003e+05,1.0022e+05,1.0026e+05,1.0022e+05,1.0011e+05,1.0017e+05,1.0028e+05,1.0025e+05,1.0024e+05,1.0021e+05,1.0014e+05,1.003e+05,1.0053e+05,1.0053e+05,1.0043e+05,1.0031e+05,1.0047e+05,1.0054e+05,1.004e+05,1.0036e+05,1.0048e+05,1.006e+05,1.0062e+05,1.0049e+05,1.0029e+05,1.0031e+05,1.0062e+05,1.008e+05,1.0076e+05,1.0063e+05,1.0075e+05,1.0076e+05,1.0052e+05,1.0033e+05,1.0042e+05,1.0067e+05,1.0069e+05,1.0044e+05,1.0029e+05,1.0009e+05,1.001e+05,1.0037e+05,1.0055e+05,1.0049e+05,1.0029e+05,1.0027e+05,1.0048e+05,1.0052e+05
1.0049e+05,1.0032e+05,1.0022e+05,1.001e+05,1.0006e+05,99996,1.0005e+05,1.0005e+05,99874,99875,99826,99888,99853,99843,99987,1.0013e+05,1.0019e+05,1.0024e+05,1.0024e+05,1.0021e+05,1.0015e+05,1.0017e+05,1.0012e+05,1e+05,1.0007e+05,1.0009e+05,1.0009e+05,99975,99857,99773,99826,1e+05,1.0019e+05,1.0025e+05,1.0031e+05,1.004e+05,1.0028e+05,1.0035e+05,1.0043e+05,1.003e+05,1.0013e+05,1.0002e+05,1.0008e+05,1.0027e+05,1.004e+05,1.0032e+05,1.0012e+05,1.0001e+05,99998,99956,1.0004e+05,99962,99693,99683,99828,99908,1.0008e+05,1.0022e+05,1.0028e+05,1.0024e+05,1.0021e+05,1.0015e+05,1.0035e+05,1.0041e+05,1.002e+05,1.0012e+05,1.0015e+05,1.0018e+05,1.0023e+05,1.0022e+05,1.0025e+05,1.0028e+05,1.0017e+05,1.0021e+05,1.0024e+05,1.0013e+05,1.0026e+05,1.0037e+05,1.0026e+05,1.0014e+05,1.0025e+05,1.0035e+05,1.0029e+05,1.0023e+05,1.0016e+05,1.002e+05,1.0018e+05,1.0011e+05,1.0018e+05,1.0024e+05,1.0029e+05,1.0031e+05,1.0036e+05,1.0056e+05,1.0054e+05,1.0037e+05,1.0029e+05,1.0029e+05,1.0039e+05,1.0044e+05,1.0051e+05,1.005e+05,1.0039e+05,1.0036e+05,1.0039e+05,1.0047e+05,1.0052e+05,1.0053e+05,1.0063e+05,1.0055e+05,1.0066e+05,1.0083e+05,1.0075e+05,1.0069e+05,1.0076e+05,1.0073e+05,1.0064e+05,1.007e+05,1.0073e+05,1.008e+05,1.0092e+05,1.0089e+05
99998,1e+05,99970,99995,99950,1.0006e+05,1.0024e+05,1.0024e+05,1.002e+05,1.0014e+05,1.0011e+05,1.0008e+05,99993,99939,1.0006e+05,99874,99742,99794,99784,99933,99906,99844,99851,99871,99863,99814,99764,99801,99779,99751,99695,99693,99693,99782,99995,1.0026e+05,1.0031e+05,1.0029e+05,1.0003e+05,99994,1.0004e+05,1.0009e+05,1e+05,1.0005e+05,1.0019e+05,1.001e+05,99944,99899,99972,99995,1e+05,1.001e+05,1.001e+05,1.0004e+05,1.0003e+05,99966,99965,1.0007e+05,1.0017e+05,1.0014e+05,1.0006e+05,1.0019e+05,1.0033e+05,1.004e+05,1.0037e+05,1.0035e+05,1.0046e+05,1.0051e+05,1.0048e+05,1.0051e+05,1.0047e+05,1.0036e+05,1.0018e+05,1.0015e+05,1.0027e+05,1.0026e+05,1.0016e+05,1.0007e+05,1.0008e+05,1.0009e+05,1.002e+05,1.0027e+05,1.0014e+05,1.001e+05,1.0019e+05,1.0032e+05,1.0032e+05,1.0038e+05,1.005e+05,1.0045e+05,1.0028e+05,1.0028e+05,1.0037e+05,1.0041e+05,1.0023e+05,1.0021e+05,1.0023e+05,1.0032e+05,1.0044e+05,1.0052e+05,1.005e+05,1.005e+05,1.005e+05,1.0043e+05,1.0051e+05,1.0066e+05,1.0064e+05,1.0052e+05,1.0051e+05,1.0051e+05,1.0051e+05,1.0057e+05,1.0068e+05,1.0066e+05,1.0061e+05,1.0063e+05,1.008e+05,1.0087e+05,1.0079e+05,1.0074e+05,1.0079e+05,1.0091e+05
1.0008e+05,99925,99866,99967,1.0002e+05,99989,99903,99712,99610,99697,99741,99758,99941,1.0002e+05,1.0011e+05,99961,99852,99690,99708,1.0001e+05,1.0036e+05,1.0034e+05,1.0015e+05,99910,99940,99972,1.0002e+05,1.0007e+05,1.0009e+05,1.0009e+05,1.0007e+05,1.0002e+05,99964,1.0003e+05,1.0006e+05,99972,99878,99849,99868,99909,1.0001e+05,99872,99802,99803,99830,99933,99838,99946,99985,99968,99871,99834,99884,99907,99862,99849,99747,99719,99697,99684,99788,99931,1.0009e+05,1.0023e+05,1.0029e+05,1.0025e+05,1.0023e+05,1.0023e+05,1.0014e+05,1.0011e+05,1.0015e+05,1.0015e+05,1.0014e+05,1.0008e+05,1.0014e+05,1.0016e+05,1.0021e+05,1.0021e+05,1.0022e+05,1.0019e+05,1.0007e+05,1.0013e+05,1.0018e+05,1.0006e+05,99881,99977,1.002e+05,1.0038e+05,1.0032e+05,1.0037e+05,1.0038e+05,1.0043e+05,1.0061e+05,1.0056e+05,1.0046e+05,1.0053e+05,1.0066e+05,1.0058e+05,1.004e+05,1.005e+05,1.0066e+05,1.0078e+05,1.0093e+05,1.0095e+05,1.0089e+05,1.0084e+05,1.0079e+05,1.0087e+05,1.0091e+05,1.0069e+05,1.0069e+05,1.0081e+05,1.0084e+05,1.007e+05,1.006e+05,1.0055e+05,1.0056e+05,1.0084e+05,1.0097e+05,1.0102e+05,1.01e+05,1.0094e+05
1.0044e+05,1.005e+05,1.0044e+05,1.0039e+05,1.0031e+05,1.0025e+05,1.0008e+05,1.0016e+05,1.0018e+05,1.0024e+05,1.0007e+05,99841,99812,99925,99941,99762,99676,99687,99742,99771,99792,99777,99705,99664,99723,99642,99689,99863,99929,99940,99906,99978,1.0015e+05,1.0018e+05,1.0038e+05,1.0028e+05,1.0009e+05,1.0012e+05,1.0013e+05,1.0016e+05,1.0015e+05,1.0021e+05,1.0022e+05,1.0015e+05,1.0015e+05,1.0021e+05,1.0008e+05,99959,99959,1.0002e+05,1.0013e+05,1.0019e+05,1.0009e+05,99936,99811,99792,99735,99790,1.0001e+05,1.0024e+05,1.0028e+05,1.0026e+05,1.0021e+05,1.0035e+05,1.0055e+05,1.0057e+05,1.006e+05,1.0048e+05,1.0036e+05,1.004e+05,1.0038e+05,1.0036e+05,1.004e+05,1.0032e+05,1.0026e+05,1.0035e+05,1.0021e+05,1e+05,99948,1.0002e+05,99958,1.001e+05,1.0031e+05,1.0037e+05,1.0043e+05,1.0047e+05,1.0038e+05,1.0029e+05,1.0029e+05,1.0022e+05,1.0018e+05,1.0028e+05,1.0039e+05,1.0041e+05,1.0025e+05,1.0011e+05,1.0012e+05,1.0017e+05,1.0014e+05,1.0012e+05,1.0031e+05,1.0049e+05,1.0047e+05,1.004e+05,1.0057e+05,1.0079e+05,1.0087e+05,1.009e+05,1.0084e+05,1.0089e+05,1.0103e+05,1.0111e+05,1.0097e+05,1.008e+05,1.0072e+05,1.0088e+05,1.0086e+05,1.009e+05,1.0095e+05,1.0108e+05,1.0104e+05,1.01e+05
1.0031e+05,1.0019e+05,1.001e+05,1.0019e+05,1.0006e+05,99973,99909,99973,1.0007e+05,1.0002e+05,99857,99782,99961,1.001e+05,1.0011e+05,1.0005e+05,99965,99816,99924,1.0008e+05,1.0017e+05,1.0018e+05,1.0013e+05,99939,99799,1.0002e+05,1.0017e+05,1.002e+05,1.0013e+05,99931,99890,1.0007e+05,1.0014e+05,1.0015e+05,1.0013e+05,1.0007e+05,99943,99997,99870,99779,99698,99744,99658,99679,99748,99677,1.0006e+05,1.0026e+05,1.0033e+05,1.0024e+05,1.0015e+05,1.0028e+05,1.0037e+05,1.0025e+05,1.0018e+05,1.0022e+05,1.0023e+05,1.0016e+05,1.0006e+05,99908,99911,1.0003e+05,1.0005e+05,1.0006e+05,1.0008e+05,1.0022e+05,1.0054e+05,1.0051e+05,1.0023e+05,99940,1.0005e+05,1.0017e+05,1.0018e+05,1.0027e+05,1.0028e+05,1.0023e+05,1.0025e+05,1.0036e+05,1.0039e+05,1.0026e+05,1.003e+05,1.0016e+05,1.0016e+05,1.0028e+05,1.0031e+05,1.0047e+05,1.0057e+05,1.0052e+05,1.0052e+05,1.0044e+05,1.0051e+05,1.0058e+05,1.0053e+05,1.0047e+05,1.0045e+05,1.0036e+05,1.004e+05,1.0061e+05,1.005e+05,1.0044e+05,1.004e+05,1.0048e+05,1.005e+05,1.0055e+05,1.006e+05,1.007e+05,1.0067e+05,1.0055e+05,1.0057e+05,1.0059e+05,1.0063e+05,1.006e+05,1.0064e+05,1.0059e+05,1.0066e+05,1.0055e+05,1.0055e+05,1.0051e+05,1.0047e+05,1.0055e+05,1.0073e+05,1.0089e+05
99799,99810,99726,99734,99797,99783,99775,99828,99869,99797,99882,1.0003e+05,1.0014e+05,1.0007e+05,99721,99721,99808,99682,99757,99792,99829,99881,99921,99866,99889,99806,99666,99728,99827,99899,99868,1.002e+05,1.0029e+05,1.0015e+05,1.0017e+05,1.0014e+05,1.0005e+05,99964,99950,99887,99764,99704,99698,99653,99697,99849,99965,1.0004e+05,99986,99916,99911,99989,1.0001e+05,1.0003e+05,99973,99838,99858,99893,99741,99714,99781,99783,99866,1.001e+05,1.0012e+05,1.0012e+05,1.002e+05,1.0037e+05,1.0028e+05,1.0015e+05,1.0019e+05,1.0031e+05,1.0035e+05,1.004e+05,1.0048e+05,1.0029e+05,1.0013e+05,1.0027e+05,1.0011e+05,99927,1.0015e+05,1.0042e+05,1.0047e+05,1.0037e+05,1.0028e+05,1.0021e+05,1.0017e+05,1.0013e+05,1.0022e+05,1.0016e+05,1.001e+05,1.0002e+05,1.0008e+05,1.0011e+05,1.0028e+05,1.0036e+05,1.0029e+05,1.0009e+05,1.0019e+05,1.0051e+05,1.0066e+05,1.0062e+05,1.0074e+05,1.0075e+05,1.0067e+05,1.006e+05,1.0061e+05,1.0064e+05,1.0064e+05,1.0055e+05,1.0063e+05,1.0086e+05,1.0103e+05,1.012e+05,1.0127e+05,1.0133e+05,1.0125e+05,1.0117e+05,1.0123e+05,1.0124e+05,1.0119e+05,1.0124e+05
1.0023e+05,1.001e+05,1.0005e+05,1e+05,99954,99893,99867,99820,99782,99750,99672,99725,99859,99926,99918,99936,99878,99897,99978,1.001e+05,1.0008e+05,1.0006e+05,1.0013e+05,1.001e+05,1.0013e+05,1.0004e+05,99874,99806,99721,99624,99526,99588,99817,99975,99920,99938,99979,1.0001e+05,99916,99774,99867,99974,1.0002e+05,1.0003e+05,99856,99759,99800,99787,99748,99807,99981,1.0017e+05,1.0021e+05,1.0002e+05,99968,1.0005e+05,1.0026e+05,1.003e+05,1.0006e+05,99945,1.0009e+05,1.0016e+05,99959,99804,1.0002e+05,1.0012e+05,1.0003e+05,99911,99865,1.0007e+05,1.0038e+05,1.0063e+05,1.0037e+05,1.0003e+05,1.0014e+05,1.0038e+05,1.0045e+05,1.005e+05,1.0057e+05,1.0048e+05,1.0045e+05,1.0041e+05,1.0037e+05,1.0036e+05,1.0039e+05,1.0035e+05,1.0023e+05,1.0016e+05,1.001e+05,1.0002e+05,1.0005e+05,1.0001e+05,99895,99832,99642,99948,1.0027e+05,1.0044e+05,1.005e+05,1.0065e+05,1.0079e+05,1.0085e+05,1.0092e+05,1.01e+05,1.0086e+05,1.0068e+05,1.0062e+05,1.0063e+05,1.0065e+05,1.0057e+05,1.0054e+05,1.0061e+05,1.0064e+05,1.0054e+05,1.0061e+05,1.0076e+05,1.0077e+05,1.0077e+05,1.0079e+05,1.0082e+05,1.0084e+05,1.008e+05
1.0022e+05,1.0004e+05,99998,1.0004e+05,1.0007e+05,1.0028e+05,1.0041e+05,1.0032e+05,1.0037e+05,1.0043e+05,1.0038e+05,1.003e+05,1.0016e+05,99913,99727,99649,99631,99603,99649,99719,99848,99878,99855,99960,99974,1.0016e+05,1.003e+05,1.0025e+05,1.0021e+05,1.0015e+05,1.002e+05,1.0035e+05,1.0046e+05,1.004e+05,1.0016e+05,1.0009e+05,1.0017e+05,1.003e+05,1.0032e+05,1.0005e+05,99816,99870,1.0006e+05,1.0011e+05,1.0018e+05,1.0006e+05,1.0005e+05,1.0002e+05,99959,99945,99927,99771,99692,99671,99658,99607,99658,99779,99887,99914,1e+05,1.0011e+05,1.0002e+05,99973,99990,99989,1.0002e+05,1.0002e+05,1.0001e+05,1.001e+05,1.0024e+05,1.003e+05,1.0026e+05,1.0012e+05,1.0017e+05,1.004e+05,1.0043e+05,1.0039e+05,1.0036e+05,1.0022e+05,1.0022e+05,1.0032e+05,1.0054e+05,1.0061e+05,1.0052e+05,1.0048e+05,1.0048e+05,1.0054e+05,1.0048e+05,1.003e+05,1.0036e+05,1.0049e+05,1.0056e+05,1.0051e+05,1.005e+05,1.0055e+05,1.0055e+05,1.0047e+05,1.0043e+05,1.0041e+05,1.0046e+05,1.005e+05,1.0045e+05,1.0056e+05,1.005e+05,1.0033e+05,1.0031e+05,1.0042e+05,1.0031e+05,1.0032e+05,1.004e+05,1.0058e+05,1.0073e+05,1.008e+05,1.0072e+05,1.008e+05,1.0077e+05,1.0052e+05,1.0055e+05,1.0066e+05,1.0068e+05,1.0075e+05
1.0059e+05,1.006e+05,1.007e+05,1.0082e+05,1.0066e+05,1.0051e+05,1.0058e+05,1.0061e+05,1.005e+05,1.004e+05,1.0034e+05,1.0038e+05,1.0047e+05,1.0039e+05,1.0032e+05,1.0029e+05,1.0019e+05,1.0018e+05,1.0015e+05,1.0035e+05,1.0035e+05,1.002e+05,99907,99666,99522,99590,99556,99365,99420,99649,99803,99826,99943,99928,99899,99898,99873,99907,99865,99672,99769,99964,1.0005e+05,1.0011e+05,99971,99859,99907,1.0016e+05,1.0025e+05,1.0036e+05,1.0039e+05,1.004e+05,1.0031e+05,1.0019e+05,1.0006e+05,1.0004e+05,1.0013e+05,1.0021e+05,99996,99814,99644,99682,99919,99957,99948,99989,1.0001e+05,1.0012e+05,1.0052e+05,1.0067e+05,1.0056e+05,1.0051e+05,1.0048e+05,1.0043e+05,1.006e+05,1.0067e+05,1.0063e+05,1.0041e+05,1.003e+05,1.0027e+05,1.0037e+05,1.003e+05,1.0009e+05,1.0001e+05,99956,99915,1.0001e+05,1.0027e+05,1.0028e+05,1.0015e+05,1.0036e+05,1.0043e+05,1.0042e+05,1.0048e+05,1.0059e+05,1.0061e+05,1.0069e+05,1.0073e+05,1.0074e+05,1.0062e+05,1.006e+05,1.0074e+05,1.0071e+05,1.007e+05,1.0083e+05,1.0083e+05,1.0075e+05,1.0078e+05,1.0104e+05,1.01e+05,1.0088e+05,1.0091e+05,1.0081e+05,1.0082e+05,1.0081e+05,1.0076e+05,1.007e+05,1.0064e+05,1.0067e+05,1.0088e+05,1.0107e+05,1.0112e+05
1.0024e+05,1.0013e+05,1.0018e+05,1.0027e+05,1.0025e+05,1.0028e+05,1.0017e+05,1.0017e+05,1.0008e+05,99941,1.0018e+05,1.0024e+05,1.0017e+05,1.0028e+05,1.0024e+05,1.0012e+05,1.0004e+05,1.0006e+05,1.0009e+05,99880,99773,99793,99859,99848,99744,99636,99738,99827,99740,99638,99653,99774,99895,1e+05,1e+05,99962,99853,99880,99956,99901,99844,99967,1.0014e+05,1.003e+05,1.0028e+05,1.0023e+05,1.0022e+05,1.004e+05,1.0043e+05,1.0028e+05,1.0029e+05,1.0025e+05,1.0022e+05,1.0016e+05,1.0016e+05,1.0009e+05,1.001e+05,1.0007e+05,1.0008e+05,1.0006e+05,1.0013e+05,1.0021e+05,1.0021e+05,1.0025e+05,1.0027e+05,1.0019e+05,1.0014e+05,1.0011e+05,1.0007e+05,1.0003e+05,1.001e+05,1.0011e+05,1.0006e+05,1.0003e+05,1.0021e+05,1.0041e+05,1.0056e+05,1.0042e+05,1.0047e+05,1.0047e+05,1.0041e+05,1.0039e+05,1.005e+05,1.0061e+05,1.0052e+05,1.0042e+05,1.0039e+05,1.0045e+05,1.0048e+05,1.0033e+05,1.0024e+05,1.0041e+05,1.0047e+05,1.0054e+05,1.0062e+05,1.0075e+05,1.0071e+05,1.0058e+05,1.005e+05,1.0061e+05,1.0058e+05,1.0038e+05,1.0037e+05,1.0038e+05,1.0025e+05,1.0016e+05,1.0009e+05,1.0022e+05,1.0043e+05,1.0054e+05,1.0046e+05,1.0052e+05,1.005e+05,1.0055e+05,1.0068e+05,1.0084e+05,1.0092e+05,1.0099e+05,1.0089e+05,1.0091e+05,1.0081e+05,1.0074e+05
1.0041e+05,1.003e+05,1.0028e+05,1.004e+05,1.0036e+05,1.0031e+05,1.0018e+05,1.0005e+05,99986,99923,99892,99936,1.0013e+05,1.0012e+05,1.0013e+05,1.0001e+05,99932,99925,99837,99907,99906,99869,99882,99919,99849,99858,99948,1.0009e+05,1.0013e+05,1.0015e+05,99976,99822,99924,1.0017e+05,1.0024e+05,1.0022e+05,1.0033e+05,1.0025e+05,1.0007e+05,99858,99808,99895,99951,99859,99832,99748,99818,99889,99839,99860,99925,99856,99831,99781,99789,99906,99925,99827,99776,99851,1.0006e+05,1.0011e+05,1.0005e+05,1.0002e+05,1.0003e+05,1.0003e+05,99870,99910,99897,99906,1.0022e+05,1.0019e+05,1.0003e+05,1.0004e+05,1.0021e+05,1.0049e+05,1.0049e+05,1.0043e+05,1.0059e+05,1.0067e+05,1.0052e+05,1.0029e+05,1.004e+05,1.0051e+05,1.0045e+05,1.0033e+05,1.0042e+05,1.0053e+05,1.0045e+05,1.0048e+05,1.0045e+05,1.004e+05,1.0037e+05,1.0042e+05,1.0039e+05,1.0039e+05,1.0034e+05,1.0036e+05,1.0038e+05,1.0041e+05,1.0037e+05,1.0036e+05,1.0034e+05,1.0029e+05,1.0032e+05,1.0023e+05,1.0024e+05,1.0025e+05,1.0027e+05,1.0041e+05,1.0068e+05,1.0076e+05,1.0069e+05,1.0071e+05,1.0079e+05,1.0079e+05,1.0065e+05,1.0069e+05,1.0078e+05,1.0085e+05,1.0081e+05,1.0096e+05
1.0001e+05,99928,99924,99884,99881,99700,99792,99867,1.0004e+05,1.0007e+05,1.0003e+05,1.0003e+05,1.0002e+05,1.0004e+05,1.0001e+05,99927,99950,99912,99910,99969,1.0004e+05,1.0006e+05,1.0007e+05,1e+05,99991,1.0005e+05,1.0005e+05,1.0013e+05,1.001e+05,99948,99966,1.0006e+05,1.0011e+05,1.0009e+05,1.0009e+05,1.0002e+05,1.0001e+05,99901,99769,99734,99763,99700,99671,99766,99834,99842,99827,99766,99736,99876,1.0012e+05,1.0034e+05,1.0024e+05,1.0024e+05,1.0032e+05,1.0027e+05,1.0024e+05,1.0023e+05,1.0035e+05,1.0037e+05,1.0028e+05,1.002e+05,1.0028e+05,1.0035e+05,1.0044e+05,1.0034e+05,1.0029e+05,1.0032e+05,1.0031e+05,1.0018e+05,1.0013e+05,1.0004e+05,1.0025e+05,1.0047e+05,1.0042e+05,1.0033e+05,1.0028e+05,1.0013e+05,1.002e+05,1.0022e+05,1.0017e+05,1.0009e+05,1.002e+05,1.002e+05,1.001e+05,1.0016e+05,1.0026e+05,1.0025e+05,1.0014e+05,1.0007e+05,1.0005e+05,99971,1.0014e+05,1.0015e+05,1.0023e+05,1.0036e+05,1.0035e+05,1.0028e+05,1.0045e+05,1.0057e+05,1.0054e+05,1.005e+05,1.005e+05,1.0061e+05,1.0076e+05,1.0066e+05,1.005e+05,1.0055e+05,1.0069e+05,1.006e+05,1.0062e+05,1.0077e+05,1.009e+05,1.0104e+05,1.0092e+05,1.0088e+05,1.0083e+05,1.0089e+05,1.0093e+05,1.0083e+05,1.0089e+05,1.008e+05
1.0009e+05,1.002e+05,1.0025e+05,1.001e+05,1.0001e+05,99957,99995,99874,99896,99925,99863,99918,99946,99813,99722,99688,99737,99925,99972,99905,99887,99872,99854,99924,1.0002e+05,99911,99944,99941,1e+05,1.0008e+05,1.0016e+05,1.0006e+05,99864,99826,99872,99898,99928,99785,99812,99855,99949,1.0004e+05,1.0014e+05,1.003e+05,1.0022e+05,1.0011e+05,1.0014e+05,1.0009e+05,99995,1.0006e+05,1.0001e+05,1.0006e+05,1.0012e+05,1.0006e+05,1.0022e+05,1.0028e+05,1.0022e+05,1.0017e+05,1.0022e+05,1.0031e+05,1.0046e+05,1.0034e+05,1.0014e+05,1.0018e+05,1.0044e+05,1.005e+05,1.004e+05,1.0033e+05,1.0031e+05,1.0052e+05,1.0043e+05,1.0033e+05,1.0024e+05,1.0027e+05,1.0037e+05,1.0035e+05,1.002e+05,1.001e+05,1.0011e+05,1.0023e+05,1.0039e+05,1.004e+05,1.0022e+05,1.0026e+05,1.0037e+05,1.0049e+05,1.0041e+05,1.0026e+05,1.0012e+05,1.001e+05,1.0019e+05,1.0022e+05,1.0033e+05,1.0042e+05,1.0056e+05,1.0058e+05,1.0053e+05,1.0063e+05,1.0079e+05,1.0084e+05,1.0068e+05,1.0054e+05,1.0057e+05,1.0064e+05,1.0059e+05,1.0074e+05,1.0084e+05,1.0082e+05,1.0074e+05,1.0063e+05,1.0065e+05,1.0071e+05,1.0082e+05,1.0081e+05,1.008e+05,1.0072e+05,1.0072e+05,1.0061e+05,1.0062e+05,1.0062e+05,1.0058e+05,1.0055e+05
1.0034e+05,1.0027e+05,1.002e+05,1.0014e+05,1.0014e+05,1.0004e+05,1.0004e+05,99947,99992,1.0007e+05,1.0008e+05,99986,99818,99863,99870,99955,1.0005e+05,99964,99900,99786,99742,99716,99936,99993,99965,1.0001e+05,1.0025e+05,1.0033e+05,1.0025e+05,1.001e+05,1.0006e+05,1.0008e+05,1.0003e+05,1.0006e+05,1.0011e+05,1.001e+05,99992,1.0002e+05,1.0007e+05,1.0001e+05,99930,1.0006e+05,1.0014e+05,1.0015e+05,1.0013e+05,1.0015e+05,1.0013e+05,1.002e+05,1.0025e+05,1.002e+05,1.0007e+05,1.0011e+05,1.0029e+05,1.003e+05,1.0026e+05,1.0015e+05,1.0018e+05,1.0028e+05,1.0018e+05,1.001e+05,1.0014e+05,1.0028e+05,1.0023e+05,1.0016e+05,1.0011e+05,1.0005e+05,1.0005e+05,1.0004e+05,1.0004e+05,99987,1.0006e+05,1.0006e+05,1.0002e+05,1.0001e+05,1.0006e+05,99978,99922,99914,1.0006e+05,1.001e+05,1.0012e+05,1.0021e+05,1.0045e+05,1.0056e+05,1.0054e+05,1.0051e+05,1.0067e+05,1.0077e+05,1.0077e+05,1.0073e+05,1.0059e+05,1.0051e+05,1.0054e+05,1.0058e+05,1.0051e+05,1.0041e+05,1.0039e+05,1.0036e+05,1.0037e+05,1.0049e+05,1.0049e+05,1.0044e+05,1.0045e+05,1.0058e+05,1.008e+05,1.0087e+05,1.0089e+05,1.0085e+05,1.008e+05,1.0098e+05,1.0113e+05,1.0106e+05,1.0088e+05,1.0077e+05,1.0069e+05,1.0058e+05,1.0073e+05,1.0091e+05,1.0089e+05,1.0094e+05,1.01e+05,1.01e+05
1.003e+05,1.0018e+05,1.0008e+05,99985,99912,99884,99962,1e+05,99987,99876,99879,99971,1.0005e+05,1.0008e+05,99968,99893,99972,1.0003e+05,99818,99669,99693,99765,99885,99997,99999,99969,1.0005e+05,99993,99915,99873,1.0003e+05,1.0032e+05,1.0032e+05,1.0015e+05,1.0026e+05,1.0029e+05,1.0017e+05,1.0007e+05,1.0008e+05,1.0017e+05,1.0006e+05,1.0015e+05,1.0011e+05,1.0015e+05,1.0018e+05,1.0026e+05,1.0035e+05,1.0044e+05,1.002e+05,1.0017e+05,1.0027e+05,1.0014e+05,99979,99840,99778,99850,99869,1.0007e+05,1.0039e+05,1.0036e+05,1.0031e+05,1.0038e+05,1.0037e+05,1.0046e+05,1.0041e+05,1.0034e+05,1.002e+05,1.002e+05,1.0023e+05,1.001e+05,1.0023e+05,1.0038e+05,1.004e+05,1.003e+05,1.0027e+05,1.0026e+05,1.0045e+05,1.0042e+05,1.0034e+05,1.0013e+05,1.0005e+05,1.0022e+05,1.0035e+05,1.0024e+05,1.0002e+05,1.0018e+05,1.0022e+05,1.0034e+05,1.0035e+05,1.0045e+05,1.0039e+05,1.0037e+05,1.0036e+05,1.0032e+05,1.0036e+05,1.0044e+05,1.004e+05,1.0043e+05,1.0042e+05,1.004e+05,1.0041e+05,1.0038e+05,1.0037e+05,1.0037e+05,1.005e+05,1.0048e+05,1.0048e+05,1.0054e+05,1.0063e+05,1.0078e+05,1.0078e+05,1.0075e+05,1.0083e+05,1.0077e+05,1.0069e+05,1.0073e+05,1.0084e+05,1.0089e+05,1.0069e+05,1.006e+05,1.007e+05,1.0079e+05
1.0042e+05,1.0036e+05,1.0019e+05,1.002e+05,1.0027e+05,1.0023e+05,1.0024e+05,1.0025e+05,1.0026e+05,1.0019e+05,1.0018e+05,1.0015e+05,1e+05,99770,99753,99696,99540,99712,99722,99908,1.0002e+05,1.0014e+05,1.0005e+05,1.0014e+05,1.0022e+05,1.0024e+05,1.0029e+05,1.0032e+05,1.0023e+05,1.0012e+05,1.0011e+05,1.0001e+05,99981,1.0007e+05,1.0011e+05,1.0014e+05,1.0016e+05,1.0023e+05,1.0021e+05,1.0009e+05,1.0012e+05,1.002e+05,1.0019e+05,1.0005e+05,1.0003e+05,1.0014e+05,1.0018e+05,1.001e+05,1.0005e+05,99995,1.0012e+05,1.0022e+05,1.0033e+05,1.0023e+05,1.0014e+05,1.001e+05,1.0009e+05,1.001e+05,1.0014e+05,1.0014e+05,1.0012e+05,99987,99920,99853,99807,99813,99940,1.0012e+05,1.0015e+05,1.0016e+05,1.0019e+05,1.0004e+05,1.0011e+05,1.002e+05,1.0009e+05,1.0005e+05,1.0013e+05,1.0037e+05,1.0042e+05,1.0021e+05,1.0012e+05,1.002e+05,1.0031e+05,1.0029e+05,1.0038e+05,1.0042e+05,1.0032e+05,1.0022e+05,1.0035e+05,1.0036e+05,1.0044e+05,1.0044e+05,1.005e+05,1.0068e+05,1.0078e+05,1.0063e+05,1.0053e+05,1.0062e+05,1.0057e+05,1.0041e+05,1.0036e+05,1.0044e+05,1.004e+05,1.0053e+05,1.0079e+05,1.0074e+05,1.0056e+05,1.0073e+05,1.0089e+05,1.0075e+05,1.0066e+05,1.007e+05,1.0074e+05,1.0081e+05,1.009e+05,1.0087e+05,1.0095e+05,1.0106e+05,1.01e+05,1.0081e+05,1.0092e+05,1.0111e+05
1.0015e+05,1.0008e+05,1.0009e+05,1.0006e+05,1.0007e+05,1.0008e+05,1.0006e+05,99962,99966,99988,1.0007e+05,1.0002e+05,1.0015e+05,1.0022e+05,1.001e+05,99997,99859,99805,99793,99833,99977,1.0009e+05,99991,99851,99909,99913,99862,99772,99792,99757,99809,99856,99886,99705,99820,1.0009e+05,1.0015e+05,1.0014e+05,1.0009e+05,1.001e+05,1.0032e+05,1.0038e+05,1.0039e+05,1.0052e+05,1.0058e+05,1.0049e+05,1.0039e+05,1.005e+05,1.0048e+05,1.0035e+05,1.0026e+05,1.0012e+05,1.0007e+05,1.0002e+05,99859,99794,99794,99808,99882,99830,99756,99655,99704,99897,99994,99936,99860,99946,1.0025e+05,1.0038e+05,1.0026e+05,1.0019e+05,1.0023e+05,1.0027e+05,1.002e+05,1.0013e+05,1.0014e+05,1.0022e+05,1.0029e+05,1.0027e+05,1.0026e+05,1.003e+05,1.0045e+05,1.0053e+05,1.0055e+05,1.0057e+05,1.0063e+05,1.0065e+05,1.0065e+05,1.0069e+05,1.0049e+05,1.0037e+05,1.0052e+05,1.006e+05,1.0049e+05,1.0032e+05,1.0038e+05,1.0047e+05,1.0053e+05,1.0058e+05,1.0054e+05,1.0031e+05,1.0009e+05,1.0013e+05,1.0022e+05,1.0032e+05,1.0038e+05,1.0045e+05,1.0055e+05,1.0069e+05,1.0053e+05,1.0036e+05,1.0045e+05,1.0058e+05,1.0052e+05,1.0055e+05,1.0065e+05,1.007e+05,1.0088e+05,1.0089e+05,1.0084e+05,1.0095e+05
99932,99995,1.0002e+05,1.0011e+05,1.0013e+05,1.0016e+05,1.0024e+05,1.0026e+05,1.0012e+05,1.001e+05,1.0012e+05,1.0014e+05,1.0021e+05,1.0035e+05,1.0039e+05,1.0035e+05,1.0037e+05,1.0036e+05,1.0032e+05,1.0023e+05,1.0016e+05,99999,1.0002e+05,1.0005e+05,1.0009e+05,1.001e+05,1.0005e+05,1.0004e+05,1.0003e+05,1.0001e+05,99941,99689,99661,99591,99687,99951,99953,99890,99886,99956,1e+05,99940,99876,99958,1.0001e+05,99955,99863,99906,1.0004e+05,1.0018e+05,1.0003e+05,1.0003e+05,1.0016e+05,1.0031e+05,1.0024e+05,1.0027e+05,1.0009e+05,99711,99694,99943,1.0003e+05,99993,1.0006e+05,1.0006e+05,1.0008e+05,1.0013e+05,1.0014e+05,1.0008e+05,1.0004e+05,99985,99931,99881,99921,99959,99837,99815,99807,99948,1.0011e+05,1.0033e+05,1.0036e+05,1.0031e+05,1.0024e+05,1.0032e+05,1.0036e+05,1.0057e+05,1.0045e+05,1.0021e+05,1.0022e+05,1.0039e+05,1.0039e+05,1.0017e+05,1.0028e+05,1.0063e+05,1.0071e+05,1.0056e+05,1.0038e+05,1.0038e+05,1.0054e+05,1.0069e+05,1.0079e+05,1.0078e+05,1.0051e+05,1.0056e+05,1.0071e+05,1.0074e+05,1.0069e+05,1.0075e+05,1.0055e+05,1.0047e+05,1.0043e+05,1.0045e+05,1.0041e+05,1.0043e+05,1.0059e+05,1.0066e+05,1.0078e+05,1.0076e+05,1.0073e+05,1.0082e+05,1.0084e+05,1.0085e+05
1.0029e+05,1.0022e+05,1.0023e+05,1.0046e+05,1.0035e+05,1.0025e+05,1.0013e+05,1.0004e+05,99915,99762,99720,99759,99788,99801,99748,99842,99782,99870,99863,99907,99969,99910,1.0003e+05,1.0015e+05,1.0018e+05,1.0008e+05,99958,99860,99824,99709,99519,99545,99673,99784,99741,99704,99687,99783,99783,99829,99973,99960,99821,99752,99861,99965,1.0003e+05,1.001e+05,1.0017e+05,1.0013e+05,1.0007e+05,1.0012e+05,1.0029e+05,1.0035e+05,1.0027e+05,1.0021e+05,1.0012e+05,1.0014e+05,1.0025e+05,1.0037e+05,1.0033e+05,1.002e+05,1.0015e+05,1.0014e+05,99912,99820,99867,99746,99666,99823,99964,99986,99970,1.0001e+05,1.0014e+05,1.0016e+05,1.0016e+05,1.002e+05,1.0026e+05,1.0033e+05,1.0047e+05,1.0034e+05,1.0036e+05,1.0046e+05,1.006e+05,1.0057e+05,1.0044e+05,1.0038e+05,1.0043e+05,1.0033e+05,1.0027e+05,1.0026e+05,1.0021e+05,1.0026e+05,1.0024e+05,1.0013e+05,1.0002e+05,1e+05,1.0015e+05,1.0039e+05,1.0053e+05,1.0058e+05,1.0059e+05,1.0051e+05,1.0058e+05,1.0068e+05,1.0051e+05,1.0045e+05,1.0057e+05,1.0048e+05,1.0042e+05,1.0045e+05,1.0044e+05,1.0035e+05,1.0025e+05,1.0019e+05,1.0038e+05,1.005e+05,1.0058e+05,1.0057e+05,1.0081e+05,1.0094e+05
1.0014e+05,1.0026e+05,1.0042e+05,1.0044e+05,1.0012e+05,99884,99982,99998,1.0002e+05,1.0008e+05,1.001e+05,1.0001e+05,99840,99672,99647,99690,99651,99698,99861,1.0009e+05,1.0008e+05,1.0008e+05,1.0003e+05,99998,1.0004e+05,99973,99973,99936,99880,99883,99987,1.0006e+05,99984,99922,99889,99903,99852,99886,1.0011e+05,1.001e+05,99942,99916,1.0017e+05,1.0031e+05,1.0021e+05,1.0005e+05,1.0002e+05,1.0003e+05,1.0009e+05,1.0016e+05,1.0023e+05,1.0012e+05,1.001e+05,1.0002e+05,99859,99840,99900,99829,99794,99844,99979,1.0008e+05,1.0012e+05,1.0014e+05,1.0017e+05,1.0023e+05,1.0007e+05,99913,99918,99773,99658,99565,99711,99980,1.0001e+05,99933,1.0009e+05,1.0029e+05,1.0037e+05,1.0047e+05,1.0055e+05,1.0047e+05,1.0043e+05,1.0047e+05,1.0053e+05,1.0053e+05,1.005e+05,1.0043e+05,1.0044e+05,1.0044e+05,1.0056e+05,1.0071e+05,1.0071e+05,1.0068e+05,1.006e+05,1.0063e+05,1.0058e+05,1.0062e+05,1.0068e+05,1.0058e+05,1.0057e+05,1.0044e+05,1.0041e+05,1.0037e+05,1.0038e+05,1.0043e+05,1.004e+05,1.0028e+05,1.0029e+05,1.0026e+05,1.0029e+05,1.0051e+05,1.0058e+05,1.0068e+05,1.0079e+05,1.0082e+05,1.0084e+05,1.0076e+05,1.0074e+05,1.0074e+05,1.0082e+05,1.0085e+05
1.0014e+05,1.0012e+05,1.0012e+05,99957,99853,99754,99797,99961,1.0021e+05,1.0025e+05,1.0019e+05,1.0022e+05,1.0036e+05,1.003e+05,1.0018e+05,1.0013e+05,1.0018e+05,1.0015e+05,1.0012e+05,1.0011e+05,1.0007e+05,1.0002e+05,99986,1.0005e+05,1.0001e+05,99932,99838,99877,99870,99972,99971,99841,99807,99849,99888,99830,99842,99809,99877,99997,1.0005e+05,99895,99799,99754,99657,99742,99697,99971,1.0005e+05,99999,1.0002e+05,99868,99883,1.0009e+05,1.0009e+05,99986,99938,99929,1.0014e+05,1.003e+05,1.0025e+05,1.0022e+05,1.0021e+05,1.0016e+05,1.0011e+05,1.0005e+05,1.0007e+05,1.0007e+05,1.0006e+05,1.0001e+05,1.001e+05,1.0033e+05,1.0029e+05,1.0026e+05,1.0034e+05,1.0039e+05,1.0042e+05,1.0057e+05,1.0057e+05,1.0064e+05,1.0063e+05,1.0055e+05,1.0043e+05,1.0041e+05,1.0048e+05,1.0045e+05,1.0039e+05,1.0035e+05,1.0039e+05,1.0036e+05,1.0051e+05,1.0065e+05,1.0061e+05,1.0038e+05,1.0027e+05,1.0024e+05,1.0013e+05,1.0013e+05,1.0017e+05,1.0021e+05,1.0026e+05,1.0033e+05,1.0057e+05,1.009e+05,1.0084e+05,1.0082e+05,1.0062e+05,1.0067e+05,1.0082e+05,1.0092e+05,1.0085e+05,1.0078e+05,1.0078e+05,1.007e+05,1.0065e+05,1.0072e+05,1.0073e+05,1.0077e+05,1.0065e+05,1.006e+05,1.0052e+05,1.0055e+05
1.0031e+05,1.0041e+05,1.0046e+05,1.0044e+05,1.0026e+05,1.0017e+05,1.0016e+05,1.0026e+05,1.0027e+05,1.0028e+05,1.0014e+05,99998,99968,99943,1.0002e+05,1.0003e+05,1.0012e+05,1.0011e+05,1.0008e+05,1.0008e+05,99989,99940,99950,99827,99814,99808,99853,99874,99851,99924,99918,99963,99992,1.0007e+05,1.0021e+05,1.0031e+05,1.004e+05,1.0045e+05,1.0034e+05,1.0025e+05,1.0022e+05,1.0016e+05,1.0024e+05,1.0032e+05,1.002e+05,1.0009e+05,1.001e+05,1.0009e+05,99966,1.0002e+05,1.0006e+05,1.0008e+05,1.0003e+05,99897,99678,99741,1.0004e+05,1.0018e+05,1.0015e+05,1.0019e+05,1.0025e+05,1.0022e+05,1.001e+05,99948,99971,1.0023e+05,1.0029e+05,1.002e+05,1.0015e+05,1.0025e+05,1.0033e+05,1.0043e+05,1.0038e+05,1.0037e+05,1.0034e+05,1.0047e+05,1.0048e+05,1.0025e+05,1.0023e+05,1.0053e+05,1.0066e+05,1.0049e+05,1.0041e+05,1.003e+05,1.0026e+05,1.0032e+05,1.0041e+05,1.0035e+05,1.0034e+05,1.0025e+05,1.0009e+05,1.0011e+05,1.0037e+05,1.0049e+05,1.0038e+05,1.0021e+05,1.0033e+05,1.0034e+05,1.0024e+05,1.0025e+05,1.0029e+05,1.0027e+05,1.0048e+05,1.0058e+05,1.0049e+05,1.0039e+05,1.0043e+05,1.0047e+05,1.0045e+05,1.0039e+05,1.0041e+05,1.0058e+05,1.0076e+05,1.0087e+05,1.0075e+05,1.0076e+05,1.0088e+05,1.01e+05,1.0108e+05,1.0104e+05,1.0108e+05,1.0103e+05
99990,1.0024e+05,1.0026e+05,1.0014e+05,1.0002e+05,1.0005e+05,99992,99818,99734,99739,99755,99882,99926,99906,99859,99780,99618,99705,99671,99770,99810,99688,99730,99709,99603,99710,99718,99691,99864,99935,1e+05,99982,1.0007e+05,1.0018e+05,1.0022e+05,1.0017e+05,1.0012e+05,1.0027e+05,1.0023e+05,1.0014e+05,99978,99900,99873,99837,99805,99794,99791,99756,99722,99691,99759,99798,99825,1.0004e+05,1.0039e+05,1.0044e+05,1.0029e+05,1.0017e+05,1.0018e+05,1.0001e+05,99960,99930,99980,99997,99993,99960,99897,99821,99886,99862,99969,1.0001e+05,99859,99926,1.0012e+05,1.0024e+05,1.0024e+05,1.0025e+05,1.0027e+05,1.0035e+05,1.0047e+05,1.0041e+05,1.0048e+05,1.0041e+05,1.0031e+05,1.0037e+05,1.0035e+05,1.0021e+05,1.0016e+05,1.0026e+05,1.0027e+05,1.0021e+05,1.0006e+05,1.0002e+05,1.0002e+05,1.0019e+05,1.002e+05,1.0009e+05,1.0004e+05,1.0013e+05,1.0034e+05,1.0035e+05,1.0024e+05,1.0031e+05,1.0032e+05,1.0031e+05,1.0029e+05,1.0033e+05,1.003e+05,1.0047e+05,1.0067e+05,1.0067e+05,1.0055e+05,1.0056e+05,1.0054e+05,1.0056e+05,1.0073e+05,1.0078e+05,1.0076e+05,1.0074e+05,1.0078e+05,1.0081e+05
99890,99881,99812,99853,99845,99772,1.0003e+05,1.0011e+05,1.0007e+05,99951,99934,99930,1.0006e+05,1.0008e+05,99920,99789,99704,99770,99736,99662,99758,99864,99779,99733,99830,99887,99985,99997,99943,99833,99744,99734,99504,99515,99709,99738,99661,99763,99869,99967,1.0014e+05,1.0015e+05,1.0008e+05,1.0001e+05,1.0006e+05,1.0025e+05,1.0019e+05,99922,99793,99905,1.0001e+05,99872,99697,99736,99905,99854,99768,99797,99927,99960,99957,1.0006e+05,1.0002e+05,99845,99867,99992,99993,1.0004e+05,1.0009e+05,1e+05,99943,1.0002e+05,1.0001e+05,1.0004e+05,1.0013e+05,1.0027e+05,1.003e+05,1.0029e+05,1.0018e+05,1.0008e+05,1.0012e+05,1.0022e+05,1.0036e+05,1.005e+05,1.0046e+05,1.0045e+05,1.0032e+05,1.0016e+05,1.0026e+05,1.0032e+05,1.0029e+05,1.0017e+05,1.0015e+05,1.0025e+05,1.0013e+05,1.0016e+05,1.0019e+05,1.0029e+05,1.0036e+05,1.0041e+05,1.0043e+05,1.0041e+05,1.0028e+05,1.0033e+05,1.0041e+05,1.0028e+05,1.0018e+05,1.0033e+05,1.005e+05,1.0063e+05,1.0062e+05,1.0065e+05,1.0068e+05,1.0074e+05,1.0068e+05,1.0067e+05,1.0081e+05,1.0106e+05,1.011e+05,1.01e+05,1.0094e+05,1.0091e+05
1.0009e+05,1.0009e+05,1.0004e+05,1.0012e+05,1.0011e+05,99958,1.0002e+05,99902,99843,99872,99985,99847,99760,99688,99658,99650,99711,99837,1.0003e+05,1.0002e+05,99924,99947,99851,99813,99946,99999,99922,99945,99994,1.0003e+05,99847,99780,99804,99816,99948,1.0018e+05,1.0019e+05,1.0003e+05,99884,99833,99926,99948,99936,99951,99996,99979,99936,99775,99719,99920,99778,99747,99769,99740,99672,99667,99865,1.0003e+05,1.0002e+05,99849,99741,99763,99912,1.0015e+05,1.0023e+05,1.0025e+05,1.0031e+05,1.0037e+05,1.0029e+05,1.002e+05,1.0018e+05,1.0033e+05,1.0028e+05,1.0011e+05,1.0018e+05,1.0031e+05,1.0022e+05,1.0015e+05,1.001e+05,1.0012e+05,1e+05,1.0001e+05,1.0012e+05,1.0013e+05,1.0017e+05,1.0014e+05,1.0017e+05,1.0027e+05,1.005e+05,1.0053e+05,1.0051e+05,1.0053e+05,1.0059e+05,1.006e+05,1.0052e+05,1.005e+05,1.0047e+05,1.0059e+05,1.0067e+05,1.0078e+05,1.0082e+05,1.0061e+05,1.0062e+05,1.0079e+05,1.0073e+05,1.005e+05,1.0027e+05,1.0031e+05,1.003e+05,1.0034e+05,1.0021e+05,1.0018e+05,1.0018e+05,1.001e+05,1.0011e+05,1.0031e+05,1.0061e+05,1.0078e+05,1.0072e+05,1.006e+05,1.0039e+05,1.0038e+05
1.0031e+05,1.0035e+05,1.0012e+05,99966,99850,99741,99649,99593,99625,99758,99820,99967,99923,99986,1e+05,99910,99848,99776,99679,99622,99810,99962,99916,99823,99957,1.0026e+05,1.0038e+05,1.0022e+05,1.0007e+05,1.0005e+05,1.0023e+05,1.0021e+05,99971,99944,1.0009e+05,1.0018e+05,1.001e+05,99968,99955,99974,99911,99879,99946,99881,99741,99770,99766,99734,99769,99890,99824,99740,99776,99987,1.0022e+05,1.0037e+05,1.0033e+05,1.0006e+05,1.0003e+05,1.0003e+05,1.0002e+05,99954,99931,99853,99828,99832,99881,99950,1.0009e+05,1.0029e+05,1.0029e+05,1.002e+05,1.0017e+05,1.0021e+05,1.0019e+05,1.0028e+05,1.0046e+05,1.0055e+05,1.0074e+05,1.0072e+05,1.0053e+05,1.0037e+05,1.0043e+05,1.0052e+05,1.0052e+05,1.0051e+05,1.0043e+05,1.0033e+05,1.0042e+05,1.0033e+05,1.002e+05,1.0001e+05,99933,1.001e+05,1.0022e+05,1.0018e+05,1.0021e+05,1.0031e+05,1.0035e+05,1.0031e+05,1.0029e+05,1.0039e+05,1.0058e+05,1.0062e+05,1.0056e+05,1.0058e+05,1.0053e+05,1.0042e+05,1.0039e+05,1.0055e+05,1.0056e+05,1.0048e+05,1.0055e+05,1.0071e+05,1.0071e+05,1.0081e+05,1.0092e+05,1.0102e+05,1.0112e+05,1.0115e+05,1.0109e+05,1.011e+05
