35.606,79.524,44.18,31.215,20.101,54.787,23.413,33.897,20.832,25.108,118.97,154.53,258.17,718.44,249.61,136.11,52.895,70.419,110.61,149.67,42.087,50.363,114.74,294.79,445.86,379.63,319.84,463.61,421.87,274.82,363.11,373.08,413.94,273.84,773.7,719.68,1428.2,677.95,799.35,1343.6,848.24,606.51,370.58,168.78,136.07,290.33,656.96,739.63,980.82,1106.7,912.7,1451.6,1305.1,808.85,1004.2,1137.7,546.84,1280.6,1525.5,791.96,626.48,2357.3,1072.6,1279.4,765.21,656.06,1503.5,1240.8,1361.4,1277.7,1233.7,1380.4,898.43,1238.9,1405.2,1001,462.02,711.94,1155.4,913.04,648.17,855.9,1385.7,994.76,991.52,1686.2,719.81,421.66,608.56,1351.3,761.18,770.53,990.32,1151.9,1625.3,815.02,445.74,338.58,96.877,115.09,93.064,36.22,50.481,86.041,75.289,126.42,45.071,34.798,13.756,28.651,32.89,49.158,217.72,414.86,881.87,1265.1,741.31,135.69,19.833,18.078,0.52164,0
0,3.194,6.1065,87.791,26.675,76.522,102.79,202.64,174.35,241.1,251.16,125.65,194.62,148.22,77.495,27.362,26.516,65.09,215.33,56.902,9.9368,76.917,101.42,77.201,95.745,147.64,99.056,120.63,129.8,125.31,420.29,541.08,718.92,668.53,836.51,1259.3,817.92,849.12,1061.2,760.53,103.06,431.68,1139.5,941.67,1202.2,2656.3,3299.2,1641.8,646.91,528.83,1579,1520.8,661.7,571.06,966.56,937.6,440.56,639.32,1447.7,1410.6,1011.7,422.79,154.93,182.68,435.23,259.45,274.76,716.31,661.12,517.52,324.16,94.841,69.042,136.72,28.546,65.625,87.364,5000,370.14,815.48,1087.7,1616.8,1391.2,699.56,648.76,2048.2,1706.6,1828.4,1582.9,814.52,748.71,722.18,954.63,1839.8,1489.4,878.91,636.37,606.13,947.37,1196.1,1186.6,818.44,1282.4,940.59,636.9,481.62,475.37,560.89,865.97,1004.7,664.33,665.63,677.93,509.87,283.81,5000,208.57,388.41,63.023,1.5225,21.701,63.62
15.687,9.8441,27.611,36.162,38.701,38.14,0.61042,3.592,21.049,14.824,40.786,22.264,62.42,191.16,140.77,296.51,150.3,252,225.99,167.07,118.05,76.455,106.5,200.71,454.09,643.78,844.42,485.17,297.74,301.76,499.69,375.54,416.37,213.44,389.7,148.28,276.21,297.31,407.84,168.08,407.22,738.92,1349.4,1284.7,1303.8,868.58,5000,608.47,1571.6,1740.8,1658.7,1747.8,1678.8,2247.3,1404.2,1248.1,933.34,812.94,921.91,1204.8,982.4,1293.3,1403.4,1715.8,1077.7,1100.7,1307.1,1981.9,1386.3,577.5,279.21,182.14,366.5,628.53,380.74,361.33,563.58,656,507.98,930.41,817.6,1015.1,691.7,994.14,1647.8,1288.9,1167.2,989.45,342.44,131.78,180.74,763.94,868.35,1651.1,836.05,448.33,904.71,1557.8,1327.3,1370.6,1072.7,810.41,524.77,496.37,1266.5,1091.1,584.36,124.37,263.9,388.92,543.55,335.69,222.81,676.87,489.79,5000,366.1,343.55,455.78,238.83,257.43,384.65
141.33,67.022,61.808,69.226,174.68,32.581,154.62,99.248,340.27,298.36,394.56,461.31,122.07,349.01,320.71,262.74,434.6,619.85,675.82,910.4,1143.8,725.82,575.81,440.11,276.1,252.03,333.72,351.47,369.08,479.99,457.23,649.55,955.07,1189.6,769.36,1052.5,739.11,627.71,1247.5,1770,478.56,151.2,194.37,575.7,728.02,767.28,425.15,612.23,416.59,520.65,626.55,790.62,869.36,555.09,202.27,178.44,261.82,205.97,314.19,541.11,523.81,341.81,543.97,871.28,375.85,596.86,812.81,880.06,1062.2,710.85,449.34,579.14,524.29,394.26,903.08,769.04,5000,193.95,182.26,239.18,412.24,388.81,784.43,5000,57.895,66.332,85.318,263.7,443.87,695.89,492.81,268.47,144.62,73.076,13.594,23.276,279.27,550.45,523.39,885.5,495.31,224.55,402.84,302.46,593.57,1454.4,1793.5,1000.2,188.65,74.001,47.503,77.92,16.191,1.4513,4.4374,10.974,21.232,6.4008,2.9389,0,0,0
8.2367,16.037,39.364,39.435,70.697,45.079,61.579,29.762,35.825,15.506,27.516,18.051,19.624,78.567,73.677,22.158,27.705,33.249,11.004,26.991,24.041,59.226,71.111,34.044,169.96,179.37,123.01,420.18,307.39,763.63,1523.2,1542.8,579.23,1182.5,1304.8,1755.3,2370.6,2366.3,860.13,289.48,922.14,1700.7,1300.3,1024.3,785.2,292.09,209.23,464.33,569.18,640.31,1286.1,2027,2275.7,1766.5,1011.7,500.31,214.3,166.76,292.83,174.66,253.1,251.52,358.66,359.29,521.8,868.13,686.05,646.45,473.39,276.04,155.71,378.52,389.65,293.03,413.28,795.73,348.43,641.05,815.06,470.71,371.54,555.36,856.19,555.81,5000,560.39,597.89,900.02,929.21,549.61,408.87,285.53,65.985,81.762,284.66,1003,513.86,432.32,1011.7,1069.5,1660.8,1937.5,1169.5,977.9,1092.9,1693.4,1006.7,862.75,324.23,157.21,21.153,8.3762,14.847,154.79,46.227,304.72,794.3,931.5,614.97,142.31,348.72,369.07
7.2645,12.732,9.9028,14.183,7.9631,15.746,6.5505,91.921,100.95,390.72,201.27,237.09,235.84,191.06,347.24,270.28,158.16,298.76,612.37,1383.8,1829.9,792.79,409.09,1539.3,1400,1241.3,751.43,844.25,1575.6,1179.8,1539.4,2217.1,1437.5,696.14,750.17,668.55,895.47,1140.3,1146.7,1197.3,1261.7,729.8,606.72,634.02,235.73,382.84,447.73,638.82,863.24,1650.7,961.38,1568.4,2005.2,2018.7,1482.3,755.31,1746.3,1494.1,913.05,620.27,709.69,594.38,488.88,318.38,136.95,207.42,273.58,579.74,847.78,835.67,819.11,696.63,569.26,437.64,148.91,154.79,81.145,5000,295.28,317.58,340.24,428.06,703.09,665.27,5000,715.64,1094.9,1189.4,1306.2,1669.8,1686.6,1462.9,625.47,286.43,273.68,823.58,881.69,1298.1,1302.8,992.26,1210.4,913.39,1198.9,1404.7,1918,1529,390.02,99.294,82.718,94.244,76.518,51.816,26.113,23.008,5.3107,59.127,331.15,1062.2,935.28,782.5,721.05,535.29
14.14,1.3664,9.3732,101.51,141,22.487,58.717,28.596,4.4018,24.782,9.6427,202.49,169.83,365.02,383.7,717.46,635.53,289.03,481,1057.9,1167.6,808.47,632.6,250.88,238.26,531.97,572.1,459.68,682.13,866.02,752.01,362.22,286.36,264.02,443.24,65.694,49.865,85.942,131.29,231.82,125.04,177.55,288.02,257.45,297.44,401.86,295.76,230.41,582.95,1034.1,1185.1,1337.9,1654.2,1610,1167.6,780.15,1428.1,1597.4,1469.9,1876.8,1073.7,886.59,1613.5,1978.7,1827.7,972.15,1662.4,1551.5,883.38,1054.8,1257.9,1185.4,1198.7,1994.2,1632.9,2689.6,5000,5000,1458.6,1491.2,1830,1504.6,941.22,608.84,780.96,1168.7,1083.8,936.85,421.18,858.31,385.04,258.72,87.95,225.28,247.48,270.32,366.25,471.14,495.84,468.62,336.28,262.6,180.88,166.09,88.667,8.8101,18.183,3.8925,1.6055,9.4449,27.521,44.071,155.48,149.27,32.705,7.0595,18.163,4.7514,23.94,0.25695,1.7104,10.14
0,1.4245,4.1212,7.6644,20.376,24.69,6.0989,1.6024,17.45,7.2966,54.795,52.9,227.63,80.764,226.23,182.31,415.92,553.39,561.21,134.65,85.92,209.13,243.99,496.77,1199,1552.4,910.42,409.78,616.58,765.51,1100.6,861.67,623.17,573.38,1351.4,2203.7,1642.3,1320.8,963.35,1219.6,1642.9,1310,580.7,886.48,5000,539.93,760.03,725.82,1010.4,975.49,989.12,1031.1,720.6,318.39,905.08,669.05,477.27,1179,1688.4,878.87,406.22,597.6,1562,1048.3,1059.1,795.39,578.7,1070.7,802.2,480.76,751.5,1034.2,749.98,698.89,806.31,1388.7,1280.3,897.94,826.71,417.95,795.9,1263.9,1068.9,676.34,1030.9,1557.9,501.33,406.39,666.9,648.2,1149.8,921.78,413.9,178.54,223.34,490.12,366.42,188.18,648.42,350.83,385.98,444.89,269.97,192.47,228.63,214.44,140.41,212.92,160.49,284.59,53.919,80.559,160.76,77.456,34.505,58.973,119.23,42.618,127.68,152.77,232.16,335.69
167.11,125.87,139.17,171.83,311.07,535.07,611.26,979.11,893.3,603.93,634.96,794.78,1201.2,879.12,345.24,696.42,536.52,303.56,121.38,148.24,196.02,207.35,185.07,364.26,479.42,510.27,1543.4,2171,1647.5,1380.6,1160.2,1031.4,819.75,1024.6,869.36,441.62,487.84,916.6,936.03,884.95,888.13,1234.5,1053.3,1639.2,1324.4,5000,2452.6,1735.5,721.81,954.25,795.38,675.98,987.41,825.29,1205.2,1340.3,948.8,1160.8,1056,980.67,5000,1253,2122.8,1628.1,428.58,232.55,397.07,401.4,353.6,172.1,95.184,35.129,8.3467,32.149,33.612,69.29,220.02,280.91,202.95,458.75,285.35,400.47,839.82,751.22,692.94,814,1581.7,1314.7,1735.4,739.22,1037.4,1588.6,1039.7,422.97,618.44,978.32,814.29,815.66,875.06,575.69,328.12,120.07,27.545,21.872,41.086,76.455,324.32,499.66,521.06,237.54,134.13,30.113,264.45,1188.2,702.88,408.91,509.9,534.29,200.86,183.31,108.89,111.72
203.38,88.369,34.015,206.37,362.14,560.77,357.16,241.97,183.28,432.74,627.09,320.47,611.86,850.92,1775.4,1583,1140.3,837.87,565.36,440.21,452.7,501.39,475.25,514.78,999.05,618.99,849.75,1287.7,1144.5,1056.6,1254.2,1258.8,1370.8,1851.7,2963.7,2319.2,670.16,287.2,303.56,712.62,404.1,150.03,56.411,80.739,24.577,44.723,24.275,116.82,109.95,245.7,407.67,653.25,691.47,772.04,559.28,392.97,380.16,554.92,801.49,765.61,524.16,1063.6,1551.7,1766.2,2693.9,1843.8,918.76,940.78,2245.3,1833.2,1085.4,739.82,1230.9,1463,1141,479.36,552.7,415.29,301.25,290.8,197.68,374.69,712.29,910.82,1210.8,1040.3,517.25,647.56,1129.5,1069.1,436.95,256.12,371.59,378.78,663.63,993.73,1045.5,1451,1138.2,1014,1138.9,389.92,109.58,354.78,389.84,433.4,587.77,628.35,697.94,343.66,296.53,320.67,724.5,577.77,487.29,302.35,415.34,684.99,607.91,399.15,763.4,1015.5
132.18,171.14,204.5,128.32,287.27,358.82,349.14,143.07,574.99,647.9,1043.7,2134.1,1442.7,1289.7,990.03,982.18,760.19,563.67,825.95,1355.6,1140.2,589.05,259.58,433.03,139.34,94.353,35.736,17.782,45.288,74.179,85.622,163.37,183.43,99.076,333.67,441.78,557.52,1002.6,974.84,1150.6,823.91,1320.2,997.32,712.04,153.29,36.787,52.361,59.303,16.659,7.5145,14.543,27.813,42.733,64.306,14,114.3,102.17,658.97,371.81,136.52,259.86,944.21,729.48,1048.5,885.83,619.12,1304.7,784.01,258.38,540.18,513,369.28,583.17,470.31,989.49,989.82,648.58,661.59,996.17,1171.4,766.35,889.58,1123.4,1751.8,603.45,196.52,289.02,226.91,606.1,734.74,1205.3,853.26,1101.7,946.12,842.81,1076.3,1282.1,1049.6,836.58,797.48,806.08,846.85,1007.1,534.4,713.83,633.74,325.01,368.83,337.01,402.78,359.08,311.21,553.66,218.29,126.49,5000,1035.3,1750.6,859.23,130.8,75.454,10.964
4.3443,3.3822,5.9604,0,0,16.651,39.901,58.688,18.52,49.47,89.98,51.191,42.842,48.146,64.314,179.22,144.91,285.34,333.69,355.94,576.31,475.04,309.62,58.794,30.725,41.072,164.09,470.24,254.88,539.73,180.71,656.71,188.91,444.85,523.33,911.59,764.96,317.71,487.73,932.63,677.45,1180.1,578.93,373.35,573.33,5000,756.99,809.86,1187.1,1463.6,1488.2,1358.7,5000,1084.7,1794.2,2205.4,1258.4,1661.5,2171.6,1436.2,428.56,563.26,791.78,1555,2078.6,1790.5,804.82,509.29,1180.7,1829.1,917,471.84,137.4,322.11,948.17,653.87,248.53,256.88,266.5,260.97,115.45,137.09,111.4,80.147,361.03,318.47,538.24,797.78,1311.8,1498.4,1060.8,518.2,294.45,465.02,601.9,550.85,601.34,1156.9,398.48,75.224,34.263,22.87,110.37,20.926,28.88,67.283,2.3727,0.9524,0.39988,1.4343,0.47899,1.3426,1.7508,4.5098,28.973,38.075,609.61,634.17,64.212,405.2,456.74,123.46
74.593,98.033,42.436,58.897,586.29,342.46,443.41,705.91,1018.6,1038.1,1226.8,1506.5,1270.9,884.79,5000,137.51,214.01,169.34,388.72,171.65,604.23,692.94,534.44,776.87,1056,1762.3,1785.9,1169.5,1497.2,920.31,323.33,189.57,198.36,277.64,424.49,712.16,500.07,644.99,646.58,517.85,183.07,232.34,938.56,822.73,1118.5,893.64,1018.2,1985.9,2120.7,921.86,523.63,740.83,743.47,742.03,1293.4,2066.1,2696.3,1200.5,361.01,659.2,5000,2176.5,2194.3,1257.5,608.23,641.83,1694.9,754.3,768.17,1069.9,632.03,187.52,121.62,64.131,49.882,56.856,46.385,22.75,38.193,122.42,225.95,304.48,935.71,1548.7,5000,1667.2,685.49,443.43,446.2,306.7,308.07,716.95,1002.2,1260.8,1139,814.51,437.46,655,488.11,178.57,252.56,393.83,153.91,90.18,132.81,117.85,67.814,390.53,599.66,332.42,135.25,18.792,40.233,30.315,1.4457,2.6539,23.375,23.247,34.651,31.093,105.31,49.044
179.91,227.53,318.04,419.51,279.17,347.62,400.21,363.97,236.36,91.334,130.81,187.06,274.3,224.92,161.17,116.41,706.08,621.43,647.71,469.56,385.08,458.28,609.6,1044.6,645.36,474.73,1488.1,1080.7,554.83,191.13,522.44,719.72,1037,1333.7,1044.5,755.87,1008.1,1051.9,1416.2,1188.2,1633.8,1952.2,1727,978.72,1349.8,2199.9,1620.7,1221.9,1084.9,1464.6,1562.1,1008.1,1625.6,1074.5,1254.8,1152.2,685.39,925.01,1009.4,1170.3,1533.4,997.61,995.66,1564,1933.8,1218.4,729.25,958.9,618.5,723.91,708.7,365.04,435.89,331.13,495.47,448.35,249.92,791.47,1285.4,539.02,431.53,1163,815.29,582.18,5000,1023.5,459.34,480.54,73.833,292.29,241.37,96.081,89.123,159.58,441.65,445.2,553.71,601.65,449.99,1138.1,602.17,439.23,831.89,517.18,598.68,620.85,668.81,1791.7,1994.4,1476.3,823.45,414.37,348.2,149.31,242.45,304.19,374.45,227.2,145.01,60.613,87.945,51.659
34.628,53.448,6.17,25.722,16.698,5.98,4.1497,4.0995,9.6906,64.92,77.967,120.56,171.27,238.59,469.98,247.16,237.27,146.87,205.29,198.82,94.789,95.903,5000,728.16,800.93,1411.9,1235.2,1263.8,1150.3,1541.8,1308.8,1330,847.09,1134.3,338.34,289.97,145.19,30.966,11.871,35.062,35.079,123.53,279.64,425.8,605.3,651.4,498.03,175.87,432.61,674.89,713.55,638.76,375.3,970.65,1640.4,1849,1105.3,793.89,1284.7,1719.2,1780.5,1037,652.9,1689.7,2252.8,1383.3,970.39,644.54,1537.7,1098.4,146.89,8.1709,47.383,112.34,40.021,210.79,181.61,180.19,118.89,481.04,586.33,668.28,779.05,827.72,5000,558.29,301.39,277.73,840.09,1637.2,1665.2,1551.1,790.73,646.64,479.95,188.71,236.75,496.61,384.96,311.94,356.15,869.14,1337.3,936.68,960.37,731.53,179.23,196.72,752.2,381.91,343.02,458.81,962.77,535.34,546.86,5000,571.37,313.16,269.45,174.91,64.942,78.168
275.84,571.46,146.92,146.61,170.24,237.1,229.63,447.2,753.1,811.01,882.4,991.96,464.95,986.28,2135.7,2024.3,503.61,84.367,131.16,335.27,1041.5,675.38,451.5,874.62,925.47,359.31,256.49,106.27,119.63,46.716,193.76,34.054,113.7,418.82,361.95,487.2,310.02,802.91,1042.3,544.62,674.74,1063.2,821.8,578.55,5000,5000,1021.1,490.64,586.72,792.58,404.4,549.95,382.36,404.64,484.28,588.35,420.84,843.33,963.53,601.49,335.54,878.83,909.15,572.28,664.44,716.93,1096.3,906.11,435.24,702.84,824.76,653.18,368.21,585.04,1955.9,1687.5,1569.6,1308.8,1009.4,788.48,1350.1,1277.2,1052,450.12,766.29,1458.5,996.72,730.52,757.71,485.44,369.9,290.07,115.22,117.3,240.28,279.17,147.45,157.91,220.71,239.81,371.76,231.92,362.76,684.66,903.41,581.04,343.79,285.06,395.76,489.69,669.46,832.89,515.82,403,1070,1207,1349.9,775.88,503.72,236.65,63.518,37.515
63.8,136.08,169.71,201.89,207.26,178.99,318.22,465.04,660.42,511.03,600.57,364.96,712.76,517.22,1031.1,1267.3,1309.5,634.4,824.65,1373.7,1102,514.97,228.53,134.14,351.69,573.14,1007,1141.3,1759.4,1304.3,919.14,1414.5,2175.6,2317.6,1585.4,693,272.83,167.37,396.71,272.32,445.02,406.6,664.73,508.33,786.63,719.71,1378.9,1194.5,931.89,751.36,792.23,1115.5,1335.3,1532.1,1247.1,1296.3,1258.6,960.82,747.41,847.99,1470.8,1554.5,1723.4,1367.6,1028.7,902.68,1011.2,1055.2,1541.5,1836.6,1643.6,1335.3,1625.2,1613.1,1138.3,672.21,573.9,657.31,930.76,757.77,547.96,823.81,1047,1487.6,1003.2,1314.5,1551.7,1183.5,1240.9,824.21,384.39,560.41,1236.5,1064.3,1600.2,1451.1,464.18,521.53,1168.4,2086.4,1569.9,874.57,224.08,399.67,815.35,991.47,1016.1,1317.8,1225.1,1429.3,1190.7,1187.6,662.76,705.21,833.75,793.23,812.89,627.91,594.12,279.49,892.91,919.04
603.72,754.24,573.78,133.81,62.413,66.336,170.3,204.41,151.44,169.96,390.61,652.34,588.04,553.15,884.83,1262,1619.9,1501.4,940.7,685.7,698.69,760.81,428.79,219.55,406.54,401.09,256.84,476.67,416.72,1075.6,787,536.34,996.24,629.42,1346.2,1607,449.32,578.71,269.39,114.66,67.447,12.545,16.838,2.3802,13.562,14.222,65.804,110.78,69.396,102.67,56.446,54.752,31.063,68.388,76.986,138.54,469.53,647.39,955.66,1629.6,1314.5,634.58,1273.7,1061.5,1156.8,726.98,1345.8,759.56,432.27,158.92,187.72,309.08,224.61,120.31,167.73,640.69,1292.3,738.92,924.68,1097.9,1310.5,1353.9,1366.5,1285.4,1095.1,648.88,430.83,631.43,1266.5,783.66,1093.7,735.55,726.42,813.6,557.75,697.75,719.08,771.85,480.85,435.59,289.49,108,98.073,251.59,347.83,101.85,51.699,44.2,64.289,83.491,73.653,22.139,34.916,6.7554,32.474,6.6312,0.14481,1.4079,2.6023,0.53271,0,1.9941
77.465,133.05,176.99,98.648,22.776,127.59,415.33,1199.2,1052.8,845.66,1052.3,1568,1811.5,1952.5,1251.1,447.51,567.21,957.4,544.56,279.06,96.14,12.606,6.4184,18.902,52.784,409.55,558.89,702.57,455.65,644.57,1178.7,1656.6,1251.6,455.86,765.92,1946.8,1756.4,966.18,1018.3,1081.5,669.54,865.14,1492.2,1100.5,750.24,822.46,624.56,873.11,1524.5,1714.8,1062.7,646.42,826.18,625.72,695.19,1076.1,1831.7,1774.4,1247.5,651.78,5000,1210.5,2629.6,2422.2,1601.2,821.15,959.94,1381.3,2011.9,1521.8,461.65,539.04,918.22,1388.7,1573.2,1141.6,683.65,705.64,1128.5,1818.7,1176.1,1284.1,2004.6,1698.4,5000,998.79,698.89,1480.5,1681.4,1657.5,1193,692.04,1033.1,910.81,588.21,724.8,1089.5,874.8,655.41,462.68,111.01,27.253,22.121,19.848,111.97,137.34,122.27,296.46,158.47,293.72,503.17,337.45,312.34,197.35,129.88,81.567,154.94,177.53,47.154,285.22,272.11,753.02
4.5253,9.704,4.9331,10.678,42.394,116.91,19.263,25.186,103.59,233.44,330.06,684.63,596.99,5000,533.66,220.63,44.547,118.86,132.6,735.64,1465.5,1631.2,1335.9,664.56,186.58,87.722,50.05,10.069,24.94,89.156,43.059,80.478,557.16,391.17,673.87,1273,1454.4,1164,1324.2,771.73,1362.7,1251.2,804.7,717.66,1197.9,1217.2,1161,498.23,253.26,898.9,889.61,1037.9,1491.1,1864,1786.7,928.37,494.13,369.66,268.01,637.47,1146.9,1585,593.24,556.68,470.3,353.45,274.91,1794.1,1130.5,200.31,91.804,254.28,74.038,109.22,64.74,91.831,87.038,130.4,190.11,372.28,269.81,250.23,111.48,149.29,399.91,328.62,1542.8,1442.8,626.72,279.52,207.75,333.26,281.55,20.542,23.063,33.329,18.8,190.7,445.68,709.21,1046.5,986.93,519.02,24.802,63.78,116.67,199.13,54.794,87.732,112.39,67.262,27.36,79.934,172.9,66.337,159.08,110.45,38.983,19.655,34.678,1.5167,0.14457
19.533,1.2593,0,9.9557,39.946,7.0621,80.377,46.412,130.03,217.16,364.23,496.19,486.2,167.83,481.01,614.86,649.21,645.1,1112.8,1190.6,1194,1494.3,1341.4,524.27,595.76,484.78,451.57,678.8,615.08,470.06,130.36,61.575,208.03,271.43,289.04,473.22,317,723.46,440.59,385.06,421.87,672.72,730.63,596.53,907.68,287.14,5000,878.14,983.2,761.06,782.51,1415.5,1293.4,846.73,264.91,1251,2335.6,2670,2493,1912.2,5000,1296.6,1039.8,1054.9,817.59,664.22,1280.3,1360.5,1386.6,1463.5,1425.1,1262.9,1384.2,1599.6,764.72,377.31,880.99,700.7,1003.7,768.48,246.83,126.45,322.16,843.39,822.84,586.32,272.32,484.91,308.23,1090.1,489.15,716.18,1584.8,1473.3,1473.9,1432.9,1510.5,1643.8,950.5,938.72,587.95,802.14,793.44,949.02,709.5,845.32,943.18,616.11,5000,1062.7,1939,1238.4,633.13,390.1,263.68,258.9,44.097,51.192,39.834,59.19,22.051,10.568
361.4,443.03,501.5,346,245.63,107.5,77.603,87.186,81.038,153.19,39.856,49.573,160.61,132.41,160.34,457.33,646.66,307.47,389.04,341.78,219.04,641.06,830.16,792.83,790.6,737.23,1508.3,1101.8,846.44,977.99,1186.7,808.34,561.57,491.59,1081.4,920.02,668.6,528.09,1357.6,825.24,555.36,1512.2,1409.8,1173.3,1080.4,973.98,377.11,535.02,673.71,1170,719.91,669.67,990.63,1353.3,1584.8,1640.1,949.27,1603,1712.5,1402.2,1611.9,923.89,900.55,1022.7,1308.2,815.8,432.79,388.05,462.52,151.92,125.01,80.778,122.91,68.696,65.92,79.203,150.9,363.71,773.48,1899.9,1621,1665.4,989.67,335.77,308.49,524.11,765.03,665.71,699.18,995.83,1025.6,616.7,630.64,815.64,837.72,1478.7,1501.3,1510.6,985.15,679.54,516.15,663.43,1296.5,957.63,449.07,1108.3,1070.3,1274.9,1260.8,1261.3,1272,1088.9,1165.5,784.88,588.55,286.55,424.24,84.825,23.855,91.479,47.334,33.219
0,0.24911,1.5266,16.961,15.59,0,0,7.1101,0.67564,0.11357,4.8443,1.9913,6.9736,88.795,169.8,147.81,122.21,246.62,57.641,42.924,70.754,64.703,90.427,233.2,300.77,253.3,470.09,161.27,151.44,214.4,792.16,865.99,750.3,816.84,921.59,1630.9,1848.5,980.2,474.6,436.16,535.65,661.44,1788,1205.9,1356.5,1228.2,5000,1260.5,1048.6,1138.2,805.77,835.85,1148.5,1549.6,2142.4,1745,1719.8,1869.3,1791.5,2134.8,1679.7,1051.9,654.73,669.77,840.31,1392.9,1140.5,1528.6,949.78,454.47,630.91,1456.8,1412.3,1258.3,1246.8,1554.8,1455.2,1216.6,1557.2,1324.3,1267.8,813.47,656.57,854.08,1370.3,1910.7,910.59,423.97,353.81,690.51,774.22,776.92,614.96,217.34,80.206,106.38,69.887,17.327,36.215,276.65,334.41,327.39,352.92,155.09,236.2,652.43,517.79,239.62,298.38,694.29,914.79,1028.8,1250.9,1373.3,872.89,356.6,328.52,284.23,395.11,559.25,871.83,943.52
0,0,0,1.2973,9.0152,49.035,0,4.525,54.544,59.608,33.145,157.38,117.09,195.27,470.53,309.54,230.83,152.54,499.48,343.56,266.97,129.6,29.669,68.399,99.827,278.82,308.42,151.22,290.99,540.26,825.94,485.76,331.24,440.07,533.93,547.94,822.81,497.74,375.18,909.67,768.01,774.78,691.46,677.32,804.05,490.1,642.36,595.56,444.67,668.64,409.32,406.7,777.62,964.92,1371.7,1001,2080,1765.8,1040.6,976.88,672.99,660.97,643.88,459.7,721.68,914.69,2208.1,824.21,391.81,1026.5,612.53,179.21,85.388,74.15,55.36,80.437,77.503,20.302,36.526,84.537,101.62,138.96,545.32,689.65,297.46,233.79,1042.9,1344.9,1461.8,2037.8,1585,1562,669.59,388.87,313.51,448.03,637.17,803.28,399.34,290.65,293.41,296.85,632.25,497.6,793.7,998.52,832.94,546.66,504.08,261.72,388.04,383.17,401.95,398.23,416.26,822.69,521.08,582.44,874.58,634.6,478.72,17.478
370.28,566.75,533.21,366.58,538.08,1253.8,554.21,229.15,143.96,42.666,147.58,179.07,122.33,96.058,183.85,217.69,392.3,599.67,542.37,568.08,857.85,621.96,5000,537.84,481.89,645.57,693.07,1818.4,2727.9,2568.9,1405.9,874.93,831.52,1226.2,905.04,1199.6,923.26,1186.3,945.35,1407.2,1188.7,1955.8,1755.1,1152.3,753.58,1445.7,1338.4,1034.3,480.2,1044.7,1171.2,884.9,854.29,392.29,535.35,902.16,1282,1480,1373.5,1271.9,354.36,718.39,762.01,548.24,391.7,970.18,779.43,770.17,511.91,196.64,502.27,1269.5,535.59,302,386.54,380.03,1354.9,5000,592.25,412.76,376.34,420.97,943.37,1012.9,516.05,353.65,441.84,393.09,586.34,323,718.01,955.48,1186.5,1383.5,780.91,433.27,234.18,444.85,843.21,1498.1,1199.1,333.95,140.65,75.168,55.669,22.764,31.642,57.913,72.512,39.003,11.993,48.034,184.09,278.52,123.46,94.207,69.413,97.954,118.72,50.709,7.3243,11.596
23.824,12.133,17.949,40.467,46.466,10.792,17.005,12.536,16.905,1.3402,0.81101,3.3842,56.013,49.771,111.64,97.659,148.76,176.83,169.7,178.71,65.428,80.465,39.038,29.354,4.5158,30.437,75.48,176.42,334.54,257.42,532.64,897.31,936.43,1060.6,1141.2,996.91,1199.8,1639.4,1220.7,744.4,2173.4,1127.2,1217.1,1239.2,1505.7,564.42,239.22,1126.8,764.45,193.99,142.51,179.89,823.79,1092.3,1353.2,1494.4,1454,989.65,737.58,1296.6,1065.9,1202.1,904.94,865.81,649.59,1438.6,727.21,1494.2,1585.1,1293.6,1357.2,1527.3,1885.6,1469,1417.1,1609.7,1798.6,1381.7,2241.6,1179.7,928.51,1436.4,1420.9,871.29,642.94,745.13,1188.4,1564.6,1157.7,745.69,1857.9,2563.3,2473.5,1456.5,1121.2,958.87,923.74,1610.3,1033.9,815.14,1004.2,669.12,469.87,465.27,541.78,824.66,917.83,289.22,883.68,1708.3,2085.6,1887.1,1704.9,985.85,549.04,646.61,403.96,98.778,83.142,54.009,24.742,139.85
0,3.847,4.8947,10.346,12.723,75.532,11.118,19.588,63.085,99.165,82.031,136.65,273.09,273.74,339.5,849.95,1153.2,1375,1949,717.2,290.77,171.99,458.2,450.21,358.99,293.98,124.46,206.39,401.04,348.57,502.26,640.18,929.06,1007.9,1169.8,1118.6,1280.1,1352.8,822.92,360,710.95,1727.1,1999.6,793.87,283.81,348.12,1154.2,788.29,838.68,1099.9,1027.8,1646.8,1772.7,1888.6,4080.1,2700.4,2387.6,2266.3,1138.1,1219.9,721.71,847.66,477.35,201.04,179.64,229.92,249.15,520.46,752.47,784.59,545.71,893.4,1112.2,838.64,1079.9,1264.7,1219.3,1196.4,1718.3,1994.6,962.95,1021.6,733.51,430.69,571.19,1360.8,651.72,933.43,1239.8,1393.1,1371.4,1470.4,796.08,606.74,831.67,672.45,771.56,413.37,77.212,46.592,12.903,80.274,97.173,116.66,114.08,102.77,121.89,53.099,37.164,65.716,114.05,130.83,143.62,227.94,315.31,461.21,252.54,494.08,830.36,900.33,1058.8,567.89
57.194,4.729,0.37521,0,21.427,45.132,72.882,181.95,242.44,561.32,452.67,850.67,787.37,536.42,359.69,192.16,119.48,285.49,318.66,350.09,713.17,5000,602.66,223.74,87.547,199.18,132.86,222.13,506.66,604.43,737.07,1310.6,1361.8,1837.9,1081.3,460.77,210.97,156.51,189.54,583.3,511.43,433.16,837.76,1139.5,599.15,377.9,917.66,994.87,1040,2052.8,984.7,497.52,5000,1017.8,812.87,1726.9,2745.2,1256.5,508.87,166.8,152.37,44.054,121.39,147.51,150.38,155.43,99.396,90.394,47.363,115.01,102.66,86.255,68.393,53.824,69.187,96.908,177.93,831.17,622.61,331.02,997.85,1141.5,920.58,368.41,675.61,769.24,544.22,926.69,1210.9,1833.9,1570.3,987.63,847.32,322.29,157.63,266.9,367.26,302.67,118,24.138,38.755,52.279,101.92,61.859,205.94,65.895,53.531,93.534,277.77,554.93,556.54,737.54,724.82,524.31,457.85,232.83,175.16,337.86,305.37,177.03,109.85,239.61
26.295,116.87,94.772,70.902,109.76,291.29,222.32,394.59,328.62,143.77,111.69,50.85,164.52,209.17,212.18,259.26,173.45,183.77,309.29,693.24,1230.4,1437,744.01,378.4,294.22,457.69,871.59,647.36,530.3,302.73,234.96,177.04,327.63,986.33,1312.5,1039.2,1088.3,1278.9,959.56,526.02,1210.4,2545.6,2294.8,1200.8,412,130.5,713.17,1640.8,1949.9,1146.7,1032.1,1117,1048.8,1536.1,2534.7,1551.8,1526.7,915.83,718.81,1505.2,1229,801.02,474.89,1032.4,918.52,724.2,691.54,162.56,296.55,520.2,371.3,266.94,154.99,577.44,634.05,682.21,864.25,809.52,1661.3,1478.2,1067.4,742.99,907.45,1485.4,2490.5,2732.3,1596.4,942.45,330.95,332.93,363.26,965.84,1060.9,816.09,567.79,313.79,369.48,594.08,485.9,338.33,556.83,295.6,238.72,52.886,44.107,20.161,26.364,125.37,92.992,376.96,354.57,208.06,167.53,43.455,9.249,11.918,4.9382,54.011,49.257,142.47,664.88,514.5
7.5469,49.451,0.86571,1.0908,9.3277,52.614,95.277,158.7,64.835,155.35,68.752,262.5,272.86,269.86,519.29,273.27,339.88,286.56,409.43,451.59,1306.2,437.32,530.58,657.59,655.59,606.88,692.25,960.23,1262.6,5000,1378.4,1715.7,2793.2,2018.1,1553.8,1043.9,913.89,793.27,1270.1,1954.6,753.85,440.47,980.19,1045.3,868.32,5000,906.26,1015.8,853.6,2064.9,1936.2,1415.5,1039.2,1023.4,683.09,722.99,1637.7,1236.2,772.09,845.91,5000,629.02,632.1,1618.9,1411.5,1423.2,1421.6,1303,1314.7,1440,1221.9,1111.1,755,329.92,270.85,736.05,770.53,196.79,337.86,349.36,471.08,159.25,125.29,64.689,77.651,78.204,291.85,220.89,165.59,223.83,368.66,400.42,450.91,335.18,549.22,211.41,266.59,300.24,123.83,256.34,681.85,724.04,581.06,887.58,1337,1994.2,955.14,713.4,475.11,350.49,217.68,380.34,523.88,250.27,200.3,158.31,185.13,605.67,775.74,465.35,55.08,102.51
25.132,17.38,0,0.47039,0,0,0,0,0,0,3.962,33.223,227.09,517.57,819.76,539.72,41.016,24.54,62.775,232.31,300.04,351.35,427.46,456.06,289.18,155.96,121.93,249.58,217.52,160.69,946.18,1471.5,2453,1305.6,1390.8,744.09,737.73,481.75,683.89,453.38,489.17,575,322.83,1024.2,1223,1586.3,2224.6,1498.3,826,462.12,662.24,508.45,491.58,291.87,484.84,297.64,384.19,788.39,1200.9,1692.8,1554.4,964.67,502.02,756.41,1308.2,607.44,1480,1389.2,861.79,1527.9,1712.9,1933.3,1907.9,1418.9,1008.6,863,2454.5,2006.7,1263,584.93,870.95,1984.5,2475.7,1897.3,1069.5,597.21,1377.3,2243.6,1628.1,1338,1273.3,1047.8,668.62,1187.5,900.58,1262,1279.1,1119,827,647.89,397.91,13.575,2.5355,60.668,27.009,33.895,153.02,118.38,182.84,414.46,369.86,645.72,905.1,927.89,847.45,5000,626.78,950.54,1340.7,621.48,257.65,427.62
11.835,8.9166,3.5647,7.7645,37.843,64.94,6.9504,27.084,36.828,43.63,83.893,55.522,10.523,3.6626,0.28895,5.9587,29.868,55.989,194.07,285.65,296.76,5000,1325.5,694.77,461.06,334.31,482,219.28,249,411.1,364.24,229.36,167.73,439.47,348.55,529.48,726.04,792.03,699.22,800.77,1005.1,1493.6,2222.6,2654.3,2265.4,1428.2,1201.9,1532.5,1135.6,709.32,1195.4,1914.4,1129.8,1336.2,1786.3,1582,1535.4,745.33,811.63,1269,1447.7,600.45,250.21,393.92,824.54,553.66,957.99,946.18,1006.3,1194.5,1079.8,251.37,173.76,304.84,313.51,539.44,540.87,603.97,647.57,202.6,139.38,184.98,292.91,147.29,275.96,171.98,131.17,184.99,58.114,68.248,134.01,130.39,123.96,187.18,513,922.47,1548.2,2221.4,1277.1,495.92,246.77,254.83,121.42,116.84,140.82,384.33,336.45,287.24,579.45,400.3,105.4,45.272,586.67,1610.4,1389.3,307.36,80.553,107.45,81.764,34.816,36.831,59.82
478.1,307.93,161.69,140.97,7.8225,20.487,27.172,4.7244,56.55,93.718,494.74,260.54,266.01,232.02,279.74,552.76,490.99,1110.3,465.02,518.89,835.42,1864.4,1372.2,1841.4,2012.8,1190.8,951.59,829.22,630.36,444.66,512.76,430.94,290.94,215.68,193.54,355.82,317.8,297.22,719.59,497,443.64,504.83,520.84,1554.2,1468.3,1167.5,1598.9,2539.9,2179.6,1436,433.16,153.94,232.62,348.44,572.64,1379.4,1615.3,957.59,1163.2,1007.2,915.28,1089.6,1695.9,2150.3,2449.9,2869.9,1680.4,817.58,941.45,1366.2,2718.5,1917,628.83,459,240.87,251.17,123.41,177,258.36,230.22,532.99,590.95,867.05,1198.1,1571.3,1763.4,1193.2,969.27,737.84,580,1026.8,704.93,475.96,375.68,181.4,64.613,57.636,247.33,433.78,571.05,983.61,585.02,367.95,743.7,982.72,1533.6,2097.7,1706.1,1087,1452.3,450.33,596.62,1295.4,1784.8,2028.6,1699.1,614.74,66.719,15.386,62.369,107.51,131.34
4.6745,13.142,30.857,85.525,88.034,75.314,69.657,160.2,82.276,148.09,67.398,346.51,79.473,155.16,201.86,582.52,579.64,591.21,1150,642.88,930.66,427.49,5000,1161.9,1544.5,1011.7,753.57,1296.6,1544.3,1126.1,1010.1,1743.7,2153.2,1551.1,671.35,1676.8,1259.5,1227.8,1379.3,1356.5,1253.4,691.88,364.85,294.39,238.55,87.007,65.982,153.99,145.93,493.88,625.99,775.21,693.43,749.07,804.9,572.21,1060.3,651.69,815.52,768.96,975.72,861.96,793.07,1184.9,1651.5,2453.1,1506.9,1231.6,1064.4,1314.3,1718.7,2293.7,1259.6,908.33,767.78,404.74,5000,2243,2315.4,1707.8,801.31,1013.2,1610.4,1530.7,1703,954.99,796.8,735.79,555.95,502.25,680.75,1032.6,760.86,980.94,577.17,720.24,488.33,607.77,1156.2,1664.4,1204.6,1264.9,864.54,841.52,752.17,434.11,334.15,281.21,243,471.91,345.03,389.81,1449.7,1712.7,719.28,681.58,442.07,650.91,676.21,345.48,615.99,786.16
0,0,0,0,3.1369,0.44529,5.4009,123.07,34.059,148.75,268.32,368.99,257.38,160.98,347.54,451.4,302.85,351.49,636.29,396.28,130.1,252.58,5000,407.92,430.56,1062.5,813.14,296.14,859.45,766.52,401.73,658.86,573.73,1052.7,850.88,1033.8,1073.8,1827.3,2495.8,2264.3,1984.8,972.17,936.89,626.75,728.43,1374.8,682.89,982.76,2233.7,1578.9,1413.2,1246.2,852.96,1182.9,1521.9,2269.7,1304.7,858.68,1822.5,2049.7,1221.9,633.82,631.53,833.74,781.66,799.57,1671,1027.8,703.06,631.44,568.9,431.65,674.42,668.66,1168.8,1406.3,1128.8,679,374.7,362.05,317.99,361.4,370.05,492.02,443.83,370.73,425.35,231.91,344.73,435.59,627.81,566.26,716.89,1110.7,746.04,376.92,499.42,947.71,317.1,402,1161.9,1881.6,1181.7,670.07,833.71,1089.8,768.22,1049.7,921.17,1059.4,719.53,556.34,601,455.42,136.37,9.3885,31.552,104.83,42.091,10.914,6.9163,10.411
131.5,291.29,198.75,78.317,46.717,77.9,175.83,195.66,257.81,85.466,80.487,270.21,666.02,974.06,1382.1,1338.6,1133.6,945.17,257.38,432.31,776.92,539.74,491.05,777.57,921.35,993.5,1726.7,1590.5,1486.8,969.31,1040.9,903.82,1234.2,923.84,892.69,568.18,819.51,743.92,434.37,396.02,367.31,255.79,264.64,287.76,194.61,5000,683.57,881.5,755.93,1002.5,572.9,932.12,354.38,901.69,816.6,506.01,712.35,469.39,519.57,337.05,429.92,400,896.85,896.11,722.34,869.48,980.62,1328.5,701.12,533.97,609.73,495.8,214.5,93.959,242.87,374.25,777.59,963.29,792,653,1133.4,916.77,985.66,411.8,82.283,140.61,357.59,89.495,111.09,666.36,882.42,801.39,774.26,761.97,437.27,602.32,974.6,760.66,1079.6,1413.9,1164.1,1407.8,1007,655.74,526.11,299.31,145.02,102.24,135.88,58.565,48.846,19.207,34.362,144.92,177.72,169.46,492.36,263.51,476.82,383.09,318.97,287.86
0,0.83142,4.3243,17,41.642,2.5371,10.01,33.438,61.78,9.2328,21.779,15.117,59.936,90.437,153.81,115.19,243.68,262.68,538.3,1247.1,932.55,885.2,1009.2,732.32,503.42,481.77,1525.3,2832,2571.2,1984.1,1127,820.36,687.39,1016.6,473.7,455.88,1123.7,1947.4,763.79,1081.4,1309.3,2093.7,1598.2,1075.5,1059.9,5000,1663.1,1812.1,647.64,899.95,2043.5,1860.4,2275.1,2358.8,2918.1,2194.2,1316.2,1059.3,992.97,1734.9,1136.5,541.31,602.33,1281.9,1413.7,971.54,1095.2,906.88,977.34,223.67,109.38,66.928,271.05,236.72,349.32,534.28,363.25,206.84,379.8,316.98,325.7,606.34,747.08,1512.2,1388.7,1800.2,921.28,263.82,390.55,499.38,663.01,245.79,89.47,54.707,567.46,1362.8,1526.4,1659.2,2170.8,2003.4,1145.9,614.43,682.77,862.09,1067.1,1691.4,984.85,343.98,5000,119.93,187.08,187,138.9,99.826,252.51,258.94,120.37,185.68,103.5,132.42,186.3,156.28
253.13,539.34,311.83,293.06,808.75,574.83,919.11,990.55,1236.8,1197.1,854.39,1566.6,1643.7,1755.3,1045.2,585.51,357.5,326.35,1096.4,1078.1,915.74,970.76,5000,1309.6,708.78,748.74,569.04,259.79,186.29,234.93,157.68,558.57,253.06,210.37,613.84,463.35,538.54,1268.5,1456.6,1440.5,2028.3,1730.9,965.71,1942.8,1090.3,608.47,1045.3,1283.2,1025.6,1356.7,1359.3,1265.9,1655.4,2263.7,1491.7,1053.5,1047.6,1023.5,574.39,833.73,410.6,403.22,360.12,576.92,457.01,557.57,915.99,1573.7,456.02,366.42,1117.7,805.17,648.49,545.86,1532.2,1380,817.47,451.92,411.65,845.32,1005.2,453.89,335.61,528.26,5000,774.1,1166.9,1555.5,823.34,624.92,406.25,515.2,786.76,771.83,909.54,911.12,832.15,363.29,164.32,474.21,481.65,776.23,454.58,180.89,109.16,257.42,474.41,875.46,500.37,627.44,364.52,52.326,115.9,102.23,194.87,86.316,20.648,37.723,212.06,88.279,16.823,50.763
3.4214,0.558,0.54397,4.9191,20.823,56.664,154.95,301.16,345.73,508.23,186.35,209.29,414.73,347.6,193.7,92.461,280.44,825.5,750.4,376.15,519.2,984.01,561.74,1057.6,1323.9,743.92,339.99,478.15,277.25,377.47,190.77,221.42,225.27,322.39,696.68,1011.1,1296.9,1503.1,1348.3,1285.5,1034.9,1043.5,2037.3,1668.6,1946.5,2323,1018.2,458.95,477.08,442.82,959.4,940.03,957.82,958.46,463.54,273.76,322.03,382.02,389.45,808.6,281.54,287.55,133.6,69.567,378.96,868.15,929.37,715.32,346.66,222.99,399.19,200.39,315.35,665.48,456.99,262.98,620.56,907.79,1898.6,2668.6,2032.4,1336.3,630.7,675.27,1305.6,1722.1,1625.7,974.79,1045.5,912.22,2537.9,2811.4,1315.5,313.33,443.29,680.31,553.96,619.37,1445,784.62,379.42,477.77,767.01,834.17,903.65,1082.6,567.82,294.12,5000,333.7,181.61,166.8,174.43,181.78,133.01,127.67,248.65,201.7,75.962,38.46,49.449,56.729
219.8,39.632,89.346,175.53,252.69,283.93,52.443,41.483,19.158,6.8141,9.7275,20.313,141.28,139.17,234.14,142.28,234.59,296.23,290.6,240.5,688.14,501.31,369.21,618.19,1101.7,1460.7,1952.9,647.27,508.12,894.62,1096.1,2007.6,1672.5,1229.1,769.42,484.03,202.86,720.47,1955.2,1579.6,538.8,912.06,1985.3,1453.5,853.09,645.73,913.14,1395,505.93,391.04,308.77,356.94,480.91,469.88,480.73,474.31,948.71,997.41,997.48,927.15,1058.8,857.76,977.4,852.32,1295.6,916.21,313.29,220.88,294.59,504.1,376.34,451.47,1082,946.37,1518.2,1118.4,1017.8,508.05,812.77,667.28,648.06,375.83,917.21,1604.3,2486.7,1085.6,414.18,438.34,538.12,538.58,190.96,145.31,79.583,58.161,195.78,301.73,91.602,16.208,15.775,19.024,63.441,104.51,187.21,62.724,88.495,98.624,217.85,5000,239.74,372.74,479.33,1020,1028.8,787.98,313.13,100.38,51.004,12.915,30.181,10.591,6.3971,0
21.554,157.23,228.04,233.52,318.33,468.86,512.34,684.27,393.3,598.24,582.42,548.33,448.07,322.93,157.28,201.79,163.87,87.645,77.843,8.9664,13.176,35.303,45.595,74.38,28.637,102,480.14,706.07,1038.2,1893.7,2604.6,2718.4,2258.9,1736.6,1878.3,1528.4,1758.8,588.03,248.06,434.46,2363.1,2425.6,1103.7,405.08,343.52,642.86,256.1,55.572,19.431,31.877,31.874,51.279,47.571,131.75,63.919,214.72,122.42,97.819,171.62,568.97,845.8,636.16,516.14,454.59,1091.9,626.88,344.17,467.04,539.69,1203.9,2648.7,2283.8,1653.8,1182.4,1120.6,771.28,407.33,5000,1717,2250.1,1317.3,739.54,296.26,246.44,346.6,187.07,282.87,229.31,392.72,173.85,213.57,292.58,576.86,524.24,361.57,222.01,266.02,122.11,572.05,557.72,1459.2,1210,361.54,52.079,106.69,174.44,183.22,401.44,761.45,657.09,383.21,194.82,47.488,116.95,69.276,48.572,56.951,87.543,141.21,151.47,70.511,68.649
15.674,19.398,10.983,9.2978,0,0,0,4.9157,0.28816,0,0,1.9393,76.914,164.95,195.15,234.93,153.25,406.97,188.01,532.19,575.13,197.29,208.11,903.44,961.18,1397.9,1449.2,1195.6,1160,1726.5,2339.3,1345.7,1239.1,1445.7,1909,2111.6,1459.2,1379.2,1071.2,1136,1965.3,2774.7,1646.8,692.97,701.96,658.13,1347,1222.6,1431.8,1444.7,1139.3,536.4,1225.8,1356.2,1578,1821.2,1801.8,970.97,959.35,1782.4,1716.6,1237.2,1184.7,1940.1,2585.8,2307.5,414.63,303.16,257.98,520.63,1103.1,959.93,610.1,711.51,479.09,663.96,1588.2,1500.3,788.32,779.57,865.87,1060.7,1628.4,1321.4,648.85,461.64,689,977,705.62,1280.6,1402.2,1112.5,1176,1525.6,2465.3,1249.8,1293.9,612,328.63,137.48,217.63,148.49,186.74,1045,952.9,589.24,538.28,456.96,605.61,562.3,890.73,701.13,583.16,222.41,94.591,68.476,59.103,56.918,120.82,349.55,553.79,51.544
128.31,34.154,15.702,25.95,47.453,40.801,89.736,198.24,398.04,234.94,313.72,728.38,979.15,1643.7,1388.2,598.34,431.65,894.23,680.35,509.81,263.66,319.74,175.74,237.91,98.273,115.47,85.6,127.36,118.54,210.18,368.76,663.09,352.6,566.58,615.76,1074.7,991.95,818.04,1288.1,1702.6,1790.5,2115.1,1989.5,1457.4,1025.4,1084.3,970.8,819.98,1246.7,1343.8,1544.7,1166.6,584.53,791.3,843.9,1414.6,2611.8,2150,1845.6,1399.3,923.81,1124.8,770.4,652.29,642.08,959.71,1211,1060.2,836.48,1168.5,1345.1,709.83,361.79,293.59,265.02,358.1,663.55,900.73,558.7,565.02,617.64,1647.9,1391,978.93,477.45,463.47,768.31,1242,871.53,266.86,337.64,672.9,915.84,802.58,892.41,707.69,378.04,453.99,336.21,363.74,473.33,932.91,1337.3,1256,732.75,1121.7,1191.7,590.57,1105.4,1777.9,1047.7,176.54,411.42,455.72,447.06,871.34,676.48,774.24,438.76,16.192,82.09,123.46
439.03,216.8,98.306,66.566,46.229,150.75,91.06,96.734,67.671,45.013,139.19,158.14,274.85,271.28,417.72,750.88,823.17,122.13,115.21,106.91,52.259,44.881,101.48,111.14,331.45,247.62,556.49,597.37,685.32,319.93,283.09,725.03,1069.4,832.76,670.83,500.28,695.84,618.24,418.06,879.9,1397.6,1529,2311.1,2699,2766.7,1979.4,1106.5,585.27,513.91,1534.3,1429.5,1118.5,931.62,1329.5,2128.5,2669.6,779.24,263.21,549.94,638.01,1249.5,2645.9,1435.9,298.26,882.74,1035,1077,1408.7,1439.7,1105.2,766.31,1502.2,967.22,752.78,631.77,1525.6,5000,1411.9,1101.2,652.05,1483.6,2770.2,2325.9,874.67,447.52,646.43,881.15,790.84,727.69,245.82,127.7,228.77,135.54,77.017,59.713,142.34,523.77,545.5,563.54,218.38,279.02,432.99,287.48,220.2,151.54,220.01,335.93,287.27,601.02,961.8,624.52,707.42,741.97,667.86,570.91,270.33,220.39,46.257,64.612,19.498,0.44991,14.129
38.767,31.966,58.689,4.6684,48.711,12.964,3.6392,50.137,11.417,12.155,43.492,40.238,51.798,142.6,5000,337.28,293.08,268.72,385.56,345.38,520.51,712.05,597.52,702.99,840.49,1331.9,1891.4,2222.1,2246.1,1571.1,674.4,660.07,1575,2040.2,1177.7,548.94,1408.5,1684.1,1364.7,1399.3,1378.4,1522.7,1235.5,941.69,1044.1,1112.5,863.65,1122.5,1808.5,874.05,955.14,1256.9,1488.3,5000,688.38,1562.7,1126.1,1085.8,858.75,723.74,229.76,61.114,45.635,28.471,40.954,40.198,233.82,235.28,441.76,803.12,261.64,958.63,1102.6,1188.4,1188.6,1357.6,1599.4,2078,1807.4,1199.1,1198.7,1097.1,557.51,1046.1,5000,832.68,655.03,906.85,359.47,646.25,516.37,354.39,174.63,518.63,757.08,549.84,727.89,644.07,1061.6,1219.8,1598.5,1162.6,643.02,691.06,628.43,589.23,222.76,635.87,699.02,594.84,485.65,749.95,1144.5,1854.3,1902.9,1900.5,579.85,113.27,69,107.66,140.57,455.42
64.332,110.06,21.619,197.35,356.2,195.59,399.83,236.99,465.89,405.83,433.68,520.18,436.03,358.47,439.91,584.16,519.12,998.31,940.63,1002.3,1375.1,1281.1,1162.4,1509.3,1672.7,1209.4,718.73,973.15,1575.7,1671.6,733.44,860.59,1302.9,1442.7,1042.6,1087.9,944.67,1171.7,521.42,174.39,169.23,385.84,439.96,446.1,793.75,1231.6,473.7,461.78,817.88,1345,1190.3,408.19,531.97,1423,1585.9,2150.4,2806.2,1940.4,1527.6,556.76,425.98,1531.1,1858.7,2223,2316.4,1057.3,1485.1,2703.1,1890,668.44,557.1,557.07,388.89,806.95,1510.4,1266.9,1275.3,1240.2,1019,1660.8,1530.8,1721.6,1449.9,2525.8,1615.6,819.95,762.3,696.38,397.26,218.24,167.54,461.41,409.67,674.15,266.36,260.51,453.05,315.01,252.11,692.25,699.42,1116.4,880.24,1643.1,987.13,755.33,476.88,390.11,729.46,669.4,312.77,92.278,17.367,21.899,52.108,35.822,20.367,15.12,16.085,23.691,39,197.36
22.095,13.204,18.793,45.173,79.941,84.718,322.48,199.2,335.53,407.07,305.78,104.23,52.418,31.456,14.783,5.7435,93.094,82.636,67.139,144.29,116.9,93.535,52.575,55.661,54.553,76.025,349.84,1112.9,1034.5,805.84,1144.6,1808,932.35,274.18,702.52,1109.5,1044.9,402.33,229.37,169.9,279.81,565.89,686.75,630.91,1195.5,2899.9,2057.3,1384.7,1073.9,757.75,1152.6,1076.2,886.85,5000,894.47,1650.8,1327.5,1206.1,1003.9,615.9,754.36,1011.3,763.25,518.75,990.9,1028.9,868.44,447.89,277.74,605.06,1099.8,840.42,734.49,491.13,865.34,438.46,350.68,1132.6,1492.3,1118.8,913.6,926.73,989.51,1033.2,977.16,1461.9,1845,1675,1659.1,2070.5,1672.5,1825.6,1537.4,1112.2,1269.3,1815.6,1821.2,1764.5,885.69,481.25,388.41,622.7,825.42,284.88,277.61,438.83,439.14,475.8,5000,249.01,649.42,571.65,461.01,624.84,931.86,1120.3,1130.3,470.52,211.64,501.54,544.34,291.3
1.8568,2.395,0.76717,5.416,11.549,65.203,27.25,77.142,52.634,47.332,186.38,320.24,95.996,523.67,410.43,690.68,514.54,230.69,82.549,448.3,354.8,274.96,530.18,604.24,905.17,1318.8,1176.4,1019.6,907.33,562.98,599.14,393.48,322.86,134.3,62.18,197.44,408.16,1140.6,1143.4,424.19,308.81,597.8,760.43,650.97,597.83,724.23,610.32,774.39,1335.8,1650,1692.8,998.73,725.83,453.49,536.53,950.99,656.13,1170.2,1459.4,848.59,250.85,283.06,325.16,188.02,412.26,347.16,500.17,674.6,498.48,295.46,285.54,393.2,650.96,723.2,691.64,1634.8,2116.9,975.5,680.46,660.46,1075.9,758.02,544.15,269.16,453.23,1158.3,600.6,649.75,1279.4,1258.8,758.59,582.67,405.34,407.95,738.15,1122.6,1467.6,813.02,433.97,709.62,582.09,488.33,858.03,650.25,294.36,227.09,341,256.4,277.8,170.71,160.86,200.45,113.07,171.62,286.13,315.37,480.44,443.92,341.14,401.51,229.11,374.39
356.38,480.91,523.57,306.27,221.94,220.32,224.43,277.65,693.56,720.64,485.77,34.115,24.135,66.639,54.375,41.086,44.933,59.204,103.7,75.651,112.86,175.74,113.98,370.36,913.41,646.64,622.63,459.89,360.61,674.4,990.48,421.86,523.17,466.86,1007.2,1374.2,1628.7,1332.9,746.68,685.51,932.22,1693.4,1362.3,693.79,618.73,1218.4,1495.3,1045.3,1066.7,1602.2,972.86,895.4,1437.8,1241.1,1044.7,750.48,741.64,604.84,1056.2,1085.7,1185.2,1445.5,2083.9,2059,1270.3,1199.1,823.92,699.53,728.31,920.8,958.08,743.06,708.95,762.11,1007.4,1116,1062.3,640.53,527.07,396.9,206.56,315.52,252.09,301.96,249.8,257.75,104.55,209.86,567.52,432.47,231.62,331.55,1032.3,1418.2,735.06,1067.8,1036.5,989.59,928.84,629.02,1548.5,1165.6,699.12,435.84,920.54,954.43,1330.6,2014.9,1668.9,792.33,291.34,217.43,424.49,293.42,311.23,427.29,556.34,383.79,816.02,754.39,373.8,350.14
42.959,73.79,49.357,56.922,190.57,90.121,118.83,73.586,66.971,256.29,318.01,290.26,542.65,404.28,336.14,304.07,309.09,178.77,175.39,124.04,45.253,164.33,440.33,455.02,491.9,681.4,400.9,360.73,328.93,640.2,601.66,182.36,160.56,491.15,658.89,743.33,1395.8,1586,1184.1,1420.8,1889.2,2141.3,1584.6,1286.7,1305.4,1153.2,1133.8,1528.2,1380.7,1369.4,1315.6,942.9,1059.8,1264.1,1515.9,1555.3,2168.7,2102.5,1833.2,1371.5,942.22,1188.2,1414.4,953.61,1489.3,1974.8,1232.8,680.89,740.82,1128.3,1037.1,987.19,1402.6,1096.9,859.94,260.59,163.55,107.22,65.258,98.163,28.019,38.412,101,146.96,125.06,113.71,230.03,276.37,960.7,796.73,1627.8,1560.8,1385.8,1123.8,567.72,449.46,411.09,275.61,335.75,667.95,206.74,165.62,156.37,302.53,777.9,1148.7,1946.8,2153.8,1923.1,1566.4,601.72,151.9,32.749,35.282,328.49,53.488,39.436,6.3341,46.659,164.3,31.272,44.377
188.63,213.14,241.29,230.34,67.928,135.96,94.074,10.706,35.028,115.83,56.668,198.22,399.7,233.36,655.35,680.65,109.75,42.469,30.317,135.71,167.69,260.36,489.57,271.08,448.01,667.69,1403.4,684.06,409.45,1696.2,1318.3,1110,1052.6,617.73,263.8,279.94,611.16,635.5,473.62,264.67,228.88,144.58,536.24,299.24,402.36,404.13,541.13,523.07,890.03,506.64,439.99,448.95,290.66,317.46,895.4,2529.8,1907.7,704.33,609.12,759.23,1479,932.75,1350.7,1054,925.53,957.56,1413.2,2123,1485.9,982.42,788.87,917.34,1042.7,845.87,908,680.85,1545.3,1115.1,1423.9,536.56,271.57,888.19,953.64,968.94,214.49,171.22,122.32,109.86,7.4712,20.139,166.02,336.76,603.97,845.36,471.64,366.01,500.5,551.98,746.34,678.39,978.86,655.84,1144.3,1050.4,431.6,145.36,157.81,46.224,25.451,113.94,71.442,106.74,36.364,38.045,9.838,25.458,30.202,91.886,54.506,35.598,107.07,240.14
0.78955,2.7703,16.018,55.007,15.009,59.69,12.847,5.5612,31.231,35.893,23.779,64.387,105.02,91.43,189.14,170.52,296.32,609.6,736.92,775.22,1129.9,1323.4,656.29,427.15,764.23,1236.8,1213.1,569.04,349.02,390.28,44.475,43.765,178.5,520.26,900.38,1596.2,946.86,431.99,128.53,61.96,62.071,79.259,105.28,169.47,283.4,649.82,1159.2,949.65,865.65,709.06,1395.8,1221.7,1373.6,1833.6,1819.4,1520.4,1332.6,2077.3,2196.8,1533.1,957.24,615.82,504.33,1811.5,2073,672.76,319.52,324.18,467.89,625.39,711.71,733.65,548.76,420.28,929.25,876.59,801.27,379.17,647.5,636.29,377.48,542.21,979.61,5000,560.52,1409.2,969.38,192.99,127.58,109.04,93.994,501.04,626.82,253.85,457.03,475.03,943,287.65,388.77,278.6,301.61,325.75,605.92,248.04,100.88,49.418,73.951,330.11,357.42,116.55,43.371,169.21,272.92,358.85,296,205.46,160.3,51.558,22.302,43.265,106.73,92.786
0,0,0.26971,31.935,0,0.20633,0,0.10476,0.56303,0.93259,11.19,10.785,149.1,164.04,486.98,766,470.18,800.68,1012.9,963.22,831.55,724.99,769.3,645.78,371.44,544.77,489.99,122.51,150.37,496.83,706.67,859.32,1288.1,1724.1,1787.1,1516.1,1478.3,990.25,902.22,1040.1,1208.3,838.31,992.71,1753.7,991.65,384.61,459.6,1093.8,1330,678.26,444.18,1066.7,879.74,807.68,505.42,756.48,1026.1,1042.2,821.39,717.59,935.13,693.5,889.41,2078.5,2976.5,2821.2,1242.8,394.07,856.14,1139.5,1564.8,1029.9,985.71,696.64,1524.9,1831.6,1647.5,1727.4,2277.3,1026.5,1149.2,842.83,867.32,1274.7,948.8,435.75,332.52,382.17,540.87,545.82,474.76,611.78,845.59,1041.5,905.6,674.2,617.65,329.89,652.34,971.1,1126.8,890.22,826.84,429.88,446.51,399.46,397.49,462.26,283.72,149.23,155.11,119.93,40.874,206.15,134.47,204.27,279.68,321.97,610.62,710.79,438.13,373.94
89.66,101.09,47.524,69.865,196.95,186.25,111.46,193.05,230.82,267.61,250.21,329.08,418.39,189.49,355.87,490.84,446.69,709.36,573.64,443.13,241.9,500.29,285.35,85.246,200.62,292.81,748.52,193.03,321.54,215.1,728.16,1228,949.57,916.61,1231.6,1371.2,957.56,667.44,861.96,975.72,1948.8,1470.1,921.78,1141.6,2280.8,1339.8,857.67,344.49,623.88,499.42,694.84,543.24,916.25,618.37,398.99,440.44,529.66,754.11,736.72,664.56,438.47,845.06,1646.5,745.28,205.25,373.33,577.44,906.05,1096.4,2126.4,1851.5,1413.2,1822.8,771.32,567.78,944.98,778.66,331.04,469.79,725.74,616.43,605.44,167.23,119.99,19.078,47.574,3.2181,71.634,70.576,249.58,673.97,1039,1151.6,1023.1,1091.7,1743.5,1664.2,1273.9,552.6,2299.4,1731,875.15,531.87,562.86,1211.9,982.65,1059.5,1600,1800.9,1185.7,744.45,439.56,488.86,1234.1,1642.7,5000,468.01,420.31,326.18,466.44,1358.5,1794.2
2.4932,0.15516,5.9494,27.2,22.033,44.164,13.603,85.187,156.32,116.41,59.003,131.62,103.54,89.688,307.22,523.36,1189.5,933.27,835.01,843.71,528.89,527.05,542.12,576.75,581.36,871.99,1420.5,2544.9,1518.9,1764.7,745.13,573.89,398.24,971.97,719.76,702.35,714.22,646.24,565.54,432.1,971.06,579.62,461.28,682.12,995.94,775.84,999.83,842.89,1048.5,685.77,648.45,841.71,346.18,5000,238,184.59,337.77,1013.8,359.62,665.96,5000,666.98,964.75,661.18,805.8,1063.5,1646.9,1397.7,1596,1560.5,1568.9,1223.9,976.46,751.29,684.3,1325.7,1335.1,1716.2,1305.1,774.21,1088,865.95,640.49,953.67,1797,1000.6,639.52,651.14,1053.6,1189.3,1988.1,2062.9,1492,1232.2,1299.2,1992.9,1657.2,1388.7,812.65,566.47,753.67,1174.8,1258,1538.7,1176.9,1259.1,878.88,266.27,144.61,139.04,257.56,277.26,214.76,512.02,958.39,768.04,211.35,365.43,403.86,313.55,206.17,527.53
434.95,317.25,592.07,511.67,43.042,82.943,39.129,245.25,510.49,723.2,589.16,278.81,227.22,59.307,163.01,197.73,680.83,655.74,579.31,436.57,699.96,5000,541.78,771.26,515.54,588.1,1195.7,592.52,428.67,336.44,648.55,1379.1,2040.3,2033.7,1708.4,1280.8,1304.9,1045.9,1415.8,1121.7,1015.1,1670.9,2250.4,1564.7,893.54,661.33,663.59,728.52,260.07,746.71,730.27,631.93,1196.9,879.75,259.41,655.96,603.82,693.5,501.81,357.95,685.35,1095.9,1393.6,1458,1949.3,1847.8,611.95,692.75,1335.7,1147.5,692.08,448.4,284.44,507.65,566.86,518.36,705.96,780.51,356.3,423.25,647.61,430.99,210.64,204.25,147.2,136.39,59.734,132.85,141.47,176.34,179.16,580.18,746.65,495.5,640.57,578.75,594.25,650.86,542.12,261.79,519.27,439.32,511.12,423.88,283.83,164.09,95.681,31.125,53.947,42.32,175.19,291.33,482.72,461.97,863.44,819.41,534.02,648.2,690.86,390,310.75,214.1
180.88,179.79,252.63,164.53,110.45,46.859,68.428,82.344,78.061,76.273,36.429,2.9753,9.2444,32.834,55.497,65.404,33.983,88.478,110.08,113.08,231.07,316.35,427.02,689.69,679.33,588.76,1051.8,1003.3,1497.1,906.49,292.75,648.75,971.87,917.48,674.6,411.07,425.68,864.24,1038.5,1460.8,1028.9,1119.2,2186.2,1522.6,718.12,432.29,1035.9,1248.1,1561.8,1066.8,1284.6,1885.1,1185.1,813.88,1063.8,835.4,457.68,199.31,508.53,612.15,518.91,588.15,769.63,478.98,515.09,408.88,899.8,989.31,962.3,967.15,762.43,637.47,1403.4,1710.6,945.96,698.86,515.73,573.63,1113.7,1236.9,1478.6,1021.9,983.73,2352.4,5000,499.83,519.79,1596.7,944.16,960.68,1135.5,885.67,775.38,877.88,867.56,498.85,157.56,55.187,128.89,149.16,268,511.44,708.79,770.81,1190.6,1304,415.28,36.926,64.566,39.59,3.4819,19.841,23.939,30.167,27.5,32.479,79.297,123.29,87.773,66.461,6.0769,0.9392
0.29747,0.67128,20.929,19.32,15.64,23.225,50.467,26.896,12.889,11.69,30.449,22.581,8.867,6.0422,7.5704,7.0723,95.614,110.82,221.2,440.36,550.84,584.4,828.33,533.75,555.88,760.28,523.22,832,651.07,843.06,639.47,299.05,470.22,744.34,883.29,344.92,849.11,2097.5,2499.5,2623.8,1763.6,1170.6,972.56,980.68,1157.3,1376.4,1464.7,1644.6,1235.1,1125.1,724.18,872.62,1312.6,1470.4,1437.5,1445.1,745.67,858.51,617.8,321.03,774.11,955.83,1078.8,1236.6,946.9,1061.6,1085.6,757.73,699.8,790.25,1032.8,612.35,692.09,926.82,615.32,664.23,779.7,1071.5,1506.7,869.82,693.9,740.19,522.73,261.64,475.35,579.64,1103.1,841.05,813.53,690.14,979.58,1162.7,2172.2,1528.5,595.97,333.23,70.28,505.35,678.92,984.17,1400.1,1851.8,1445.4,959.73,734.58,709.43,776.95,842.69,301.76,224.58,169.88,246.79,313.5,556.94,668.47,932.03,1318.8,1112.2,717.88,778.58,567.82,577.33
262.9,451.41,326.25,329.3,475.06,259.36,341.06,94.62,43.638,89.696,254.53,144.15,97.896,154.49,82.137,125.36,79.657,56.082,66.612,281.43,127.41,305.02,103.34,257.09,142.18,256.84,639.53,545.99,598.86,1617.2,2318.4,801.2,218.96,692.84,1575.2,1468.6,914.88,745.93,558,1139.3,1102,1828.7,1996.9,1158.1,430.13,537.22,596.15,867.72,1710.5,1716.5,1521.3,1276,737.77,621.86,730.95,1501.7,2345.2,1937.4,1762.9,1300.5,5000,1730.6,1390.8,877.85,896.7,1503.3,1190.9,700.53,557.95,1021.7,1335.4,640.99,585.36,1246.2,1291.2,870.15,584.72,366.49,234.64,657.27,753.82,420.7,633.97,539.4,1272.1,938.31,1174.4,1594.6,1203.9,1125.8,1002.1,1241.3,1409.7,1295,1141.9,1262.6,1234.1,809.53,1290.7,1186.9,1455.4,1388.2,1029.5,1127.4,1355.5,1638.8,1764.2,463.89,153.12,100.76,209.95,121.1,69.892,31.605,93.16,110.04,229.86,337.9,309.48,344.43,443.72,541.37
9.234,22.418,32.002,53.395,41.515,32.243,37.136,16.428,68.367,120.35,141.5,76,143.19,148.35,579.12,703.98,791.66,714.77,331.79,527.19,509.12,715.44,982.08,446.8,515.2,398.56,546.91,557.79,646.94,730.2,622.94,1127.5,1395.2,1639.1,1007.4,597.41,820.65,1156.4,657.75,675.07,427.4,456.77,773.75,773.55,645.97,353.22,787.66,443.74,438.39,311.03,220.67,234.94,99.081,418.56,607.45,855.29,1481.1,918.87,697.54,805.06,960.19,1497.3,873.47,678.04,1523.8,1536.3,590.34,403.1,1144.5,1127.2,1318.2,704.84,299.07,568.37,796.22,819.57,1959.2,1913.8,1349.4,704.71,390.34,421.82,1169,709.11,508.34,634.08,574.47,237.79,177.27,98.788,90.105,63.688,96.865,76.122,85.262,30.221,73.729,146.69,189.57,395.03,647.6,849.64,712.65,340.76,220.24,162.92,41.483,136.99,70.342,115.14,96.071,84.345,45.874,137.21,144.88,165.77,339.74,602.64,262.52,89.068,53.632,61.323
22.524,20.561,41.598,99.448,215.79,600.45,324.15,174.58,426.31,1092,2152.9,1669.1,1066.4,481.21,25.8,11.413,102.31,166.67,434.38,363.59,415.29,312.93,5000,562.31,952.37,581.76,259.99,532.22,440.71,834.72,1015.4,1241.9,1189.1,876.81,1274.7,1842.9,1452.6,1679.5,3002.8,1913.8,901.97,788.55,1651.6,1314.5,659.94,1506.2,2352.8,1681.3,613.75,578.77,1130.2,764.1,747.83,609.84,406.93,701.02,348.97,316.56,756.97,749.15,628.46,948.54,1427,812.04,1228.6,1811.6,1379.2,918,1131.3,851.31,610.15,407.81,320.83,267.33,642.54,1336.7,1219.8,707.22,821.23,757.67,611.59,1584.7,1205.7,1107,1536,1787.8,1486.5,591.82,365.01,535.01,1050,847.79,1172.7,2137.2,1946.6,1776.4,1504.1,1185.4,1036.1,2130.6,1982.1,1227.9,1229.6,1216.5,666.23,1459.4,1726.8,1487.2,5000,244.91,191.39,375.75,631.09,735.87,831.45,833.29,1132.3,1486.3,1343.8,883.59,525.8,717.23
73.21,69.846,13.944,91.878,92.425,228.82,166.39,104.54,26.761,12.079,137.93,286.86,224.71,199.22,196.32,130.81,50.847,77.008,185.84,202.37,248.18,674.83,5000,234.51,180.66,68.465,100.62,52.386,65.039,201.81,280.39,238.46,390.37,397.31,544.29,627.28,910.37,1185.1,607.59,343.58,426.61,1102.3,1647.4,566.32,457.72,1911,2285.2,2061.7,1554.9,1421.4,1057.6,1838.3,1660.2,5000,800.98,999.45,381.76,382.63,409.07,923.01,861.99,377.31,395.6,705.05,724.07,839.19,781.48,641.1,604.91,744.6,455.42,764.02,1742.7,2350.7,1431.5,794.3,507.58,474.09,1074.3,1101.6,487.84,201.53,405.46,319.03,5000,357.42,473.66,584.77,693.02,519.74,768.19,789.48,371.21,400.19,779.24,882.13,753.22,1043.2,723.07,643.35,424.65,775.06,847.36,743.1,581.74,616.59,530.26,890.85,476.12,765.69,1868,2123.9,1513.5,449.95,1107.3,667.07,395.02,214.71,70.085,54.026,37.755,16.964
136.91,161.04,129.02,221.45,306.29,504.39,764.7,603.21,497.35,267.89,464.5,469.3,556.01,576.34,533.87,374.75,408.85,430.41,377.49,24.518,4.1718,6.4223,43.046,114.06,215.29,268.82,385.8,434.12,618.41,426.27,719.68,431.94,609.16,509.98,884.23,1709.2,1808.3,1343.4,1135.2,1477.9,1333.2,801.19,846.47,600.25,591.76,497.2,305.99,271.75,271.37,475.24,344.7,249.51,183.49,596.88,748.25,603.09,866.04,956.69,1216.1,1622,1275.1,1202.4,877.6,842.77,1037.8,915.5,588.43,924.91,1487.6,1404.2,1643.5,2198.7,1805.9,910,707.25,684.13,887.75,1263.8,567.07,656.07,1029.6,830.28,476.33,864.52,521.18,654.43,1220,951.6,1588.1,1276.6,608.31,550.16,556.48,806.17,899.36,1020.2,1297.9,1547.4,1005.6,737.28,502.77,448.73,361.38,1210.9,2018.8,1215.1,1221.7,388.77,142.26,58.35,49.551,46.451,48.729,52.767,97.276,51.466,7.6033,4.5417,115.86,222.16,216.8,45.435
5.7392,38.738,13.436,0.81886,4.2036,12.332,7.0231,95.431,124.23,254.15,164.9,133.29,166.25,198.17,218.8,135.74,266.06,145.69,296.93,322.56,497.96,672.17,887.02,819.11,943.37,1044.3,802.85,1081,1257.9,1639.8,2052.2,1193.5,615.99,971.12,2353.8,2079,1359.4,328.69,437.14,668.8,838.28,1019.2,514.83,393.18,295.11,388.73,631.47,270.84,584.4,602.6,715.78,571.56,5000,1200.8,927.71,481.29,273.36,283.52,237.98,138.67,194.75,131.96,345.16,275.4,253.12,421.55,696.52,970.68,900.69,592.55,676.64,1335.9,2202.8,1102.9,616.07,1801.5,1587.4,1673.1,706.95,765.27,1206.5,585.01,622.15,1045.7,1230.2,1323.1,553.3,515.65,419.73,254.5,283.78,284.53,809.22,559.18,325.66,107.95,107.46,101.56,134.23,296.24,511.49,403.65,182.84,204.47,400.92,123.82,218.84,5000,346.49,578.27,957.25,1199.2,1024.9,587.97,806.34,1059.2,784.42,133.92,40.563,66.584,42.431,124.03
21.606,11.99,17.379,5.3398,23.874,109.97,71.521,12.64,37.284,35.653,52.527,66.642,101.92,81.453,142.91,148.35,195.16,181.84,210.97,289.47,312.12,522.51,264.77,213.09,421.57,207.6,434.8,178.76,125.71,70.403,173.45,439.98,1069.2,771.23,628.9,287.22,259.23,394.98,107.44,121.86,142.61,323.57,439.9,360.65,705.75,1544.9,1082.6,906.71,1293.9,1826.3,851.65,489.43,442.08,867.33,1683.9,1684.5,1994.4,2338.6,2050,1832.3,1138.2,532.88,294.01,304.98,193.96,199.84,134.61,37.023,45.664,21.545,107.55,417.58,298.84,357.32,333.48,623.3,485.3,366.59,381.9,237.41,578.44,1331.6,777.2,942.29,5000,1699.7,1344.1,1075.3,981.56,448.18,770.61,406.14,786.83,1349.9,1253.3,680.22,415.15,958.2,1417.9,991.62,779.15,379.24,147.94,90.205,30.399,37.442,6.7536,36.929,33.367,25.238,20.273,127.92,729.16,675.73,1184.3,442.28,132.23,95.09,31.758,40.248,26.609,32.726
38.109,7.0151,9.7627,6.098,56.336,16.848,40.195,35.456,13.456,37.339,162.17,98.831,362.49,279.3,527.76,322.47,299.66,774.22,1072.4,992.45,1110,806.23,907.34,825.57,1190.6,970.11,639.64,887.06,814.53,810.78,750.51,211.38,145.83,44.638,137.2,150.46,189.74,199.46,65.914,139.68,178.72,252.2,557.27,875.28,799.75,1214.9,1261.4,920.99,1244.2,1078.1,859.73,837.51,963.8,480.56,665.87,1166.8,1387.2,1476.9,1681.3,1908.4,1305.3,1298,1169.6,748.11,706.51,1214.5,985.65,1335.7,1410.1,1155.3,768.64,537.65,482.11,557.71,1141.7,974.1,684.46,868.98,375.68,929.64,928.77,406.1,421.81,455.17,139.74,31.361,2.5185,73.984,100.78,74.09,95.081,126.65,452.83,579.59,825.51,931.26,1381.9,1732.6,1870.6,1083.8,196.16,89.366,30.699,58.881,39.082,31.994,11.658,6.9692,28.533,69.837,57.885,122.06,32.643,29.939,42.223,22.146,29.22,121.73,21.096,54.712,23.197,0
0,0,0,14.836,1.802,1.0626,0,4.9237,50.322,20.455,5.576,38.879,106.86,161.76,331.24,759.57,544.82,492.3,999.95,820.81,421.42,445.24,503.81,588.18,710.86,658.24,890.49,1315.3,822.92,1089.2,1607.2,1613,1573.9,981.46,826.12,548.36,460.2,510.49,287.25,79.924,51.45,69.853,145.28,342.99,457.91,754.52,965.05,652.48,966.26,480.09,389.91,369.38,1033.4,1448.8,1544.5,1481.9,1607.6,2403.7,2193.8,1133.5,1401.7,1120.5,1261.4,1731.2,1289.5,888.79,991.35,700.37,924.98,726,547.9,1400.8,1212.8,991.3,543.51,346.45,782.57,1049,1049.2,921.98,1966.9,1097.3,563.46,976.68,1370.4,1181.5,943.61,745.95,505.14,765.32,1360.9,1731.6,1265.8,1075.3,1064.1,1224.9,1986.6,1460.4,721.5,321.98,242.46,415.39,612.1,652.19,436.24,629.06,1087,1048.1,899.42,527.89,471.4,266.11,67.476,65.752,104.28,210.23,126.65,293.73,403.8,146.39,48.809,2.829
33.813,57.098,7.8003,26.484,32.391,18.265,29.199,47.214,24.071,34.132,172.32,41.897,171.04,219.19,379.67,546.47,291.09,127.99,169.89,95.952,130.02,131.94,247.1,377.49,539.67,624.14,811.42,345.65,128.53,159.1,153.85,306.06,786.76,684.77,990.21,832.72,1163.7,1309.6,1176.4,843.96,731.73,295.96,276.98,87.068,164.41,5000,667.96,714.26,633.79,634.72,550.32,620.54,559.88,538.26,461.89,347.23,307.45,998.69,1815.2,1718.8,1689.4,1223.2,817.53,979.91,1748.4,2460.8,2217.6,833.61,439.09,400.43,393.96,710.93,1269.1,1257.9,1080.1,837.31,775.03,647.66,543.3,623.49,319.7,177.07,128.26,202,233.7,96.832,34.615,29.324,19.675,22.506,62.412,32.748,16.483,45.942,26.629,71.108,100.44,91.713,46.733,59.629,48.721,40.778,39.775,232.85,546.16,694.89,883.17,997.26,1154.5,710.81,295.48,90.579,60.333,230.07,239.34,130.81,91.8,56.784,218.82,81.117,349.41,579.05
24.613,76.751,188.58,141.53,356.79,466.48,465.31,413.02,70.825,38.147,53.818,45.328,279.69,139.62,204.12,199.86,189.3,154.62,261.98,358.18,299.34,147.35,193.75,83.826,170.85,245.21,211.15,384.53,429.44,5000,509.44,675.15,632.97,1141.1,1722.1,1070.5,1058.3,1242.2,931.06,971.15,962.68,913.9,516.38,660.28,759.84,1152.7,5000,1602.3,1399.8,2057.7,1840,733.23,377.47,797.04,881.36,882.59,970.03,1284.9,1328.8,1400.5,5000,1841.3,1411.9,1686.6,1802,987.94,677.85,805.38,1365.4,1156.7,1139.9,873.14,1158.7,855.72,1420.2,1867.7,1675.6,1145.4,524.65,464.76,416.32,405.61,330.26,457.44,279.73,401.53,405.26,451.19,324.36,297.71,202.12,259.29,331.69,338.19,540.49,466.42,723.85,1020.3,1342.2,1725.4,1533.3,1909.5,960.06,743.39,377.26,254.93,246.3,295.7,414.32,486.91,336.17,652.01,914.46,1191.7,698.09,211.27,15.75,70.146,61.329,52.34,2.6973,3.9253
464.16,845.8,586.41,617.05,377.37,522.92,295.42,289.98,219.49,730.69,1336.4,791.64,758.37,1146.4,1408.8,1508.1,964.23,414.15,72.875,72.063,33.325,199.36,5000,401.38,278.14,425.84,1096.9,919.08,1184.1,5000,1612.9,2070.7,1884.1,1008.6,583.48,774.11,905.05,1112.8,1055.4,1238.4,1283.3,895.95,666.74,79.98,54.759,60.561,81.277,89.065,357.66,684.66,659.24,673.7,283.83,306.02,261.34,155.52,444.06,704.76,673.48,709.31,890.31,1098.7,1111.4,1085.2,1388.1,635.61,467.27,574.63,783.44,1071.9,1099.9,996.37,973.61,1376.3,1111.6,730.54,984.87,1105.7,1242.8,1112.2,1333.1,814.35,1066.5,1390.3,1020.3,1611.5,1109.5,1558.7,1967.7,1595.9,956.85,1399.3,1703.4,1265.6,1107.9,1339.4,1506.9,2333.3,2006.8,447.15,634.51,566.21,937.01,1299.2,1032.4,708.78,1063.1,829.55,544.11,201.84,139.73,154.64,391.59,698.36,606.74,514.22,438.8,274.71,413.97,317.36,245.85,111.21
392.47,473.8,1085.1,907.24,934.67,1213.1,1192.4,1397.2,932.04,295.95,14.917,15.566,15.344,58.359,152.96,246.27,631.86,188.65,57.032,212.9,905.16,1558.2,1952.8,1101.4,1026,1388.6,1715.7,1320.8,975.87,358.69,409.07,749.55,690.56,533.3,554.75,760.82,1048.6,490.31,223.09,212.29,920.96,730.46,853.68,1271,1465.3,1256.5,989.99,1219.5,2043.1,2004.4,1941.1,1591.4,1248.6,1028.5,412.47,687.19,2316.1,1765.2,1246.1,1028.3,508.59,991.71,1420.4,1278.3,1150.4,444.48,538.84,241.86,1402.8,1596.1,749.68,521.51,735.88,959.98,789.62,639.92,603.88,548.43,405.23,323.79,312.22,372.16,408.57,514.36,5000,449.09,1058.6,1396.8,1364.7,1496.9,1676.7,1765.4,1741.5,921.43,766.39,814.3,1311.8,1195.3,1144.7,1131.7,678.45,417.51,226.97,52.176,57.202,25.889,34.232,7.5822,3.1548,24.048,0,7.1993,56.059,170.99,214.84,239.47,152.84,518.94,921.91,800.25,632.45,519.35
8.6517,2.284,0,0.5493,3.3812,2.3315,37.506,70.969,62.396,44.554,115.46,51.508,13.07,48.17,17.848,51.33,40.614,45.73,22.652,55.319,101.14,458.24,562.19,416.53,558.4,370.01,865.07,989.04,665.72,679.83,1380,706.54,519.64,881.02,1503.5,1340.7,1636.4,1089.2,876.84,353.77,458.1,167.46,100.07,103.9,1067.3,573.44,649.12,312.44,185.44,80.875,49.703,180.1,142.12,36.833,69.217,77.283,30.254,112.94,33.959,37.558,44.393,173.2,222.33,209.38,474.21,696.82,606.43,569.64,1023.4,830.76,356.55,370.52,689.98,576.52,1230,1116.8,1557.9,1762.9,1899.1,1035.9,770.46,356.16,679.45,1198.5,917.04,765.38,807.5,1144.9,782.61,809.6,955.91,270.69,369.22,173.72,97.483,88.206,33.537,134.25,196.96,101.58,202.75,298.66,772.74,1730.4,1167.9,334.12,93.332,95.584,6.2749,1.7756,0,1.5316,0,20.39,120.67,537.36,426.99,46.406,0.31743,1.0134,9.7283,0
96.006,4.0397,40.323,65.456,142.8,152.45,179.99,205.85,321.91,423.19,518.6,933.1,1234.8,747.5,318.4,72.884,28.809,35.855,99.369,34.705,38.875,22.615,23.476,34.728,94.595,106.69,118.92,446.83,437.98,315.1,441.43,960.4,987.62,651.06,1464.3,1131.4,882.68,2055.2,2234.8,1191.3,1550.4,912.61,1447.4,1743.1,1794.6,1134.5,1023.4,1692.1,1415.7,850.14,2089.9,1956.9,1062.4,360.74,382.33,290.28,608.86,758.34,682.59,798.42,343.47,501.13,473.11,386,558.72,725.68,569.85,625.68,1311.4,1309.3,798.64,721.02,2074.4,1966.2,1834.9,1084.8,705.04,1071.1,1532.5,1617.1,1635,994.21,1132.7,1541.4,864.9,684.52,1364,1990.3,1713.7,1863.7,2560.5,1856.5,1189.3,901.46,1265.3,1654.5,1331.6,1387.5,1429.1,960.16,625.12,424.47,398.3,684.89,889.29,538.68,399.82,277.72,442.72,703.46,229.98,594.01,1085,1357.3,991.59,1495,1746.7,1504.5,759.37,348.59,225.6,241.83
73.709,27.574,47.604,57.636,129.23,52.565,25.406,210.55,232.33,40.733,53.507,15.488,47.135,16.484,49.533,75.898,386.95,995.97,755.64,178.7,48.704,68.868,64.699,56.96,242.98,266.57,357.09,368.39,180.5,306.23,474.55,980.27,1079,510.03,532.56,417.44,369.92,475.27,644.09,972.92,1180,1236.8,1154.8,1149.7,1188.2,1666.2,511.7,701.44,1079.3,786.8,429.97,663.79,612.36,1186.1,1176.9,573.82,318.33,445.85,758.62,761.33,705.25,503.4,401.74,548.41,717.62,943.23,1312.2,1194.6,939.66,523.99,1174.2,1248.3,1005.2,851.35,796.14,1098.6,1434.3,1818.8,1835.6,1616.3,1712.7,925.1,488.65,848.69,341.93,526.62,289.48,505.04,192.01,130.59,46.654,29.305,47.927,84.703,117.53,82.608,101.03,74.764,28.32,75.926,140.18,423.3,299.02,207.62,77.688,75.415,210.04,45.83,54.833,169.33,232.78,140.87,204.09,118.76,275.02,314.35,578.97,428.14,437.57,323.74,470.12,393.57
235.85,89.116,200.22,319.5,97.367,58.196,4.1424,31.405,108.65,120.99,98.499,18.571,14.959,36.878,124.58,159.37,166.09,639.54,1237.7,1560.3,1400.7,681.7,5000,430.35,506.39,579.65,764.79,1029.3,1597.5,1534.7,1089,836.04,726.46,1030.2,762.19,448.29,551.15,1194.4,946.08,996.08,795.31,1023.6,1702.4,1913.2,1551.3,5000,1253.1,1342.7,1989.3,1351.7,1214.7,1089.3,665.36,561.19,417.96,696.41,345.83,458.61,366.3,605.39,566.19,598.59,351.69,763.3,1026.3,594.28,991.74,1496.7,1563.5,1486.4,1399.6,1121,1670.1,1864.1,1664.2,2025.6,790.81,712.49,929.87,1386,1679,1366.4,1516.4,1148.8,797.59,732.83,372.71,555.4,1156,993.27,609.87,676.74,600.64,830.69,912.14,954.33,1260.9,1101.7,1073.9,1204.4,1022.6,1155.6,1389.4,1612.8,1363.3,676.83,524.44,352.51,213.63,167.2,166.78,204.25,221.55,385.86,260.19,534.5,403.89,595.66,676.63,416.5,348.69,373.16
18.075,33.931,282.77,953.02,1071,1750.2,1419.1,1053,589.04,384.58,132.75,17.354,2.6707,41.534,67.279,162.33,186.4,179.11,114.72,164.7,240.75,164.85,267.64,179.03,427.81,460.31,197.49,180.84,428.19,440.9,233.92,184.07,429.91,448.4,350.11,571.21,702.49,872.41,721.1,1095.3,1417.5,1317.3,1064.4,1251.1,5000,1491.8,1138.5,1569.1,772.65,902.01,821.16,1313.8,387.83,466.49,739.32,546.03,411.75,309.64,1502.9,1573.7,1678,1396.6,884.28,1265.4,1609,2089.8,1328.6,328.64,158.28,630.94,514.92,292.36,432.92,941.4,1539.9,718.15,542.07,584.68,504.95,680.37,447.7,298.85,172.9,306.08,517.12,540.72,584.98,521.54,1052.1,1149.5,1541.6,910.7,1039.4,882.85,1143.9,761.3,892.38,890.46,775.49,795.49,420.88,464.93,533.15,895.35,993.05,614.96,448.51,5000,627.98,463.59,124.76,194.34,33.318,54.386,7.7656,25.558,24.856,17.566,44.285,29.09,48.736,81.506
13.359,1.5854,0.46099,0,14.979,5.8164,24.396,53.884,60.588,206.76,284.9,383.99,509.9,312.63,262.42,224.88,386.71,143.5,148.76,386.72,514.48,732.97,1317.9,1181.7,1633.6,1981,1770,1930.9,2009.8,5000,931.76,764.7,768.53,940.06,1052.8,2189.4,1586.6,1134.3,725.55,797.72,1446.4,694.41,216.42,869.63,1572.7,1217.1,908.19,674.64,619.69,365.34,424.33,687.9,1180.5,1150.6,1456.5,1887.5,1569.1,1145.1,1074.2,1341.6,985.49,824.94,686.1,826.05,1350.9,886.39,1191.2,2337.4,2077.3,684.39,754.11,620.24,291.41,485.13,393.76,352.72,163.52,113.31,33.624,22.96,62.836,500.97,661.07,573.95,832.61,904.63,1481.1,1156.5,1100.3,1665.1,1251.3,900.64,1104.4,1021.7,1226.3,1017.9,535.62,337.02,481.35,383.1,358.72,585.4,793.84,1024.9,1506,1371.8,802.96,190.67,99.934,27.585,88.543,124.98,70.555,77.401,47.245,5000,30.906,55.42,270.05,342.79,461.38,207.9
17.001,3.2356,61.213,21.779,43.418,93.252,85.715,223.97,121.36,174.68,336.71,407.72,417.35,214.06,610.18,389.11,479.84,627.93,725.87,1145.2,1256,1163.5,1508.6,1737.1,871.3,730.01,806,794.92,625.86,5000,1239.2,733.72,699.67,795.31,793.04,948.63,1329.7,1221.1,1429.6,1526.7,1011.9,1167.7,1165.5,1336,601.5,5000,900.42,482.92,454.38,479.83,509.55,994.52,1063.9,5000,1320.9,879.67,427.7,734.69,1034.7,629.76,419.67,635.86,658.11,731.84,759.53,1201.7,942.95,389.68,479.7,901.42,1226.7,704.27,1002.9,505.42,438.07,1197.4,2272.7,5000,364.44,484.62,1036.3,781.1,718.11,927.51,5000,1685.2,1944.1,1230.4,1647.2,2240.1,2055.9,1155.3,1022.6,1065.8,1402.2,1214.8,655.26,170.8,235.31,160.97,102.83,112.98,375.13,148.65,196,113.82,251.75,236.39,5000,362.38,605.98,379.5,242.37,501.59,389.42,5000,427.65,403.59,142.26,114.16,158.92,438.75
15.323,1.3904,0.9956,0,0,0,12.411,52.214,52.458,24.614,20.494,23.979,158.11,160.86,115.19,86.682,85.589,197.83,157.87,329.52,341.58,477.77,826.7,1055.7,1305.7,1681.1,1141,742.62,995.98,600.86,244,19.409,102.09,81.4,83.419,118.85,257.11,643.21,943.26,1005.3,976.18,1264,1237.8,1278.1,1652,1529.4,1033.3,1046.4,1156.6,438.73,472.53,486.82,249.42,821.07,827.25,783.56,426.85,681.75,1114.2,600.81,467.54,901.47,899,1660.1,2137.5,1920.1,1288.3,1862,1923.3,2353.2,2667,1788.3,727.6,472.04,321.9,184.42,262.8,5000,271.65,252.76,24.978,6.233,59.98,41.606,0.79415,3.2554,16.688,53.182,88.769,151.68,137.86,176.11,113.58,265.86,210.84,216.1,55.734,30.861,3.008,26.934,52.698,145.21,148.48,244.91,225.93,471.91,193.36,156.44,288.15,296.3,292.97,351.58,159.33,140.57,136.18,288.26,266.51,321.07,412,131.71,113.79,54.033
110.67,93.193,312.78,101.49,363.79,590.88,783.12,439.82,325.06,160.76,171.47,264.73,588.74,506.11,535.48,385.01,281.17,293.22,438.23,727.18,841.12,1281.1,1290.5,1117.6,1083.5,1027.2,1301.3,1371.7,804.26,633.39,906.02,1383.1,1478.5,818.23,559.07,612.8,931.54,604.64,418.12,593.42,566.48,391.93,331.79,397.75,521.46,1040.5,251.32,99.542,158.05,224.79,190.44,359.56,364.8,670.93,1021.5,1110.2,1169.6,580.48,605.95,1148.1,950.71,1170.6,1093.1,1383.5,1058.8,724.29,1097.6,1083,563.93,394.86,462.03,468.55,430.66,237.49,212.75,232.23,389.51,504,450.24,714.45,533.23,626.19,693.54,1211.5,754.72,491.65,565.63,712.13,1121.2,1213.4,1065,460.43,135.23,445.96,663.58,644.82,535.94,673.26,118.42,464.63,687.27,291.35,387.04,525.03,456.65,322.32,209.62,127.25,225.46,595.96,1248.3,437.92,75.686,29.282,50.552,43.94,61.874,139.89,13.741,7.9389,4.7315,3.1634
61.415,29.968,66.814,60.136,188.32,57.794,21.079,7.942,30.841,108.58,23.818,15.526,11.203,13.903,0,4.3291,13.681,22.458,149.69,161.89,309.81,658.68,5000,1523.6,965.65,1185,803.96,527.7,1004.5,1238.2,1377.7,1289.2,870.24,558.86,362.03,988.96,1605.4,1550.7,1909.2,1302.9,766.54,1175.5,1081.1,1389.4,1226,1053.5,1338.3,1221.6,1308.5,915.43,736.64,806.96,1123.6,1138.5,481.89,416.29,1201.3,1151.4,665.33,420.12,643.39,823.25,698.57,843.06,836.01,1540.6,1569.9,946.52,959.65,1439.1,2571.9,976.76,229.05,308.38,739.23,1367.9,2012.2,1647.9,489.67,320.94,259.03,609.96,2080.6,1220.1,482.59,258.15,138.63,170.3,234.47,196.51,163.6,135.75,189.2,449.82,559.27,240.47,371.66,383.67,856.18,1037.2,997.02,483.77,438.97,398.1,283.73,531.53,123.75,250.2,171.94,144.98,303.7,620.04,1091.5,679.78,675.68,770.43,761.13,570.31,1476.5,1463,942.58,244.79
35.562,1.8587,9.5043,279.21,541.23,506.02,202.31,72.94,48.537,7.8783,107.27,245.76,336.59,392.19,284.93,294.29,441.25,236.69,293.3,764.3,497.13,584.32,416.84,366.74,183.88,304.18,208.35,32.736,23.659,36.279,90.553,19.395,40.218,100.28,130.52,177.39,98.771,254.16,483.56,591.86,674.2,839.16,746.86,607.86,595.55,572.29,391.14,370.47,681.91,732.14,891.94,1164.3,1430,2069.4,1510,1102.5,870.63,1435.4,1219.8,1032.9,515.33,823.85,770.65,874.81,764.27,712.88,1124.6,1533.1,1777.1,1248.8,960.13,1182.3,1219.1,1592.6,1468.2,785.33,1407.2,1644.2,1395.7,1918.2,1343.8,1639,1752.6,1777.6,1266.3,832.17,509.9,622.22,319.68,686.33,877.06,1107.5,938.8,719.63,698.5,156.88,170.97,474.58,373.09,544.33,305.23,880.5,1714.8,718.68,376.72,126.98,35.423,52.529,27.162,9.0773,68.093,29.084,68.452,232.87,408.79,258.18,117.02,56.507,49.207,27.475,9.8409,0
1.9693,3.1887,1.4378,5.8454,0.34817,0.28217,0.12499,1.5727,68.788,134.43,159.42,300.11,276.45,87.359,247.47,221.3,351.68,271.85,437.69,287.11,404.64,537.07,373.63,323.67,434.41,716.47,1206.3,1183.3,805.09,1283.2,1585,1419.1,1807.2,1015,633.2,398.13,280.54,147.89,184.72,546.96,728.32,804.84,710.25,641.2,275.96,496.2,954.33,1197.8,1365.3,1719.9,1424.3,636.97,582.11,743.15,1593.5,1803,1764.4,1233.2,997.56,833.43,5000,1277,1367.4,1053.8,1105.6,987.25,685.65,1561.8,1510.7,267.88,390.26,551.77,1405.5,1650.2,1181.3,1462.1,1148.6,1004.3,1297.5,1333.5,1744.5,799.1,453.43,555.27,330.73,549.26,435.03,556.85,610.59,1020.1,691.01,537.63,1205.4,1332.6,943.08,875.43,866.34,1249.9,1603.6,1448.1,2014.5,1235.3,497.09,275.03,192.64,501.13,697.76,743.23,836.07,1148.7,801.32,623.41,273.8,429.83,386.45,734.62,642.76,511.63,664.15,488.84,522.69,467.18
9.7612,21.087,52.011,54.594,166.62,134.1,57.241,132.45,163.99,273.93,511.8,427.17,680.1,5000,822.34,512.5,818.07,401.08,439.09,58.415,27.815,55.969,47.016,108.28,25.708,91.471,462.86,1014.8,414.9,279.28,900.8,837.31,775.59,599.87,970.64,1332.2,751.63,572.54,369.68,363.67,93.082,255.24,509.27,478.39,305.75,392.39,684.72,1474.2,1244,627.06,314.52,197.3,283.05,366.18,413.66,412.93,296.35,292.36,87.538,337.55,352.7,644.14,1204.4,2123.9,2067.4,1218.1,512.63,654.79,824.78,1872.8,1703.1,2053.5,879.35,174.24,286.15,1126.1,1330.2,1976.9,1849.3,2039.2,609.81,176.05,498.07,5000,1094.5,206.92,242.38,719,406.4,561.57,360.66,355.77,503.32,332.11,499.69,797.05,619.34,493.95,157,102.08,279.72,310.45,162.66,213.3,793.95,423.4,215,139.38,2.7796,2.6625,24.207,21.035,89.028,10.389,24.505,50.764,34.694,83.762,40.244,74.675,44.253,81.202
164.46,118.66,149.99,245.29,134.81,177.96,217.75,305.94,308.61,243.58,111.9,75.598,48.559,94.864,187.04,106.23,116.98,39.709,32.504,104.82,220.6,77.283,41.48,238.94,530.75,852.1,834.5,668.58,279.25,208.79,365.16,244.43,201.23,434.65,715.73,1029.3,845.29,503.31,546.81,695.37,693.71,664.95,694.86,751.59,1276.6,1757.3,1969,1360.4,567.75,498.36,724.17,693.56,516.13,922.38,1542.9,1550.7,684.54,563.03,1322.2,1886,1701.5,1388.4,1352.3,1919.2,1274.4,878.74,1456.6,1671.4,2364.8,1869.9,732.08,295.67,431.77,419.16,717.93,1306.7,747.97,5000,577.15,597.7,888.99,689.85,787.03,298.78,5000,150.91,70.338,134,423.9,769.83,555.4,459.12,405.87,481.29,522.18,586.9,649.34,53.025,24.468,51.624,135.21,142.4,779.1,1138.6,1118.6,672.76,502.47,593.67,825.82,275.16,241.9,290.98,548.91,945.89,949.29,947.66,578.72,210.51,22.867,32.511,64.954,57.555
94.272,45.749,39.071,44.842,0.59449,5.8861,5.6644,0.37558,3.0874,0.66034,28.589,52.996,188.05,191.82,319.24,190.58,316.93,537.91,420.74,1178.9,1783.8,1776.8,5000,1065.3,1835.1,1571.4,1302.3,1369.4,535.35,502.23,473.25,903.82,197.31,79.155,304.29,478.74,976.3,1973.3,1306.4,724.68,315.99,191.29,490.31,1058.4,1090,681.03,5000,1549,1098,953.77,1578.1,1899.8,2310.5,5000,1630.2,1140.3,1743.8,1494.4,997.39,364.26,306.29,423.51,419.12,819.8,834.25,1114.3,1255.1,1367.5,1064.5,740.69,608.09,649.87,1074.9,988.43,1308,1886.5,1398.7,5000,882.44,460.87,898.41,951.03,1059.8,291.32,5000,194.34,77.843,62.157,44.645,99.964,50.696,35.371,16.648,128.3,22.021,38.052,36.996,51.959,15.854,28.175,82.278,455.05,1134.6,1051.3,543.51,679.32,656.27,382.25,32.96,10.138,31.727,55.332,51.204,44.029,35.614,128.69,99.25,86.052,101.28,84.328,227.73,267.34
11.309,0.19507,0.97593,24.447,86.821,49.276,104.55,171.69,357.68,141.72,301.29,399.59,441.96,171.91,203.38,647.12,511.99,341.08,155.41,19.316,1.8568,11.547,76.936,163.46,180.76,215.67,110.68,244.61,723.75,188.82,406.51,391.14,644.59,784.46,606.38,1261.4,1363.2,1017.8,629.7,628.6,788.96,1107,1036.5,1196.3,748.45,192.89,219.27,196.15,764.58,465.23,565.94,563.71,443.19,140.79,482.05,288.39,775.32,759.97,563.12,326,71.531,76.488,49.672,156.34,292.25,645.48,841.49,858.67,297.75,246.42,200.6,348.33,1120.7,526.02,442.05,427.2,340.52,539.12,346.92,953.76,804.07,1044.7,554.4,1124.5,5000,1817.2,1484.5,1363.1,1749.6,1591.2,1163.3,822.39,274.27,317.77,406.47,368.78,816.59,543,790.2,1148.2,1361.8,932,1106.3,883.61,740.19,551.55,1134.8,788.41,5000,299.62,98.981,295.41,399.72,299.9,272.52,221.29,183.57,8.9645,59.752,46.29,18.078,15.998
50.229,71.183,32.844,37.3,38.347,49.326,27.047,13.409,60.172,110.59,107.76,246.28,394.4,362.07,172.52,432.92,437.45,196.19,317.79,308.37,387.49,580.22,807.02,695.81,638.14,668.45,654.65,1314.4,844.3,358.5,616.97,602.63,609.65,625.55,563.41,846.56,671.32,680.38,670.01,702.22,608.25,728.66,1155.5,1728.1,1131.3,1009,666.98,616.35,1229.9,670.91,627.06,1506.7,475.01,608.59,782.79,1519.4,1509.7,1245.5,826.64,500.61,583.81,1180.3,810.95,925.97,1446.6,2075.4,717.96,229.68,344.1,498.21,729.32,685.2,389.7,259.99,73.349,82.185,129.24,314.68,487.86,854.88,871.43,707.59,913.72,805.37,851.44,657.43,327.39,267.93,250.29,321.52,271.77,288.49,165.98,282.68,458.24,296.53,149.31,448.64,294.03,326.41,290.62,424.68,311.05,268.75,179.27,179.48,286.09,5000,317.37,358.37,417.13,719.52,955.27,595.58,848.06,775.26,281.93,139.3,263.74,233.31,718.99,514.41
84.133,71.103,30.291,44.519,197.67,223.21,562.36,117.37,293.77,482.34,427.77,336.53,712.35,724.68,438.64,512.3,548.13,645.69,553.74,250.43,588.48,1082.8,5000,544.61,279.68,482.27,622.64,936.95,1164,893.4,990.7,2062.4,1395.4,491.95,207.92,792.77,585.66,651.51,424.34,297.85,349.17,1295.1,964.27,1194.9,857.58,5000,5000,358.71,472.31,407.23,1290.8,1037.9,749.71,1154.3,1335.5,620.95,611.74,896.15,818.74,336.19,227.36,89.149,156.11,136.64,361.02,1097.1,958.15,864.79,847.02,720,811.89,995.43,1135,614,1376.3,1349.6,700.22,5000,501.2,969.62,1086.6,872.09,1382.6,1272.7,648.9,1220.2,1210.9,1001.5,1047.8,356.77,579.15,769.8,1302.6,815.56,168.92,190.46,114.82,64.262,75.108,143.69,105.96,404.68,881.73,685.89,373.56,729.25,702.52,229.63,89.061,75.023,222.51,338.5,463.3,594.29,323.46,5000,515.67,341.16,410.39,377.08,402.94,179.77
698.91,226.19,251.93,203.81,112.43,100.57,42.769,76.309,129.92,228.68,160.4,122.47,217.42,512.53,563.25,787.11,755.73,1002.2,598.85,789.23,1326,1063.3,595.99,598.37,841.88,321.2,867.19,1550.6,1137.3,1286.2,1170.3,1848.6,2070.4,1678.9,1912.6,1208.9,408.93,620.36,657.88,264.88,583.01,447.52,729.35,895.79,968.35,1009.8,5000,504.24,659.45,1402.3,1294.2,899.82,1112.6,1539.8,1463.1,420.55,633.08,913.25,682.32,649.47,568.8,931.14,946.18,1087,1208.6,1143.4,1445.1,1418.1,1058.3,803.66,457.82,445.55,768.41,1134.4,1033.5,807.29,1439.6,2066.5,971.63,1191,728.71,842.5,1143.2,2192.3,2436.6,717.41,261.65,224.77,711.15,820.66,1244.1,1432.4,780.73,531.91,811.98,1206.3,1119.3,1180.8,1165.7,803.9,336.45,329.56,423.57,619.83,597.29,1123.3,1148.5,870.77,801.29,596.07,600.54,519.8,464.23,627.48,567.15,790.47,1182,1077.2,713.1,725.58,551.85,347.73
21.605,47.43,20.801,78.987,44.118,144.07,215.08,905.15,887.78,563.94,713.89,1001.4,519.12,373.16,225.02,127.12,87.662,46.808,220.31,181.36,254.47,136.6,171.44,270.83,49.063,16.755,74.708,205.02,171.42,515.26,438.19,102.78,226.32,100.11,142.19,156.26,164.83,358.67,202.72,445.79,554.76,674.27,1045.5,853.09,552.74,911.39,1310,1271.2,1104,1394.6,1411.2,1422.3,884.51,1904.3,1705.1,1263,585.12,1438.7,1219.8,2145.3,2341.9,927.25,360.11,701.61,1551.5,860.22,567.75,663.05,845.82,594.12,539.57,537.97,733.61,1051.9,888.45,602.49,772.67,1018.3,949.35,895.65,1239.2,853.9,858.09,2057.1,2014.8,1206.4,467.29,604.73,849.32,809.15,980.86,685.42,656.09,616.13,459.32,418.74,692.85,861.75,538.42,516.06,264.08,45.476,28.797,22.574,120.74,114.09,161.92,107.84,64.485,38.984,46.992,14.607,6.8138,20.089,75.632,152.4,269.28,54.402,7.691,0.22038,11.889,23.277
2.379,0,0,0,0,8.5955,23.905,16.427,63.363,58.925,52.401,57.24,34.407,83.097,65.46,61.298,125.84,140.34,652.56,1149.7,894.85,872.91,1245.1,943.7,115.43,67.669,82.424,177.98,67.504,164.42,102.72,244.63,236.39,60.944,137.26,34.962,33.64,99.535,57.559,81.808,301.37,521.21,650.21,469.96,257.16,633.2,426.04,936.37,955.4,724.49,1408.2,1141.9,490.15,202.09,567.47,528,1284.3,2807.6,1914.2,825.15,521.52,544.18,812.19,1001,757.16,575.73,227.07,1189.8,1606.6,963.95,720.96,661.28,759.05,839.73,903.15,624.73,1764,1542.7,1453,968.29,1526.7,1545.7,663.76,371.79,727.43,728.49,569.99,260.87,562.54,562.1,363.79,194.95,197.46,712.41,1414.2,1262.6,885.77,776.93,1377.4,1514.6,699.03,632.33,821.98,691.55,294.88,133.49,44.466,26.66,11.035,33.097,32.672,0.15341,8.9922,0.27365,0,0,47.33,130.63,28.985,59.432,8.4301,11.055
118.67,70.638,7.1312,4.6309,1.9559,19.251,37.298,19.864,124.68,104.57,93.267,174.91,223.64,443.65,599.73,1068.5,1010.4,671.58,603.02,305.03,187.89,315.92,218.73,484.26,1316.7,1696.8,1336.6,549.87,279.46,109.08,161.83,292.53,549.68,772.36,500.3,510.87,1726.6,1816.7,1974.9,1461.1,2008,1189.3,1064.4,1210.9,1731.2,2883.8,2504.1,1555.8,632.79,197.25,47.81,69.403,61.178,242.32,422.59,525.28,435.97,628.47,602.2,512.17,458.37,638.47,1213.5,896.2,1245.6,1415.5,1341.9,604.59,167.79,198.39,16.602,75.325,179.98,271.77,386.94,1044.4,1364.9,1036.5,828.48,1388.6,1644.5,717.5,218.77,119.56,377.82,481.91,146.21,55.977,80.041,265.91,301.08,642.09,1008.2,1419.1,928.77,950.2,758.5,708.38,905.09,1510.2,1416.3,1182.3,1108.2,330.31,228.62,322.37,1129.9,1029.6,853.31,601.28,696.9,394.52,357.27,522.74,488.83,739.7,1357.4,1801.3,1105.2,643.66,434.68,290.95
26.502,13.752,6.4249,15.311,18.366,151.55,38.379,106.12,128.87,589.21,482.84,473.58,913.67,1005.1,2128.4,1937.4,1316.5,863.4,620.06,950.89,661.24,1147.7,1083.7,1105.4,783.95,1215.3,1547.7,1040.7,1807.5,1707.7,1311.1,1255.1,904.33,1071.7,1133.1,707.22,450.2,1145.8,1350.9,1704.4,1682.2,2319.6,2201.8,2112.2,1383.1,1162.9,1681.8,1495.6,1460.5,1545,2468.3,1486,734.55,909.25,776.67,680.58,1007.3,665.46,824.35,1375.8,1029.1,1396.2,1897.1,1395.1,1642.3,1205.8,790.55,787.71,799.6,830.91,738.59,1228.7,1315.4,1317.3,811.48,260.88,733.82,792.01,956.84,1854,1676.8,375.94,424.32,580.58,1165.7,1312.2,1388.6,1571.2,927.64,882.18,1841.2,1301.6,947.76,1137.7,1591.4,903.92,1761.7,1915.1,2385.3,981.19,483.28,220.91,359.1,419.82,388.96,614.42,698.39,469.83,619.6,1169.5,1151.2,315.5,17.213,12.729,5.9819,67.93,40.323,3.1653,6.1421,3.0246,4.0845,22.419
0,9.9079,0,0.28137,1.8476,0,0,0,0,23.565,0,1.887,6.9608,28.755,74.295,168.82,277.82,352.94,496.52,440.97,250.04,807.8,505.19,621.76,273.07,322.78,634.44,507.05,382.93,373.73,556.11,219.68,150.46,80.198,37.077,41.054,137.72,517.71,272.11,832.96,1020,937.06,655.69,1067.5,1652.5,2029.6,747.78,2111.1,2085.8,2302.9,1536.1,1306.4,1332.3,2156.3,2100.1,1469.5,549.75,339.25,1151.3,1046.3,677.86,562.87,1276.2,1545.5,1153.6,882.71,923.33,778.21,1195.2,1040.7,976.04,448.93,324.83,401.21,415.03,125.89,282.32,466.48,796.76,634.95,675.43,862.51,708.03,992.6,858.06,1093,923.48,705.93,554.28,552.47,527.32,903.13,1550.9,1819.5,1972.9,1651.3,739.43,334.15,809.33,561.09,130.25,141.43,142.49,228.25,224.84,533.45,279.43,368.9,496.13,849.2,520.89,315.45,95.088,44.396,30.895,45.482,66.226,199.44,348.68,113.96,52.69,80.012
41.662,29.894,66.932,8.2985,10.325,72.076,58.656,41.98,21.048,83.789,152.96,466.5,379.79,138.12,105.51,96.61,99.244,620.33,1179.9,837.44,895.94,258.99,393.5,329.33,61.357,113.62,123.29,245.85,217.98,300.99,219.46,184.93,224.4,355.46,419.72,271.43,527.74,521.43,394.79,400.27,468.02,378.87,486.79,497.65,587.42,687.73,319.61,320.37,616.06,913.62,1304.2,1145.2,1083.6,2006.5,1460.6,2069.9,2611.5,2297.5,674.01,382.76,525.79,1926.4,909.65,615.12,837.09,1075.6,1136.2,781.45,684.01,427.51,417.42,148.13,171.09,314.49,445.82,398.31,665.89,686.67,647.83,833.9,1313.7,1258.3,730.78,812.07,376.32,345.45,784.81,856.51,605.35,506.64,1000.1,637.66,598.23,431.97,402.7,299.09,480.65,735.72,782.01,812.59,645.06,484.11,492.45,321.28,239.26,387.25,511.7,629.46,359.11,284.64,58.629,38.007,45.038,23.505,56.818,56.02,110.79,131.9,89.547,26.483,31.128,280.88
411.36,158.53,350.06,96.887,155.68,31.349,6.2335,43.689,60.948,69.737,47.681,64.74,136.94,175.62,315.8,437.89,395.61,551.3,480.96,462.41,545.81,372.83,704.79,1252.1,1198.7,1100.7,1062.4,1551.6,1167.7,603.98,364.82,449.57,481.74,1091,1089.4,1047.1,989.79,725.72,667.38,834.65,510.22,525.4,470.14,451.29,591.59,549.43,803.58,582.33,833.07,1040.4,976.04,815.18,1114.7,1524,1978.4,2022.2,1579.2,1153.5,1215.3,2187.2,2522.9,2754.6,1734,437.38,738.07,1222.2,1874.1,1714.2,1234.7,88.472,90.739,366.85,380.39,398.66,321.2,305.35,287.56,334.44,722.87,820.5,1218,998.46,1370.8,1863.4,1814.3,1479.5,1379.1,601.57,650.81,1417.3,1199.5,1246.8,1298.3,745.96,190.77,149.31,147.61,363.88,621.58,787.12,907.44,1166.9,1070.4,740.48,649.79,544.37,520.61,408.37,486.31,370.48,226.09,238.44,269.33,249.31,206.26,228.68,93.491,100.04,130.86,153.98,154.91,63.292
6.7153,0,8.6503,16.277,15.384,39.073,73.3,143.2,372.8,399.42,133.31,39.605,83.019,218.72,441.11,1099.5,607.01,94.08,199.56,324.53,143.22,111.26,183.89,427.99,300.61,546.36,746.71,961.94,1341.1,763.84,646.83,881.55,1258.8,1623.6,2495.7,2146.8,1863.5,1399.5,987.48,1043.5,977.66,1813,1137.2,1003.9,692.66,857.98,800.22,880.6,849.13,587.03,265.71,159.96,294.22,117.64,100.07,183.18,224.49,519.93,562.11,931.79,755.59,674.83,641.35,1284.8,1337.5,1054.1,556.28,905.03,840.17,736.23,422.18,1012.1,1056.4,1537.5,1270.9,938.95,583.79,284.55,324.43,488.25,194.5,505.43,553.25,366.43,492.84,804.65,621.91,1023.6,1286.8,511.94,375.29,635.51,863.33,933.95,353.92,298.2,194.72,354.48,796.68,732.8,1415.9,1119,782.12,1635.4,1763.4,1660.7,1463.8,1633.6,1138.3,815.98,367.92,320.1,525.46,844.37,814.56,348.96,436.33,385.12,297.81,114.07,195.63,144.44
44.997,49.757,102.63,52.339,4.4876,9.2812,52.848,100.37,106.66,137.78,527.42,917.97,407.86,371.2,327.44,368.32,568.27,778.32,1420.1,1181.6,1576.8,1851.2,1219.6,933.05,229.97,122.98,150.93,186.23,297.74,146.8,73.143,118.26,76.638,52.186,196.9,399.26,589.6,751.03,219.71,482.93,1402.1,1053.8,364.22,796.09,1150.6,1009.4,365.73,699.66,1726.6,2022.2,1551.8,1252.4,1264.6,1262.8,610.59,741.37,940.7,1331.8,1543.9,1211.4,1432.1,994.26,770.52,1182.4,1612.9,799.29,845.68,1084.8,1773.7,1888.6,1143.9,682.66,611.93,522.4,160.59,143.09,494.76,631.79,287.49,449.17,674.65,812.26,498.3,221.99,82.497,91.697,387.97,627.75,329.19,459.52,808.9,815.74,958.58,1283.6,1012.6,1319.9,798.01,409.05,455.56,269.55,806.51,526.65,777.4,888.06,832.65,1739.3,1505.8,1212.9,1123.8,1210.4,909.76,520.44,766.96,760.48,544.01,463.25,772.05,368.5,375.28,242.31,309.06,269.38
228.6,76.112,171.35,352.18,208.76,530.71,1196,623.68,308.21,232.92,145.62,135.85,155.96,216.97,116.77,242.46,136.16,411.02,498.87,546.34,440.49,357.19,134.69,21.561,47.263,40.568,88.255,440.35,439.24,856,288.3,404.08,825.16,900.74,384.01,338.92,530.47,593.83,701.44,1003.2,763.85,1279.9,1535.2,1824.5,813.98,923.05,1287.3,1671.4,2299.7,1804.2,1156,284.54,112.31,152.92,198.96,704.8,603.42,591.84,289.33,525.45,328.71,140.24,98.732,20.561,3.4932,14.574,18.336,26.953,313,377.98,645.6,711.74,658.87,572.92,695.79,777.91,837.39,259.81,668.79,994.61,359.22,413.84,283.57,413.49,129.72,499.95,127.45,293.08,473.32,934.95,719.41,560.6,575.55,531.58,527.98,288.21,262.51,327.13,383.06,282.36,199.73,76.772,2.7726,4.5203,8.2441,71.932,471.45,175.19,169.37,112.09,497.75,34.696,66.069,115.72,146.4,275.2,173.03,78.209,54.536,53.86,24.444,6.2015
170.39,227.3,305.67,409.77,379.08,262.42,274.38,388.65,410.22,445.33,334.39,380.43,1001.9,2319.3,1792.5,1822.9,1431,1488.1,700.05,726.81,333.76,537.43,548.71,928.01,772.5,895.53,1090.8,506.89,599.68,1813.9,1693.1,1353.2,891.62,1371.1,1139.9,511.27,780.65,810.56,1990.8,1951.7,1965.5,1887.8,1272.1,751.1,554.09,1086.6,1621.7,666.3,915.16,901.41,863.12,1040.2,1304.8,946.34,1099.3,724.26,608.63,863.02,581.31,591.46,115.27,164.44,370.73,312.23,580.75,885.46,684.87,575.93,983.4,982.49,973.43,1246.6,1345.2,685.37,1121.2,1672.5,1744.1,965,641.48,644.61,644.12,857.69,667.93,529.59,1116.9,446.63,136.2,476.82,73.927,162.06,114.15,605.26,1054.2,548.8,438.46,105.97,225.87,178.98,138.28,183.51,241.86,41.599,109.4,107.39,381.72,156.79,111.45,62.537,158.28,110.12,114.32,107.3,156.45,8.3587,17.865,24.401,9.1645,334.94,125.62,53.821,8.7793,81.53
246.61,60.318,62.523,45.018,55.716,228.34,74.043,79.732,58.855,544.42,298.11,256.76,227.19,129.38,319.36,132.05,411.53,203.07,484.46,348.77,705.43,910.53,693.11,1355,1874.5,1566.7,1483.4,1584,890,558.88,367.11,493.58,377.45,353.98,214.08,102.25,19.605,30.512,51.973,48.064,30.844,28.022,104.95,78.388,410.26,327.82,463.74,514.26,968.75,707.16,754.98,250.27,60.707,33.784,36.493,141.79,38.684,10.573,5.9403,106.59,151.4,631.1,456.25,625.28,1119.4,891.52,1126.6,756.37,1004.8,1160.4,879.35,731.84,853.04,1445.5,984.78,763.21,1616.4,1696.8,1834.2,1190.6,458.57,717.79,677.18,827.62,1165.8,1692.3,1025.7,198.75,492.35,868.75,539.37,1072.4,911.69,1116.9,1214.1,1328.1,1498.1,969.07,1010,670.6,455.24,537.5,858.45,906.06,962.52,155.58,2.0506,7.8616,6.216,14.735,78.994,149.82,101.12,141.45,252.73,356.96,330.86,179.69,54.875,25.227,9.6457,10.262
20.015,0,0.59436,5.8137,23.699,32.527,96.117,61.546,30.428,8.7568,13.601,84.076,193.8,293.01,366.47,213.82,602.55,675.59,1166.5,616.7,755.72,886.93,1094.4,1106.5,774.65,824.84,772.85,882.5,637.05,518.26,623.62,673.93,658.03,629.1,1173.2,614.79,748.31,638.11,885.17,867.47,919.81,593.2,529.81,570.33,1161,1271.5,978,344.54,610.03,710.93,1430.6,1112.7,1425,1609.6,1993.4,1359.3,2236.7,2809.7,957.49,367.57,476.21,945.16,878.03,757.2,766.13,489.28,878.45,563.97,605.34,555.98,1000.9,1512.9,1123.1,1346.7,940.65,756.98,625.06,324.02,542.12,730.4,317.74,332.92,524.33,1208.4,2047,1351.5,533.64,600.14,1330.2,1999,1143.3,872.85,811.88,1891.2,1034.7,612.47,971.16,875.13,1258.9,1293.9,1024.8,986.19,660.33,201,301.51,923.96,1225.2,684.88,369.61,411.15,610.05,546.36,649.9,561.31,930.73,898.46,852.69,512,608.36,740.17,1005.9,566.84
185.57,26.384,33.465,15.532,10.927,38.734,152.26,159.1,175.67,495.74,437.02,760.11,300.68,746.82,2117.6,1960.6,1085,525.98,543.39,166.26,136.16,0,0.39533,5.3065,53.043,91.373,156.08,135.76,118.16,403.04,803.43,433.88,222.77,407.57,757.87,390.3,456.57,358.05,270.13,502.88,200.79,219.8,100.49,369.44,191.5,588.4,983.1,507.03,422.08,142.65,234.29,163.53,278.79,361.14,472.06,934.34,1134.3,797.85,994.65,1613.1,1655.2,903.58,962.48,1169.4,1159.5,1266.2,1652.1,1050.9,1537.5,1630.2,1150.3,1665.8,1778.8,1067.5,907.96,1624.5,930.03,449.82,158.1,197.67,546.24,1165.7,1466.3,1431.2,803.97,297.03,106.35,195.93,33.302,9.8424,8.2445,0.12037,61.535,177.66,374.45,183.67,121.24,131.57,185.25,43.397,67.481,93.146,377.37,203.62,199.97,72.335,404.17,138.01,120.36,251.81,412.85,522.08,703.64,236.52,147.41,305.58,383.62,567.8,267.85,159.56,68.633,205.55
0,26.753,0,8.4786,4.9029,10.663,26.451,88.555,62.741,21.617,45.191,14.927,21.679,133.9,70.739,105.26,28.787,49.274,139.86,157.77,202.76,364.92,584.69,853.58,1229.6,1680,1868.6,2136.9,2248.2,1682.4,1951.7,1781.5,2036.3,2071.2,1844.8,951.87,648.95,839.96,819.64,574.53,752.46,1359.5,763.29,889.77,1239.6,1521.9,1085.2,527.73,329.3,324.48,381.72,441.23,353.35,532.49,1082.5,851.41,1478,2100.6,1357.9,879.85,2001.4,2233.3,1415.1,803.04,1322.3,1369.8,1416.5,602.22,102.35,59.827,194.75,87.361,144.36,88.755,67.609,496.11,714.9,686,448.72,1261.3,1286.9,837.03,765.85,646.27,613.7,335.48,125.43,84.236,80.274,94.191,46.543,86.212,88.484,50.79,155.23,525.08,373.38,453.17,657.29,410.52,723.52,770.23,814.09,1297.6,1329.4,2310.2,2865.3,1469,473.38,787.91,843.93,446.24,162.6,670.85,801.36,1278.8,369.55,31.434,10.751,91.64,20.15,14.262
243.6,1264.4,691.45,209.11,313.07,353.95,433.35,308.58,117.88,18.813,6.7267,44.114,9.2666,4.0573,9.814,19.622,33.102,40.725,103.7,188.52,94.658,125.78,129.42,314.16,531.51,452.34,548.52,712.12,1161.1,1108.4,648.83,688.77,889.51,1183.4,1837.7,1317.4,176.62,544.78,726.38,341.42,330.51,498.83,524.87,410.09,596.18,689.96,701.18,981.04,771.13,808.31,1517.8,2691.8,988.46,854.2,331.37,635.93,1372.7,1890.9,2139.6,1798.6,1738.1,2199.4,979.48,709.22,711.04,1129.5,1925.7,2187.6,1523.5,1418.4,1418.7,1713.2,1049.5,1970.1,1750.7,1170.3,1339.3,998.92,1338.3,1537.4,1367.9,860.82,1578,1069.3,1151.9,825.95,632.2,299.01,130.12,445.75,982.33,1956.2,1710.2,649.83,51.02,448.55,1090.1,1101.7,1265.1,352.83,248.56,318.49,175.69,101.26,249.08,352.02,244.67,358.35,262.69,378.06,319.46,177.58,585.63,596.24,537.42,505.8,194.15,129.2,71.878,65.334,101.33,385.72
49.126,41.072,89.746,22.597,80.236,49.036,84.109,41.54,132.28,107.43,260.16,245.99,156.45,464.47,532.19,697.63,265.43,623.41,568.06,286.07,626.42,459.36,361.07,387.79,692.54,700.05,630.86,1000.8,959.37,1842.4,1919.3,1726.7,1003.9,1537.2,1120.4,824.06,2172.4,2699.4,2030.6,766.3,624.16,401.84,576.14,569.67,583.17,689.32,915.82,628.85,347.86,607.68,105.15,89.658,206.12,496.92,646.07,724.96,1109.5,1076.6,828.67,814.97,283.97,548.29,775.91,1134.8,1295.3,1054.4,1217.9,2868.2,1974.3,1133.8,329.47,570.77,568.99,768.59,652.32,572.38,119.76,94.03,176.39,485.24,842.18,1064.8,848.76,267.77,124.67,284.13,191.13,816.22,1096.6,889.8,553.19,633.02,842.03,812.42,478.28,610.66,521.52,1551.1,1261.8,918.97,511.65,339.92,242.62,114.99,62.203,155.14,180.02,174.75,52.264,228.43,591.88,826.61,816.37,402.93,643.87,957.24,1006.1,1086.3,1147.2,626.08,292.64,95.193
483.26,120.39,31.946,118.6,144.85,184.67,251.81,319.41,398.48,582.31,504.38,536.47,599.47,591.26,563.82,272.26,247.43,609.17,812.03,764.62,632.18,356.16,405.57,437.49,374.12,473.39,374.03,1115.2,1071,667.32,1104.9,1089,422.25,330.73,282.18,405.98,475.63,573.11,974.33,1244.6,1145.8,605.46,231.41,232.57,200.26,158.11,216.97,103.22,190.04,441.76,356.83,312.89,570.03,547.91,411.95,542.66,1197.6,1122.9,1257.4,906.56,510.58,844.08,1025.4,772.92,506.12,748.43,927.01,711.57,812.38,665.57,1087.9,1588.4,1797.6,882.03,428.7,628.62,783.3,454.65,310.48,63.392,405.63,142.67,432.83,213.29,184.43,449.78,689.13,390.64,88.472,75.403,46.105,276.35,304.21,428.48,215.96,427.74,295.78,490.62,274.86,237.71,494.1,393.51,736.3,318.78,609.98,727.13,602.34,628.72,775.53,1731,1910.4,547.48,298.79,152.39,153.47,11.654,39.633,5.9239,43.513,0,19.045,26.927
67.2,67.139,52.721,40.618,51.64,128.93,88.983,23.79,0.73722,5.7684,12.366,17.591,86.112,81.899,107.26,109.86,126.64,24.925,28.351,37.631,85.47,30.077,71.979,411.33,290.82,355.31,255.98,390.49,734.48,427.61,720.4,894.08,768.96,852.77,309.56,917.9,802.23,1105.1,743.26,1377.6,860.24,884.07,986.22,2336.8,1569.5,1720.3,1443,961.36,575.76,1187.7,2261.5,2852.8,2273.9,1119.6,316.83,436.9,470.08,628.02,252.43,84.531,14.815,34.793,8.4753,103.05,5.3826,25.723,53.408,73.384,106.29,305.81,423.06,465.08,634.88,463.55,759.34,1585,675.97,379.03,288.89,255.79,1133.7,481.87,344.36,192.16,483.14,519.92,765.94,933.14,1517.5,1376.5,1237.4,321.33,514.74,509.37,816.86,1025.2,1401.1,624.44,636.92,917.27,966.28,1126.2,645.3,228.54,161.19,47.011,147.93,51.038,46.105,47.272,28.807,34.952,39.79,49.268,91.061,65.787,70.185,32.814,94.752,164.77,295.02,86.064
1.4624,8.4393,55.943,50.907,15.08,38.138,321.22,251.76,8.2904,14.28,0.67415,10.837,43.874,243.62,246.31,581.76,814.34,240.98,146.59,300.1,153.46,382.55,168.01,469.16,420.48,548.82,684.65,289.4,206.37,311.15,544.17,374.77,1218.6,1188.3,1006.6,952.85,938.76,933.84,702.2,242.32,734.75,1722,783.64,577.88,604.83,476.35,519.87,332.39,579.63,763.87,712.87,1209.8,1108.3,1242.8,2479.4,3078.9,1169,405.59,373.26,406.63,1338.4,1412,1791.1,1511.4,1087.7,971.97,969.02,1531.3,1245.8,496.71,169.02,189.06,825.13,900.81,911.93,665.6,1000.8,746.51,429.72,1240.8,885.39,1044.6,485.66,304.12,396.15,687.91,814.21,500.49,682.13,641.63,852.73,1107.7,602.54,418.67,539.08,817.8,1251.3,916.89,938.27,1593.3,1359.4,1019,421.42,356.32,370.56,552.71,1114,824.62,702.48,633.24,979.85,782.77,477.11,209.19,89.483,87.917,23.844,23.763,15.946,10.278,82.129,92.562
11.183,62.533,98.887,151.58,75.901,160.32,92.983,287.32,250.84,152.17,248.32,125.36,188.4,226.42,617.93,467.51,433.34,462.18,761.17,1605.4,1458.7,1355.1,1695,746.19,489.87,644.11,843.35,1159.7,1723.9,1115.9,247.68,170.2,181.09,302.75,439.74,774.58,484.52,1039.8,1502.5,1073.5,1014.1,596.36,790.79,688.77,808.97,1385.9,1383.3,1211.5,1412.7,1007.3,1349.8,1428.2,1684.3,734.06,462.43,296.24,269.84,657.75,1205.6,593.68,745.82,838.61,463.16,708.01,1668.9,690.64,1487.2,1216.9,1628.3,2006.6,1796,1152,1050.9,1062,1535.4,1328.8,943.6,594.04,462.23,722.88,784.02,610.42,440.33,373.02,916.84,1234.3,1422.6,1315.1,1103.4,1289.4,817.93,768.23,824.93,1431.5,1248.2,1360.9,1227.7,1297.7,1602.6,1197.4,1050.8,1091.6,1233.3,1017.7,441.63,378.2,906.55,707.78,884.99,507.07,284.17,320.59,328.64,152.64,741.25,910.28,826.03,319.01,11.473,3.129,7.3742,8.7904
0,0.20923,6.4801,15.275,0.31116,0.16654,40.746,42.723,19.156,70.596,92.451,75.787,238.51,246.58,122.05,200.51,391.56,600.65,402.8,301.94,630.79,647.38,406.75,92.726,42.751,76.368,34.177,28.117,90.702,66.841,240.2,492.91,345.91,772.82,512.58,1187.1,880.13,792.5,726.42,1497.5,993.87,178.86,358.07,308.47,677.5,723.5,373.96,295.01,450.89,726.44,614.58,768.09,1254.3,714.91,941.98,377.4,676.02,1062.2,1160.4,1327.5,1495.2,791.61,298,717.63,810.5,708.52,1111.4,1332.2,674.13,385.08,866.82,1365.8,1191.5,1181.3,798.73,219.29,640.46,333.35,541.31,885.53,686.51,423.11,1151.2,342.17,140.73,202.42,753.1,778.74,911.69,328.49,381.34,736.9,627.44,229.89,513.67,1437.6,1678.9,1614.7,1435.9,519.23,410.56,905.51,978.33,629.64,470.71,457.25,610.66,640.61,376.15,114.95,245.54,88.73,258.42,325.03,274.27,191.79,101.27,122.61,75.44,2.6367,48.981,24.95
55.862,72.902,76.965,165,273.55,112.7,510.02,381.97,509.88,597.39,814.74,699.13,776.56,890.25,1564.8,1072.3,1661,1172.7,916.81,213.03,168.77,421.25,390.97,745.9,987.97,1696.8,2016.3,1088.8,798.99,937.18,905.11,1184.9,933.5,1729,1038.2,332.77,307.51,750.68,899.67,960.75,1259.4,1281.5,1713.5,950.58,1192.1,1035.4,744.27,818.18,791.29,1924.8,954.07,835.95,1786.5,1277.9,1006.1,2234.5,2181.7,1762.6,1446.4,945.48,1871.7,2080.1,1286.8,1065.1,389.58,388.81,1050.2,832.96,843.16,1538.6,1575.9,695.86,678.58,1632.9,1403.5,876.21,597.6,981.21,1039.8,1320.1,1278.2,1291.1,1592.9,1533.3,1017.8,438.88,247.72,198.19,1081.1,1054.3,799.15,359.01,183.66,187.43,301.31,285.98,95.005,183.64,87.744,41.548,139.52,137.38,115.42,291.55,140.81,188,130.69,509.57,485.88,251.25,266.26,724.82,932.02,1119.6,1132.5,1068.2,893.28,978.49,163.8,564.12,904.48,771.2
32.419,19.809,37.552,22.307,11.786,1.4439,0.52666,1.6774,27.848,40.268,29.881,215.14,29.996,67.477,178.88,279.81,152.52,700.8,401.45,386.47,722.78,182.3,48.893,116.79,47.4,127.43,251.59,216.36,108.18,71.813,270.83,62.068,196.21,390.81,409.36,592.17,498.71,140.87,246.83,92.088,577.7,472.4,503.37,968.83,980.94,1648.1,959.44,1114.8,2206.2,1401.3,1475,2397.4,2581.2,1614.3,660.54,520.32,569.71,1022.7,1382.7,1453.8,1730.1,879.17,768.1,1075.4,1639.4,2763,2811.8,1680.3,632.37,535.03,866.38,1097.9,956.74,488.15,638.52,339.22,223.66,112.98,91.815,76.701,84.527,132.13,219.23,419.41,346.39,168.3,310.16,382.87,348.24,459.33,560.49,739.87,1349.7,1386.2,1334.8,1490.4,1182.5,622.4,799.58,1853.9,1497.1,762.25,776.55,710.65,503.35,344.6,442.46,295.68,126.47,47.096,128.74,346.88,569.78,237.21,62.13,27.947,135.8,33.286,11.474,24.553,4.7296,54.759
