308.29,308,307.57,306.95,306.91,307.11,307.4,307.21,306.89,307.28,307.9,308.43,308.81,309.23,307.66,307.61,307.8,307.68,306.88,306.79,306.11,306.46,306.21,306.14,306.51,306.45,305.75,304.96,304.64,304.32,303.62,303.93,303.97,304.58,305,305.54,305.11,304.3,303.18,302.98,302.91,302.69,302,302.31,302.18,303.06,301.9,300.89,301.16,300,299.06,298.77,298.71,299.22,299.6,299.8,299.8,298.81,298.64,298.26,298.24,298.6,299.55,300.04,300.11,300.14,300.38,300.41,300.63,300.58,300.06,300,299.8,299.51,299.51,299.51,299.82,299.9,299.51,299.49,299.36,299.27,299.48,299.71,299.95,300.27,299.89,299.99,299.74,299.38,299.21,299.28,299.79,300.03,299.9,299.87,299.34,299.08,299.01,298.77,298.88,298.89,299.05,298.92,298.92,298.75,298.92,298.9,299.01,299.08,299.52,299.87,299.95,299.24,298.67,297.84,297.04,296.93,297.27,297.83,298.02,298.3
306.09,305.41,305.06,305.45,306.52,307.17,307.14,307.45,307.21,306.89,307.34,307.47,307.61,307.51,307.83,307.85,307.5,307.21,307.45,308.43,308.97,308.47,308.29,307.9,307.24,306.59,305.83,305.53,305.74,305.62,304.33,304.3,305.06,305.29,304.86,304.79,304.91,304.53,303.94,303.18,303.69,304.46,304.02,302.76,301.53,300.84,300.48,300.15,300.21,300.5,300.74,300.58,300.18,299.9,299.65,299.21,299.18,299.78,300.14,300.68,300.75,300.64,300.59,300.77,301.09,301.37,301.09,301.03,300.45,300.46,300.71,301.23,301.83,301.64,301.04,300.47,300.3,300.56,300.32,300.1,300.18,300.04,299.74,299.93,299.69,299.7,300.02,300.64,301.54,301.81,301.39,301.24,301.25,300.67,300.41,300.16,300.13,300.54,300.84,301.04,301.54,301.59,300.72,300.71,300.31,300.05,299.81,299.65,299.45,299.3,299.32,299.24,299.22,300.33,300.81,300.64,300.48,300.13,299.94,299.87,299.22,298.52
309.01,308.4,307.73,307.91,307.78,307.45,306.92,307.35,308.5,309.11,308.47,307.59,307.39,307.17,306.53,306.63,307.17,306.46,306.36,307.06,306.7,306.42,306.42,306.48,306.21,305.94,306.11,306.21,305.84,305.23,305.11,305.38,305.4,305.02,304.08,303.28,303.08,302.25,300.59,299.89,300.1,300.45,300.78,300.43,299.97,299.63,299.26,299.08,299.66,299.79,300.21,301.03,300.16,299.62,300.02,300.75,300.89,300.95,300.34,299.62,299.86,299.63,299.01,299.11,299.3,299,298.97,299.42,299.38,298.88,298.68,298.83,298.74,299,299.01,298.64,298.51,298.53,298.9,299.01,299.13,299.26,299.35,299.6,299.72,299.71,300.07,300.48,300.55,300.03,300.18,299.71,299.1,298.73,298.88,298.99,299.83,300.01,299.97,300.28,300.24,300.11,299.48,299.09,299.23,299.27,299.33,298.85,298.74,298.78,299.15,299.46,300.28,299.96,299.78,299.89,300.14,299.38,298.75,299.07,299.59,299.65
306.31,306.81,307.89,307.92,306.75,305.74,305.8,306.15,306.1,305.98,306.72,306.6,306.38,305.5,302.47,299.91,301.15,302.26,303.81,305.71,306.42,306.93,306.94,306.06,305.5,304.86,304.87,305.77,305.95,305.2,304.55,304.03,303.41,303.3,303.68,304.88,305.05,304.53,304.43,305.41,305.48,303.82,302.31,301.97,302.87,303.69,303.61,303.89,303.62,301.85,300.86,299.89,299.95,300.79,301.05,300.4,299.34,299.1,299.06,299.12,299.24,299.58,299.81,299.7,299.65,299.77,300.07,299.94,299.37,299.86,300.33,299.81,299.31,299.26,298.73,298.71,299.14,298.87,298.88,299.2,299.58,299.49,299.51,299.28,299.29,299.2,298.76,298.68,299.05,299.49,299.56,299.53,299.27,299.59,299.66,300.17,300.36,300.47,300.24,300.26,300.13,299.84,298.83,298.02,298.27,298.71,299.07,299.24,299.02,298.65,298.49,299.13,299.84,300.49,300.56,300.35,299.99,299.41,299.46,299.47,299.3,298.79
306.54,306.55,305.99,306.86,307.06,306.82,306.73,307.28,308.47,308.57,307.78,308.01,308.05,308.1,308,307.93,308.25,308.13,307.68,307.86,307.22,305.55,303.3,302.31,302.44,302.67,301.79,300.22,299.27,298.94,299.06,299.64,299.86,300.08,300.8,300.63,300.96,301.55,302.15,301.83,301.81,301.21,301.1,300.96,301.69,300.74,299,298.57,299.49,300.24,300.44,300.07,299.67,299.8,300,300.14,300.22,300.32,300.4,299.76,299.55,299.43,299.53,299.63,299.61,299.3,299.15,299.15,299.21,299.51,300.15,299.6,299.2,299.14,299.47,299.53,299.21,299.49,299.11,298.73,298.8,298.97,299.46,299.87,299.79,299.74,299.25,299.09,299.41,299.36,298.73,298.76,298.99,299.03,299.41,299.49,299.37,299.81,300.3,300.63,300.58,300.68,300.37,299.72,299.33,298.96,298.71,298.91,299.34,299.29,299.26,298.97,299.41,299.6,299.85,299.04,298.67,298.44,298.86,298.4,298.46,299.2
307.25,307.27,307.57,308.16,308.52,308.5,308.03,308.04,307.41,307.61,307.77,308.31,308.65,308.71,308.13,307.52,306.76,305.97,305.25,304.05,303.64,302.6,301.2,299.65,300.24,301.07,301.72,301.85,302.17,301.59,301.07,301.27,301.04,300.76,300.37,300.2,299.6,299.12,299.64,298.9,298.4,298.04,297.93,298.09,298.39,299.03,299.12,298.48,298.19,298.51,298.93,299.25,299.07,299.35,299.67,299.45,299.28,299.38,298.96,299.09,299.12,298.75,298.76,298.63,298.62,298.89,298.46,298.2,298.41,298.52,298.38,298.07,298.38,299.1,299.66,299.74,299.79,300.11,300.1,299.59,299.09,298.9,298.82,298.9,298.42,298.01,297.98,297.89,297.83,297.76,297.97,297.68,298.01,298.6,299.14,299.12,299.34,299.44,299.35,299.11,298.91,298.7,298.61,299.21,299.53,299.19,298.46,297.87,297.6,297.43,297.86,298.78,299.18,299.19,299.6,299.66,299.82,299.8,299.39,299.7,299.91,300.83
307.77,307.96,307.92,307.3,306.93,307.43,307.62,307.63,306.78,305.47,305.17,304.44,303.14,304.37,305.13,305.62,305.03,304.5,305.63,306.16,306.35,306.26,304.38,303.89,305.52,306.99,307.79,306.46,305.77,304.62,303.58,302.51,301.65,301.26,301.17,301.47,301.64,300.35,299.8,298.81,298.47,298.73,299.59,300.57,300.21,299.8,299.84,299.2,299.21,299.86,300.01,300.1,300.09,300.56,300.84,299.83,299.29,299.21,298.78,299.1,300.03,300.08,300.11,299.66,299.38,299.51,299.75,300.09,299.05,298.44,298.79,298.86,298.68,298.52,298.9,299.46,299.58,299.14,299.4,299.26,299.16,298.91,298.58,298.3,298.09,298.05,298.21,298.67,300.01,300.81,300.44,300.16,299.75,299.62,299.67,299.65,299.72,299.15,297.7,297.3,297.08,297.38,298.14,298.5,298.4,298.92,298.82,298.9,298.76,298.66,298.55,298.08,298.23,297.96,297.83,297.46,297.75,298,298.46,298.71,298.25,297.54
307.53,308.21,308.9,308.91,309.09,308.58,307.95,307.21,306.67,306.38,305.84,304.78,304.77,305.76,306.69,306.68,305.03,303.98,303.98,304.04,304.41,304.94,304.62,305.11,304.57,303.72,302.5,302.03,300.94,300.66,300.06,299.87,300.6,301.76,301.15,301.42,301.46,301.35,302.09,302.21,301.05,301.46,301.69,301.99,301.31,300.63,300.67,300.21,300.71,300.89,300.58,301.05,301.27,301.36,301.11,300.93,300.67,300.21,300.63,300.68,300.27,299.75,299.42,300.32,300.12,299.43,299.1,298.56,298.26,298.33,298.03,298.74,298.32,298.03,297.95,298.2,298.5,298.47,298.85,298.25,297.94,297.99,297.91,298.05,297.75,297.65,297.8,298.53,298.83,298.87,298.82,298.41,298.03,297.97,298.2,298.23,298.02,297.56,297.71,297.56,297.45,297.15,297.57,298.04,298.32,298.37,298.73,299.01,299.65,300.11,300.07,300.01,299.71,299.09,298.26,298.36,298.75,299.33,299.53,299.81,299.52,298.92
305.09,305.64,306,306.23,306.14,306.12,306.67,306.09,305.58,304.61,304.5,305.26,305.53,306.38,305.91,305.49,305.83,305.56,305.68,306.18,306.88,307.15,306.87,304.1,303.29,302.21,301.69,302.21,302.59,301.66,299.88,298.58,298.62,299.59,300.11,299.63,298.86,298.82,299.32,299.63,299.21,298.87,298.65,297.71,297.55,297.89,298.05,298.28,298.93,298.82,298.65,298.68,298.65,298.42,297.97,298.12,298.41,298.71,299.05,299.15,298.76,298.54,298.28,298.21,298.49,298.9,298.46,297.53,297.71,297.95,298.19,298.42,298.8,298.87,298.93,298.92,299.17,298.97,298.84,298.84,298.61,298.64,298.73,298.61,298.41,298.02,298.09,297.94,298.17,298.75,299.47,299.22,299.89,299.73,299.43,299.36,299.4,299,298.94,298.79,298.72,298.59,298.68,298.78,298.66,298.96,299.08,298.96,299.63,300.18,300.39,299.83,299.22,299.27,298.96,299.01,298.8,298.42,297.85,297.42,297.83,298.23
308.27,307.9,306.4,305.64,305.36,304.6,305.57,306.62,306.69,306.33,306.44,306.95,307.3,307.42,307.78,308.24,307.86,306.96,306.65,306.89,307.11,306.71,305.6,304.06,302.35,301.99,301.65,300.86,300.05,299.75,302.64,304.46,304.27,304.02,304.21,304.52,303.44,303.13,302.61,301.56,300.56,299.89,299.07,299.66,300.04,300.68,301.29,300.8,300.41,299.91,299.42,299.43,299.64,299.05,299.42,299,299.29,299.96,300.03,299.75,299.96,299.94,300.16,300.67,300.91,301.26,300.47,299.7,299.51,299.91,300.47,300.62,300.04,299.27,298.63,298.77,299.07,299.36,299.6,299.62,299.22,299.26,299.58,299.84,299.42,299.81,300.06,299.74,299.54,299.28,299.47,298.87,298.35,298.63,298.49,298.47,298.95,299.06,299.44,299.55,300.12,299.69,298.9,299.18,298.84,298.64,298.45,299.15,299.42,299.12,298.99,299.12,299.45,300,299.61,299.54,299.31,299.4,299.03,299.29,299.54,300.27
308.64,308.41,308.4,308.55,308.44,308.58,308.17,307.41,307.62,307.8,307.48,306.83,306.81,307.97,308.55,308.59,308.15,308.35,307.8,307.23,305.95,306.1,306.31,306.02,305.86,305.01,303.85,301.93,301.24,300.5,301.63,302.53,302.7,301.3,301.69,301.86,300.46,299.07,298.64,298.95,299.14,299.42,299.24,299.22,300.19,300.32,300.74,300.57,299.75,299.41,299.43,299.28,299.33,299.65,299.71,299.2,299.07,299.46,299.3,299.56,299.23,299.28,299.29,299.37,299.29,299.17,299.18,299.16,299.34,299.79,300.21,300.44,300.21,300.05,300.22,300.46,299.95,299.75,299.6,299.82,299.64,299.61,299.47,299.65,299.71,299.5,299.02,299.23,299.85,299.72,299.65,299.3,299.22,298.93,298.79,298.78,298.92,299.39,299.14,298.91,298.29,298.52,298.5,298.37,298.76,298,298.04,297.84,297.55,297.61,298.15,298.61,298.6,298.54,298.29,298.05,297.67,297.03,297.27,297.53,297.46,297.87
305.12,305.32,306,307.98,307.96,308.96,309.02,308.67,308.27,307.52,307.12,307.42,307.09,306.32,306.24,307.19,306.94,307.58,307.48,307.74,307.59,307.44,307.95,307.34,308.18,306.36,305.1,304.21,302.9,301.93,300.73,299.42,299.16,298.69,299.21,298.83,298.26,298.98,300.36,301.17,300.95,299.97,299.33,299.16,300.36,300.15,299.66,299.81,299.72,299.75,300.06,299.03,299.03,299.12,299.02,298.32,297.73,298.05,298.41,298.54,298.62,298.6,298.52,298.5,298.98,299.18,298.96,299.37,299.28,299.44,299.12,299.11,299.43,299.67,298.92,298.55,298.13,298.02,297.94,298.17,298.29,298.49,298.73,298.77,299.21,299.22,298.34,298.36,298.9,298.92,298.81,298.95,298.75,298.77,298.9,298.81,298.38,298.16,297.9,298.04,297.74,297.76,297.95,298.18,298.3,298.58,298.28,297.48,297.76,297.94,297.71,297.31,297.96,298.39,298.74,299.19,300.03,299.95,299.57,299.53,299.84,299.27
307.37,307.8,307.43,306.79,306.65,307.24,307.17,307.6,307.65,307.66,307.1,306.63,306.08,306.95,306.24,303.28,303.23,305.43,306.7,306.27,305.18,303.62,302.53,303.28,303.76,303.3,301.48,300.7,300.44,302,303.29,303.54,302.41,300.51,299.83,299.62,299.35,299.46,299.49,298.53,297.98,298.56,299.32,299.51,299.75,300.5,300.59,300.29,300.92,301.45,301.95,302.22,302.58,302.58,301.92,301.33,301.18,300.98,300.95,301.59,300.81,300.21,300.54,301.01,301.12,300.58,299.92,300.27,299.78,299.85,299.81,299.85,300.08,299.77,299.97,299.38,299.49,299.44,299.51,299.67,299.69,299.38,299.48,299.14,299.65,299.56,299.15,299.13,298.59,298.53,298.53,298.38,297.89,297.91,298.57,298.83,299.45,300.44,300.83,300.7,300.27,299.74,299.24,299.56,300.05,299.44,298.79,298.64,299.15,299.56,300.08,300.17,300.53,300.41,300.19,300.12,299.57,299.08,300.23,300.53,300.34,299.6
308.29,307.56,307.53,307.52,306.99,306.26,306.75,306.09,306.19,305.59,305.14,305.22,305.7,306.41,306.1,305.21,305.56,306.36,306.05,305.41,303.35,301,300.56,300.48,299.8,301.14,302.98,304.23,304.42,304.06,303.57,304.06,304.1,302.82,301.35,301.01,300.52,300.45,300.52,300.35,300.65,300.92,300.85,300.73,300.22,300.54,300.36,299.1,298.57,298.66,298.56,298.96,299.47,299.46,298.87,298.8,299.56,300.04,300.07,299.95,299.8,299.43,299.88,300.07,300.06,299.62,299.57,299.38,300.08,300.33,299.81,299.45,299.69,300.35,300.27,299.61,298.86,299.01,299.79,299.84,299.7,298.92,298.77,299.16,299.2,298.91,298.64,298.79,298.5,298.55,298.04,298.23,298.07,298.24,298.65,298.67,298.75,298.31,298.36,298.27,297.75,297.58,297.59,297.71,297.57,297.92,298.13,298.09,298.57,299.29,299.72,299.62,299.76,299.12,299.05,299.22,299.3,298.1,297.88,298.9,299.14,299.32
307.22,306.71,306.37,306.65,306.7,306.77,306.81,306.97,307.02,306.79,307.37,306.58,305.8,306.29,306.19,306.57,305.95,304.69,305.2,306.01,305.82,305.09,305.45,305.21,305.08,304.28,304.31,305.61,305.22,304.5,305.51,305.52,304.75,305.51,304.65,304.03,302.01,300.5,300.23,300.91,302.36,302.48,302.04,300.93,300.54,300.08,299.11,298.36,298.14,298.61,298.9,299.38,300.34,300.98,300.82,300.61,301.28,301.9,300.86,299.88,300.21,300.74,300.43,300.35,300.92,300.8,300.77,300.99,301.08,300.75,299.98,299.14,298.38,298.36,298.57,298.36,298.4,298.89,298.9,298.41,298.78,298.64,299.11,299.62,299.31,299.63,299.79,299.3,299.01,298.89,299.02,298.95,299.13,299.34,299.3,299.2,299.2,299.5,299.4,299.66,298.9,298.64,298.64,298.06,298.14,297.97,297.45,297.86,298.33,298.7,298.53,298.04,297.19,297.55,297.21,296.65,296.96,297.07,297.03,297.42,296.96,296.64
307.29,307.07,306.7,305.81,305.83,306.45,306.34,305.9,306.15,307.08,306.05,305.24,305.48,305.66,305.04,306.25,306.36,306.1,306.78,306.79,305.41,304.95,305.41,304.97,305.19,305.42,306.04,305.76,303.59,301.55,301.9,302.64,303.01,302.93,302.16,302.42,302.28,301.85,301.52,301.34,301.34,300.74,301.39,302.08,301.77,300.96,300.98,301.95,302.01,300.66,299.95,300.2,300.3,300.88,301.08,301.03,300.94,300.74,300.25,299.11,298.58,297.92,298.27,299.3,299.55,299.53,299.48,299.58,299.47,299,299.1,299.24,299.05,298.39,298.78,299.36,299.33,299.32,299.6,299.29,298.78,298.07,298.14,298.3,298.79,299.18,298.74,299.28,299.12,298.67,298.67,298.82,298.7,298.57,298.35,298.64,298.7,298.2,297.88,297.38,297.59,297.93,298.38,298.58,298.42,298.45,298.71,298.49,298,297.56,297.44,298.39,299.24,299.87,299.96,300.37,300.06,298.66,298.16,298.22,298.89,299
306.23,306.7,306.68,306.24,305.39,305.83,305.28,305.33,306.89,307.33,305.11,304.46,304.18,303.22,303.27,305.16,306.44,307.25,307.03,306.83,306.95,305.93,305.4,304.61,304.13,303.7,303.13,302.4,302.7,302.45,302.3,302.93,302.19,301.96,301.23,300.15,299.03,298.17,298.14,298.03,298.03,297.61,297.62,297.79,297.64,298.38,298.8,298.49,298.74,299.3,300.73,301.48,301.26,299.91,298.98,298.19,298.06,298.02,297.79,297.29,297.53,298.26,298.93,299.3,299.7,300.31,300.41,300.86,300.86,300.63,300.37,299.73,299.62,299.37,299.43,299.02,298.66,298.74,299.26,298.87,299.06,298.54,298.41,297.65,297.84,297.95,298.3,298.33,298.51,298.87,299.16,299,298.43,297.83,297.32,297.22,297.29,297.69,298.18,298.43,298.31,298.64,298.64,298.69,298.99,299.43,299.46,299.41,299.17,298.84,298.33,298.11,298.26,298.64,298.78,298.52,298.1,297.93,298.11,298.61,299.39,299.92
307.53,307.37,306.72,306.43,305.64,305.04,305.39,306.56,306.24,306.27,306.11,306.86,307.24,307.89,307.74,307.26,307.31,307.4,307.57,307.42,306.58,304.83,304.65,305.32,305.99,305.5,304.56,304.28,304.64,304.75,304.77,304.66,303.73,302.11,302.84,303.65,303.44,302.64,302.29,301.86,302.45,302.54,303.25,302.81,303.41,302.51,299.93,298.05,298.25,298.89,298.9,299.06,299.79,299.29,298.64,298.12,298.11,298.5,298.1,297.9,297.7,297.1,297.25,297.64,298.33,298.47,298.99,299.23,299.81,299.27,298.99,298.68,299.05,299.53,299.69,299.9,299.69,299.72,300.39,300.59,300.24,298.84,298.7,298.92,298.78,298.35,297.87,297.63,297.44,297.83,298.56,299.04,299.4,299.5,299.35,299.35,299.29,299.31,299.62,299.46,299.02,297.87,297.51,297.79,298.4,299.27,299.43,299.63,299.48,299.33,298.64,298.66,298.43,297.87,298.01,298.4,298.81,299.21,299.4,299.08,299.08,299.68
307.42,308.32,308.53,308,308.34,309.28,309.21,308.09,307.37,307.06,306.52,305.6,305.5,304.04,302.08,301.47,301.26,300.1,300.14,301.33,302.85,303.57,303.95,303.25,302.57,303.1,302.9,303.93,304.04,302.92,302.32,302.67,302.89,303.4,304.07,302.75,302.27,303.28,304.79,305.37,305.09,304.35,303.75,303.51,302.43,301.32,300.77,301.86,301.36,299.02,298.36,298.58,299.07,300.13,300.02,300.04,300.15,299.79,298.76,298.65,298.96,298.74,298.26,298.37,298.54,298.38,298.77,298.71,298.61,298.68,298.13,298.23,298.29,298.43,298.8,299.03,298.81,298.69,299.01,298.7,298.97,299.35,299.34,299.09,298.7,298.32,298.19,298.3,298.43,298.9,299.41,299.37,298.74,298.59,298.27,298.31,298.46,298.48,298.05,297.35,297.29,297.59,297.75,297.51,297.28,297.77,298.17,297.81,297.14,297.13,297.5,298.48,298.93,299.22,298.79,298.43,298.77,298.63,298.52,299.06,299,297.91
306.81,306.18,307.1,307.57,307.06,306.67,306.53,306.09,307.3,307.04,307.48,307.57,307.66,307.12,305.78,304.43,303.77,303.37,303.27,303.46,304,302.87,302.99,303.77,304.2,303.93,302.91,302.07,302.58,302.22,301.93,301.21,300.18,299.48,299.35,299.22,300.09,300.88,301.29,301.48,302.18,302.26,302.64,303.27,302.75,301.85,301.68,301.1,300.47,300,301.56,301.1,299.96,298.87,298.98,299.16,299.49,300.06,299.6,298.51,298.59,298.83,299.15,299.62,299.34,299.44,299.04,299.09,299.19,299.46,299.24,298.78,298.99,299.27,299.74,300.18,299.91,299.55,298.97,298.78,299.11,298.9,298.31,298.32,298.51,298.65,297.93,297.88,297.86,297.98,298.28,298.53,298.93,299.19,298.82,298.68,298.54,297.95,298.13,298.61,298.46,298.28,298.43,298.71,298.9,299.06,298.4,298.37,298.13,298.32,298.8,299.4,299.61,299.53,299.74,299.87,299.82,299.65,300.11,300.95,300.59,299.46
307.95,308.11,308,307.63,307.12,307.11,306.82,306.9,306.9,306.68,306.92,307.05,307.87,308.13,307.73,307.4,307.17,306.27,304.73,304.33,305.18,305.16,305.34,305.9,305.42,304.45,304.17,305.32,305.96,306.66,307.34,307.18,306.54,304.79,302.39,301.94,301.65,301.69,300.9,300.44,299.71,299.44,299.88,300.07,300.42,301.28,300.83,300.22,300.38,300.48,300.68,300.4,299.94,299.29,299.62,299.97,300.8,301.14,300.78,300.57,300.29,300.12,300.18,299.57,299.33,299.38,299.03,298.6,298.49,298.66,298.45,298.84,299.15,299.45,299.21,299.6,299.66,299.63,299.96,299.86,299.51,299.06,298.92,299.11,299.22,298.34,298.24,298.32,298.19,298.11,298.31,299.23,299.42,299.43,298.93,298.5,297.9,298.4,298.67,299.52,299.9,299.59,299.51,299.04,299.24,299.41,298.98,299.06,299.43,299.46,299.53,299.92,300.33,300.5,300.45,300.36,300.28,300.48,300.47,300.46,300.9,300.62
308.24,308.09,307.67,307.47,307.37,307.38,306.23,305.53,306.69,307.63,306.95,307.03,306.93,307.17,306.8,305.77,305.11,305.31,307.13,307.82,307.98,307.8,307.55,307.51,307.57,306.68,306.02,305.86,306,305.78,305.49,305.6,305.44,305.06,304.69,304.09,303.46,303.34,303.67,302.87,302.83,302.84,302.57,302.61,301.42,301.01,300.95,300.1,300.31,299.88,299.53,299.49,299.35,298.84,298.4,298.99,299.54,299.44,299.56,299.47,299.78,299.88,300.08,299.86,299.68,299.85,299.86,299.8,299.55,299.47,299.38,299.5,299.05,298.72,298.17,298.14,298.27,298.09,298.42,298.59,298.65,298.48,298.58,298.58,299.02,299.37,299.43,299.33,299.66,299.65,299.69,300.28,300.59,300.19,300.24,300.62,300.55,299.65,299.1,298.7,298.58,298.4,298.31,298.78,299.01,298.79,299.24,299.77,299.97,299.67,298.67,298.25,298.39,298.31,298.37,298.44,298.38,297.69,297.44,298.31,297.89,297.36
306.46,305.88,304.49,305.59,304.8,303.3,302.98,303.62,304.12,304.35,303.31,303.77,304.21,303.02,303.5,302.15,302.44,303.7,305.2,305.71,306.11,305.29,304.92,305.69,307.03,306.89,306.59,305.43,303.99,302.46,302.09,300.59,299.38,298.65,298.87,299.55,300.33,300.93,300.87,300.98,301.27,301.58,300.92,300.98,300.66,300.4,299.99,300.8,301.27,301.35,301.48,300.91,299.99,300.35,300.64,301.1,300.81,300.73,300.47,300.12,299.85,299.83,299.87,299.42,299.36,299.44,299.65,299.58,299.76,299.5,299.2,299.12,298.58,298.22,298.22,298.47,298.45,298.23,298.49,298.81,299.14,299.26,298.94,298.73,298.74,298.82,298.24,298.41,298.68,299.05,298.86,298.3,298.29,298.07,298.26,298.67,298.94,298.88,298.58,297.96,297.32,297.48,298.23,298,298.4,298.72,298.36,298.31,298.23,298.4,298.2,298.52,298.77,298.36,298.56,298.27,297.34,296.99,297.02,296.76,296.76,297.19
306.32,303.19,301.9,301.58,301.2,300.46,300.45,301.67,301.88,302.41,302.92,303.62,304.61,304.41,304.61,304.19,303.73,302.79,302.92,304.29,304.16,303.24,302.51,301.6,301.51,301,301.12,300.62,300.65,301.25,300.5,299.83,299.53,299.94,300.54,300.99,300.93,301.2,301.34,302.01,301.3,301.37,300.72,300.19,299.99,299.43,299.58,299.36,299.48,299.3,298.83,298.86,298.85,298.62,298.75,298.71,298.68,298.96,298.8,298.3,298.08,298.17,298.2,297.95,298.38,299.02,298.81,298.73,298.62,298.39,298.28,298.04,297.95,298.3,298.33,298.25,297.96,297.73,298.25,298.54,298.35,298.45,298.87,299.23,299.8,299.83,298.7,297.58,297.78,297.77,297.48,297.73,297.82,297.47,297.6,297.58,297.69,297.43,297.34,297.19,297.54,297.64,297.03,296.73,297.1,297.63,298.03,298.45,298.9,299.38,299.68,300.59,300.24,299.92,299.84,299.62,299.21,298.8,298.27,297.63,297.6,297.76
306.7,307.06,306.81,306.61,306.5,306.43,306.01,306.1,306.26,306.38,307.03,307.92,308.7,308.63,308.27,307.79,307.63,307.41,306.85,306.53,306.95,305.86,304.37,304,303.75,301.6,302.32,302.65,301.89,301.87,301.42,301.14,300.44,299.55,298.47,299.28,298.67,298.75,298.6,298.25,298.62,299.38,300.18,301.11,301.45,301.69,301.04,300.85,301.25,301.1,301.06,301.1,301.18,301.12,301.19,301.08,300.75,301.49,301.52,300.45,300.62,301.2,302.03,301.81,301.18,300.05,299.44,299.23,299.4,299.03,298.97,298.24,298.47,297.95,298.39,298.5,298.21,298.38,297.9,297.48,297.65,297.79,298.38,298.41,298.34,298.26,298.48,298.18,298.42,298.32,298.42,298.19,298.14,298.87,298.68,298.93,299.18,298.66,298.29,298.68,298.94,298.7,298.16,297.96,297.92,298.14,298.83,299.08,299.11,298.85,298.94,298.99,298.56,296.37,296.52,296.99,298.16,299.22,299.29,299.2,299.65,299.44
307.23,308.49,308.85,309.31,309.35,309.65,308.91,307.5,305.93,304.18,304.08,304.32,303.28,303.44,303.09,303.66,304.32,305,303.76,303.13,302.74,302.96,303.26,304.32,305.65,306.15,305.55,304.21,303.92,304.21,304.37,303.14,302.08,302.14,300.71,300.47,300.7,300.86,300.06,300.03,299.24,299.49,299.77,299.92,299.88,299.62,299.72,299.84,300.1,299.8,300.06,300.04,299.81,299.81,299.85,299.57,298.88,298.51,298.94,299.31,299.33,299.41,299,299.45,299.87,299.77,299.09,298.71,298.16,298.07,297.99,298.42,298.42,297.96,297.6,297.88,297.84,297.78,297.22,297.14,298.2,299.14,299.72,299.6,299.91,299.85,299.78,299.15,299.3,298.98,298.16,297.49,297.12,297.47,297.57,298.09,298.78,298.85,299.01,298.95,298.81,298.83,299.22,299.06,298.34,298.68,298.74,298.68,298.82,298.84,298.61,298.8,298.86,298.79,298.59,298.65,298.16,298.36,298.6,299.75,300.31,299.5
306.67,306.47,306.53,306.4,306.45,305.68,305.84,304.36,303.57,304.52,305.04,305.82,306.36,306.47,306.77,307.1,305.76,304.92,304.87,305.15,305.95,305.57,304.13,303.03,302.7,303.6,304.33,303.78,304.07,304.71,305.62,304.78,303.4,301.54,302.97,302.95,303.36,303.02,302.42,301.17,300.91,300.49,300.5,300.37,299.66,299.56,300.27,300.28,300.19,299.68,300.27,300.88,300.52,299.96,298.83,299.01,299.77,300.07,300.23,299.67,299.79,299.21,299.18,300.06,300.42,300,298.87,298.56,298.86,299.39,300.01,300.11,299.96,299.28,299.28,299.56,299.99,300.34,300.59,299.68,298.93,298.22,298.87,299.38,299.21,299.29,299.63,299.16,298.91,298.36,298.32,298.29,298.25,298.05,298.24,298.24,298.42,298.52,299.38,299.5,299.08,299.2,299.27,300.35,300.97,301.48,301.36,300.33,300.51,300.39,299.87,299.48,299.33,299.55,298.99,299.1,299.04,298.86,299.58,299.77,299.51,299.57
306.62,304.9,304.86,304.59,304.99,306.03,306.5,306.08,305.22,305.46,306,306.53,306.9,307.94,308.33,308.22,307.29,306.35,304.26,302.91,302.44,302.29,302.49,302.58,302.31,302.35,302.88,303.1,301.96,300.5,300.9,301.5,301.69,300.87,301.25,302,302.04,301.51,300.77,301.51,301.53,301.1,300.08,299.29,298.22,298.12,298.23,298.18,298.36,298.4,298.4,298.21,297.86,298.11,298.87,299.09,299.24,298.71,298.63,299.1,299.35,299.92,300.43,300.01,299.47,299.55,299.31,299.32,298.7,299.16,299.79,300.27,299.64,299.53,298.94,298.64,298.01,297.93,297.81,297.48,297.45,297.66,297.89,297.63,297.79,298.39,298.84,299.09,298.46,298.35,298.45,298.33,298.41,298.77,298.47,298,297.39,297.74,298.01,298.27,298.06,297.89,297.66,297.13,296.58,296.94,297.36,297.57,297.58,298.27,298.84,298.58,298.85,298.98,299.33,299.3,298.85,298.48,298.4,298.39,298.39,298.16
307.83,307.03,306.25,306.18,304.52,303.91,303.72,303.08,303.12,304.86,306.28,305.8,304.76,303.76,303.1,302.3,302.04,301.3,300.39,300.72,300.82,302.77,304.3,305.81,306.5,307.01,306.79,306.4,306.42,305.29,304.69,305.07,304.72,304.76,304.5,304.65,304.3,303.29,302.81,302.37,301.75,300.27,299.23,298.95,298.5,298.87,298.99,298.39,298.19,298.44,299.07,299.51,299,298.99,299.09,298.88,298.54,298.99,299.46,299.9,298.89,298.84,299.47,299.61,299.12,298.54,297.67,297.91,298.36,298.46,298.35,298.57,298.64,298.49,298.69,298.2,298.04,297.96,297.96,298.13,298.07,298.68,299,298.99,298.87,298.47,298.26,298.43,298.27,298.2,297.51,297.44,297.63,297.26,297.29,297.47,297.28,297.06,296.79,296.68,296.61,297.26,298.13,298.59,298.06,297.06,296.87,296.88,296.98,297.46,298.37,298.76,298.44,298.77,298.87,298.48,298.33,298.21,297.69,297.98,298.71,298.88
307.71,307.82,307.94,308.66,308.22,307.72,306.98,306.97,307.7,307.57,306.67,305.52,305.02,303.56,304.35,305.08,305.48,305.96,306.02,305.89,305.77,304.55,303.37,301.82,301.44,301.41,300.58,299.64,299.19,299.32,299.25,298.9,298.91,299.06,298.91,299.43,299.72,299.36,298.99,298.78,298.66,298.55,299.01,298.86,298.84,298.51,298.42,298.87,299.27,299.57,300,300.4,300.14,300.21,299.3,299.12,299.44,299.53,299.2,299.13,299.2,299.29,299.2,299.69,298.96,299.08,298.83,299.21,298.23,298.13,298.09,298.14,298.54,298.64,298.86,298.9,298.65,298.56,298.49,298.28,298.57,299.41,299.56,299.38,299.68,299.49,299.17,299.51,299.25,299.12,299.1,298.81,298.65,298.64,298.39,298.22,298.05,297.36,297.6,297.9,297.88,298.33,298.37,298.58,298.42,297.78,297.45,298.1,298.26,297.89,297.67,298.06,298.07,298.58,298.98,299.54,299.54,299.21,298.61,298.41,298.68,298.64
309.03,309.08,308.99,309.04,308.47,308.1,308.36,308.14,308,306.6,306.31,307.05,306.54,306.27,305.29,305.84,304.72,304.36,303.94,302.53,301.54,300.44,300.74,300.71,300.89,301.55,301.52,301.41,301.31,300.92,300.56,300.54,300.39,300.23,300.21,298.37,298.3,299.08,298.61,299.08,299.04,298.65,299.26,299.2,298.77,299.22,299.6,298.25,298.13,298.6,298.98,298.9,298.44,298.73,298.87,298.95,298.59,298.53,298.88,298.84,299.06,299.35,299.46,299.32,299.05,299,299.36,299.73,299.83,299.73,299.53,299.14,298.87,299.04,299.49,299.42,299.02,297.99,297.78,297.72,297.99,298.01,298.23,298.23,298.1,298,298.74,298.8,298.81,298.58,298.36,298.32,298.31,298.13,298.2,298.18,297.97,297.17,296.92,297.28,297.89,298.32,298.31,298.43,298.02,297.51,297.54,297.84,298.52,298.77,299.18,299.08,298.91,298.9,299.21,299.33,299.42,299.33,299.3,298.21,297.61,297.87
306.65,307.08,307.2,308.16,308.86,308.91,309.02,309.49,310.37,310.23,308.97,307.92,307.87,307.48,307.62,308.31,308.53,307.99,307.79,306.68,306.1,305.3,305.09,304.3,303.94,303.96,303.43,303.55,303.68,304.01,303.81,303.34,302.98,303.47,303.72,304,304.53,305.1,304.79,303.76,303.65,302.88,301.3,300.34,300.28,299.23,298.63,298.91,299.15,299.6,300.29,300.56,301.01,300.95,301.01,301.23,300.83,301.08,301.01,300.26,300.15,300.05,300.6,300.74,300.04,299.59,299.67,299.71,299.24,299.2,299.01,298.7,298.22,298.16,298.06,298.59,299.21,299.79,299.7,299.44,299.29,298.66,298.45,298.36,298.8,299.13,298.92,299.52,300.47,300.88,301.41,300.96,300.4,300.03,299.97,299.07,298.47,297.99,298.49,299.29,299.69,299.15,299.11,298.94,299.13,299.43,299.87,299.05,299.33,299.04,298.36,297.93,298.24,298.52,299.2,300.18,299.9,299.19,298.94,298.89,298.79,299.63
308.66,307.91,307.25,307,306.91,305.6,305.3,306.59,306.2,307.19,307.48,307.49,306.26,306.02,305.78,306.3,306.68,306.92,306.58,304.57,302.84,302.07,301.32,300.7,300.4,300.22,300.11,300.12,300.59,300.78,300.84,300.88,300.46,300.15,299.75,300.35,299.86,299.97,299.91,300.01,300.28,300.29,300.19,299.87,300.08,299.92,300.08,299.92,300.51,301.31,301.12,300.13,299.75,299.86,300.07,299.95,299.32,298.86,298.68,298.69,298.64,298.72,299.3,299.32,299.35,299.24,299.56,299.01,299.15,299.12,298.73,298.91,299.33,299.55,300.09,300.4,300.09,300,300.09,300.45,301.1,301.3,300.51,300.25,300.09,300.25,299.29,299.06,299.15,299.12,299.65,299.26,299.14,299.81,299.7,299.31,298.85,298.76,298.88,298.8,299.05,299.1,299.33,299.19,298.98,299.39,300.17,300.48,300.02,299.59,299.49,299.23,299.53,299.69,299.65,299.61,300.04,300.15,299.63,299.72,299.88,300
309.42,309.14,309.12,308.7,308.3,308.41,308.64,308.33,308.52,308.12,308.02,307.86,307.91,307.67,308.51,308.55,307.87,307.52,307.45,307.53,306.34,304.85,303.78,302.63,301.9,301.92,302.65,303.34,302.59,300.47,300.71,301.15,301.3,302.03,301.68,301.46,300.26,300.33,299.82,299.35,299.46,299.94,300.5,300.78,299.75,299.16,298.83,298.73,299.06,299.24,299.5,299.64,299.69,299.02,298.96,299.02,298.75,298.54,298.92,299.08,298.99,299.11,299.12,299.15,299.36,299.44,299.79,299.97,300.15,299.96,299.27,298.83,299.07,299.33,299.6,299.3,299.28,299.37,299.09,299.7,300,300,299.17,298.36,298.13,298.3,298.14,298.17,297.8,298.57,299.3,299.56,299.97,299.21,298.67,299,299.53,299.55,299.67,299.17,298.83,299.31,299.91,300.2,300.26,300.03,299.57,298.72,298.86,298.93,298.54,298.19,297.97,298.37,299.19,299.52,299.22,298.39,298.49,298.7,298.43,298.5
306.08,306.68,307.29,306.81,306.47,306.99,307.5,307.87,307.93,307.68,307.73,307.25,307.07,307.43,307.51,307.82,307.26,305.97,306.01,305.78,306.27,305.86,304.94,304.64,304.4,305.81,307.38,306.65,306.02,305.76,305.24,305.03,304.37,304.79,305.19,305.39,305.72,305.54,305.58,304.29,303.07,301.26,300.31,300.26,301.82,302.51,302.99,303.31,302.64,301.2,300.65,300.52,299.14,298.51,298.47,298.81,299.58,299.65,299.43,300.15,299.74,299.47,299.24,299.02,298.51,298.63,299.1,299.14,298.87,299.45,299.77,299.42,298.91,298.59,298.81,298.84,298.97,298.83,298.83,298.89,298.82,298.6,298.66,298.63,298.82,298.65,298.91,299.11,298.86,298.67,298.74,299.48,299.48,299.37,299.6,299.11,299.29,299.44,299.57,300.2,300.85,300.23,300.01,299.75,299.46,299.32,299.27,299.13,299.07,300.15,300.63,300.64,300.24,299.7,298.42,298.07,298.15,298.56,299.48,300.02,299.48,298.84
309.33,308.88,308.09,308.07,307.95,307.61,307.8,307.69,307.18,306.73,305.15,304.92,304.89,306.14,306.53,307.17,307.68,306.86,305.82,304.86,304.62,305.58,306.17,306.05,305.52,304.2,303.01,302.2,301.69,302.06,301.7,300.67,300.15,299.95,299.39,299.45,300.35,301.63,302.35,302.76,302.68,302.13,302.8,302.28,301.57,301.11,301.4,300.24,300.08,300.63,300.58,300.51,299.87,298.85,298.41,298.45,298.39,298.61,298.64,299.32,300.21,300.11,298.99,298.51,298.78,299.13,298.85,298.74,299.01,299.16,299.1,299.75,298.92,298.5,298.36,298.35,298.88,299.08,299,299.17,299.05,298.74,298.59,298.52,298.6,298.75,298.46,298.35,298.55,298.92,299.39,299.74,299.66,299.3,298.16,297.83,298.18,297.92,298.27,298.72,298.78,298.39,298.37,298.85,299.42,299.75,299.38,299.44,299.56,299.64,299.77,300.34,300,299.65,299.13,298.59,298.66,298.8,299.08,298.92,298.74,298.79
308.21,307.91,307.36,307.52,307.07,307.56,307.83,307.85,308.12,307.07,306.36,304.63,304.12,303.81,304.03,305.71,305.87,305.39,304.2,303.77,304.09,304.25,304.37,303.88,304.02,303.98,302.98,302.53,302.8,303.1,302.55,302.41,300.2,300.69,300.99,300.72,300.06,299.72,299.86,299.41,298.94,299.51,299.57,300.05,299.77,299.27,299.65,299.19,299.21,298.95,298.44,298.55,298.48,298.28,298.81,299.09,299.46,299.02,299.03,299.76,300.27,299.47,299.25,299.59,299.13,298.3,298.04,298,297.6,297.97,298.72,298.29,298.17,298.86,299.16,299.58,299.14,299.23,299.56,299.59,299.49,299.4,298.74,298.5,298.55,298.66,298.5,298.3,298.67,298.36,298.26,298.68,298.68,298.22,297.85,297.75,297.98,298,297.51,297.43,298.17,298.82,298.79,298.32,297.63,297.39,297.38,297.63,297.46,296.97,297.3,297.58,298.1,298,297.52,298.29,298.13,298.35,299.1,299.17,299.51,299.87
305.16,305.83,305.73,306.71,307.66,307.81,306.9,306.43,306.45,305.72,305.71,306.83,307.57,308.14,307.83,307.1,307.54,306.7,306.66,306.44,306.4,306.47,306.74,306.67,305.77,304.89,303.64,303.45,303.28,302.8,302.39,302.54,303.55,303.62,303.39,302.94,303.02,302.7,301.69,300.72,299.94,299.86,299.14,299.1,299.13,298.82,298.03,297.82,297.98,297.79,298.02,298.44,298.79,298.81,298.54,298.43,298.15,298.86,299.01,298.91,298.51,298.9,298.86,298.87,298.25,297.98,297.79,298.02,298.1,298.46,298.82,299.08,299.45,300.39,300.45,300.01,299.73,299.89,299.77,299.48,299.38,299.52,299.64,299.21,298.92,299.14,298.9,298.65,298.75,299.42,299.39,298.94,299.15,299.3,299.06,299.31,298.72,298.69,298.62,299.19,299.69,299.9,299.56,298.95,298.54,298.46,298.62,299.03,299.18,299.09,299.19,298.9,298.43,298.73,298.81,298.66,298.92,299.53,300.53,300.95,300.76,301.16
305.35,306.57,307.12,307.42,306.85,307.04,307.31,308.51,309.03,308.82,307.95,307.7,308.24,308.79,309.08,308.59,308.25,307.75,306.2,305.95,305.14,304.4,303.21,302.01,301.95,302.27,301.62,300.83,300.22,300.21,300.11,300.36,301.42,303.84,304.2,303.53,302.89,300.96,300.02,300.24,300.67,301.77,302.35,301.92,301.73,302.07,302.27,301.86,301.44,300.68,300.33,299.52,299.35,299.09,299.65,299.45,298.68,297.5,297.54,298.23,299.07,299.51,299.68,299.13,299.16,298.61,298.57,298.93,299.21,299.57,299.88,299.56,299.14,298.68,298.74,299.24,299.1,298.98,299.14,299.22,299.33,298.99,298.53,298.43,298.8,298.43,298.22,298.36,299.15,299.49,299.28,299.07,299.45,299.17,298.72,298.22,299.3,300.28,299.86,300.31,299.52,299.49,299.51,298.66,298.34,298.63,298.89,299.17,300.05,300.87,300.56,300.61,300.46,300.42,299.55,298.87,298.17,298.32,298.34,298.39,298.05,297.84
308.97,309.15,309.06,308.39,308.62,309.06,308.89,308.8,306.88,305.67,304.52,303.48,303.41,305.14,307.06,307.17,306.49,306.24,307.02,306.8,306.68,306.66,306.41,307.18,307.95,308.66,308.85,308.37,307.88,306.55,305.76,305.79,305.45,305.23,305.57,305.14,303.6,301.97,301.58,301.19,301.49,301.85,301.49,300.3,300.25,300.9,301.86,302.15,302.09,301.59,301.86,301.92,301.96,301.76,300.75,299.81,298.9,299.32,300.36,301.65,301.48,301.92,302.18,301.2,301.04,300.13,299.53,299.41,299.63,300.34,301.05,301.13,299.99,299.35,299.38,299.1,299.67,300.29,300.95,300.67,300.27,299.98,299.97,300.18,299.72,299.65,299.68,299.93,299.8,299.24,298.74,298.94,299.9,299.98,300.06,299.67,299.65,299.97,299.97,299.72,299.38,298.95,299.22,299.89,299.97,299.85,299.56,299.72,299.81,300.06,300.51,300.06,299.37,299.29,299.94,300.94,301.18,300.3,299.45,299.85,300.33,300.48
308.45,308.37,308.53,308.76,307.34,307.09,307.56,308.49,308.06,307.82,307.34,307.28,306.88,307.24,307.06,306.84,306.28,305.11,305.22,305.09,305.87,305.34,305.1,305.59,306.71,307.01,306.65,305.29,303.57,302.68,302.62,302.66,303.41,303.8,303.11,302.42,300.75,299.88,300.3,301.42,302.45,301.77,301.08,300.15,300.33,300.35,301.14,300.97,300.67,301.03,300.65,299.92,299.36,298.53,298.83,298.9,298.61,298.45,299.54,299.7,299.65,299.47,299.12,298.7,298.82,298.7,298.73,298.53,298.53,298.23,298.49,298.83,298.89,298.89,298.94,298.74,298.93,299.22,299.43,299.55,299.6,299.55,299.43,299.58,299.36,299.21,299.09,298.67,298.84,299.57,299.32,300.42,300.29,300.57,300.51,300.34,300.63,300.24,300.29,299.98,299.26,299.29,299.98,300.43,301.2,301.53,300.84,299.11,298.37,298.39,298.42,298.3,298.43,298.72,298.51,298.5,298.62,298.59,298.22,298.37,299.06,299.55
307.08,307.35,307.82,308.22,307.69,308.11,308.31,307.69,308.38,307.07,306.75,307.07,306.42,305.69,304.87,302.69,301.83,302.65,302.76,303.2,303.64,303.64,304.15,305.12,305,304.52,303.8,303.25,303.94,304.73,304.28,302,300.35,299.91,300.78,301.4,301.84,301.97,301.77,302.46,302.95,302.79,301.58,299.41,299.73,300.43,301.26,300.86,300.95,300.43,299.86,299.82,299.92,299.76,298.89,298.78,298.66,298.71,298.88,298.97,298.64,298.9,298.72,297.96,298.06,298.62,299.25,299.52,300.03,300.34,300.07,299.36,299.26,298.97,298.98,298.72,298.87,298.86,298.74,299.26,299.12,299.08,299.11,298.92,299.09,299.26,299.31,298.58,298.43,299.25,299.44,299.28,299.15,299.1,299.74,299.51,299.27,299.1,299.04,299.53,300.43,300.41,299.94,299.21,299.05,299.35,299.55,299.76,299.83,299.88,299.86,300.32,300.49,300.18,300.06,299.82,300.06,299.5,299.52,299.7,299.63,300.35
307.02,306.33,306.78,307.44,307.21,307.18,306.96,307.47,307.4,306.79,307.37,306.51,306.29,307.02,306.96,306.08,306.21,305.5,304.64,304.45,304.1,303.77,304.08,305.05,304.58,305.12,305.26,303.93,303.26,303.31,302.65,301.41,299.88,298.83,298.71,298.81,299.48,300.59,301.4,301.43,300.1,298.85,299.58,300.68,299.66,299.05,299.24,299.65,299.81,299.71,299.41,299.49,299.7,300.15,299.88,300.25,300.83,300.24,299.53,299.36,299.94,299.86,299.21,298.58,298.59,298.43,298.26,298.13,298.33,298.72,299.09,298.88,299.06,298.62,298.17,298.83,298.98,299.03,299.16,299.34,299.57,299.64,299.65,299.61,299.41,299.13,299.11,299.65,299.6,299.27,298.78,299.12,299.35,299,299.38,298.85,298.77,298.59,298.79,298.53,298.25,298.68,298.54,298.93,298.78,298.72,299.04,298.79,299.07,298.83,298.4,297.98,298.38,298.66,298.77,299.13,298.92,298.71,298.96,298.64,297.87,297.9
309.19,309.25,309.31,309.16,308.05,307.47,307.31,306.76,305.7,305.39,305.27,304.66,304.7,305.3,306.51,307.03,306.49,305.73,304.98,305.03,304.23,305.28,305.93,305.84,306.15,306.19,306.46,306.93,307.2,307.17,306.11,305.53,305.16,304.91,304.71,304.64,305.78,305.94,305.43,304.77,303.99,303.12,302.25,302.61,302.72,301.92,301.21,300.81,300.43,300.08,300,299.6,300.08,300.45,300.16,299.72,300.14,301,301.13,300.62,300.33,300.03,299.84,299.9,299.76,299.8,300.05,299.79,300.19,300.18,299.9,299.2,299.61,300.06,300.15,300.29,299.94,299.88,299.74,299.93,299.77,299.73,299.11,298.93,299.24,299.31,298.75,298.53,298.61,298.45,297.78,297.6,298.05,298.51,299.05,299.16,299.35,299.05,298.94,299.01,298.88,298.72,298.96,299.01,299.58,299.23,298.98,298.72,298.98,298.52,298.73,299.51,299.96,300.25,300,299.75,299.75,299.3,299.88,300.05,299.3,298.94
305.62,306.12,307.33,307.96,308.47,308.58,308.5,307.78,308.23,308.26,308.19,308.76,309.15,308.91,308.89,309.27,308.37,307.09,305.4,303.73,304.09,304.98,305.55,305.43,305.63,305.4,305.41,305.63,305.66,305.3,304.34,305.1,304.24,304.58,304.57,305.4,305.72,305.09,304.55,304.46,304.25,303.74,301.83,301.4,301.27,300.51,299.9,298.72,298.66,298.91,298.62,298.43,298.52,298.43,298.46,298.83,298.82,298.79,298.68,298.34,298.29,298.06,297.95,298.11,298.46,298.59,298.24,298.03,297.81,297.45,297.83,298.07,298.19,298.65,299.38,299.12,298.83,298.9,298.69,298.4,298.72,298.97,299.25,299.56,299.51,299.24,299.12,298.83,299.37,299.33,299.49,299.84,300.07,299.95,299.27,298.32,298.16,297.69,297.38,297.27,297.2,297.86,297.65,297.35,297.13,297.33,297.48,297.22,296.94,297.61,298.82,299.21,299.54,299.85,299.45,299.37,298.63,298.7,299.43,300.58,300.34,299.82
306.96,307.33,307.54,307.62,308.14,309.05,309.19,309.03,308.5,308.74,309.08,308.54,307.82,306.69,305.73,304.65,304.57,304.75,304.72,305.12,305.03,304.6,303.02,302.28,302.22,301.08,301.32,301.82,302.93,303.92,303.94,304.76,303.83,303.24,303.28,303.95,302.03,299.51,298.82,298.5,298.79,299.48,300.62,301.3,300.66,300.28,298.28,298.5,299.31,300.37,300.6,300.57,299.04,299.23,300.01,299.94,300.53,301.09,301.13,301.27,301.2,300.94,301.02,300.47,300.31,300,298.82,298.37,298.88,299.78,300.23,299.83,299.7,300.22,301.04,300.87,300.11,300.18,300.08,300.4,300.07,299.99,300.57,300.13,299.31,298.93,299.33,299.99,300.48,300.06,300.12,299.39,298.88,298.69,298.12,298.17,298.52,298.48,298.36,297.97,297.89,297.69,297.73,298.02,298.2,298.86,299.29,299.45,299.05,299.13,299.3,299.45,299.4,299.16,299.25,298.81,298.11,298.41,298.82,299.55,299.84,300.67
309.12,308.8,308.44,308.44,309.64,310.49,310.1,308.94,307.85,306.52,305.02,302.42,301.73,302.32,303.58,304.56,305.16,306.32,306.26,305.98,305.52,304.93,304.59,304.61,303.31,301.83,301.66,300.76,300.28,300.57,299.58,298.65,298.12,298.41,299.32,299.64,300.21,300.11,299.02,298.71,299.38,299.64,299.65,299.34,299.15,298.84,298.8,299.23,299.48,299.61,299.4,299.1,298.95,298.9,299.04,298.89,298.84,299,299.01,299.04,298.79,298.62,298.52,298.47,298.2,298.32,298.88,299.23,299.05,298.8,298.15,298.29,298.09,298.09,297.98,298.12,298.32,298.41,298.6,298.38,298.18,298.41,298.63,298.56,298.74,298.24,298.37,298.16,297.79,298.12,298.31,298.29,298.31,298.31,297.94,297.93,298.09,298.19,297.92,297.75,297.67,297.46,297.51,297.44,297.49,297.93,298.31,298.76,298.54,297.5,296.58,295.85,296.54,297.82,298.15,297.51,297.28,297.33,298.08,298.78,299.41,298.61
307.81,308.34,309.06,309.85,309.63,308.9,308.27,308.22,307.92,307.69,307.78,307.92,308.52,309.78,310.19,308.77,307.56,306.37,305.82,304.74,305.46,304.85,304.55,305.03,305.88,306.02,306.11,305.65,306.12,305.72,305.21,305.21,304.67,303.68,303.56,304.38,304.71,304.27,304.59,303.33,301.62,300.66,300.19,300.41,300.08,299.68,299.63,299.86,299.26,298.93,298.88,298.31,298.4,298.47,298.36,298.11,298.11,298.21,298.28,298.46,298.51,298.83,298.84,298.41,298.33,298.28,298.4,298.35,298.4,298.61,298.58,298.8,299.3,298.47,298.05,298.1,298.24,298.33,298.41,298.51,298.32,298.17,298.2,298.3,298.54,298.54,298.2,298.62,298.9,299.21,299.38,299.07,298.83,299.04,298.61,298.33,298.38,298.47,298.55,298.65,298.77,299.42,299.88,299.95,299.85,299.41,299.6,299.49,299.37,299.69,299.84,300.31,299.71,299.22,299.47,299.8,300.12,299.09,298.91,299.32,299.82,300.24
308.68,308.73,308.57,308.25,307.45,305.64,306.59,306.77,307.62,307.36,307.67,306.75,305.57,306.66,307.49,307.62,306.2,305.03,301.66,301.09,301.88,302.82,304.69,305.64,305.32,304.84,304.51,304.48,303.78,303.93,303.69,303.95,304.36,303.95,304.2,303.79,303.47,303.29,303.05,303.68,303.94,303.1,302.65,302.13,300.78,300.04,300.81,301.31,300.89,300.12,299.53,299.41,299.66,299.97,300.23,300.43,299.92,298.96,299.53,300.38,300.38,299.96,299.48,299.4,299.73,299.67,299.31,299.03,299.78,300.01,300.04,300.01,300.27,300.17,299.54,299.05,298.88,298.81,298.58,298.74,298.28,297.98,297.64,298.34,299.22,299.84,299.66,299.48,299.39,299.63,299.58,299.5,299.45,298.97,298.4,298.17,298.71,298.23,297.71,297.58,297.76,297.93,298.45,298.94,299.27,299.69,299.53,299.03,298.43,297.86,298.33,298.46,298.72,299.35,300.13,301.24,301.28,300.16,300,300.24,299.59,299.22
303,302.59,303.58,304.39,303.98,305.19,305.35,305.92,306.11,306.24,306.47,306.53,306.52,307.16,307.46,306.85,306.5,304.9,303.79,302.95,303.22,304.3,303.89,303.94,304.05,302.85,301.9,302.66,302.46,302.74,303.27,303.08,302.76,302.6,302.26,302.46,302.07,302.04,301.87,301.79,301.34,300.34,300.52,301.2,300.98,301.66,301.43,301.18,300.27,299.48,298.82,298.58,298.81,299.17,299.24,299.13,299.16,299.02,299.19,299.11,299.2,299.81,299.48,299.7,298.98,299.62,299.36,299.03,298.08,298.79,299.64,299.38,299.06,298.19,297.79,298.03,298.6,298.98,299.2,299.31,299.02,299.05,299.48,299.22,298.51,298.25,298.43,298.62,299.36,298.89,299.3,299.92,299.68,299.27,299.49,299.19,299.31,299.44,299.49,299.35,298.38,298.01,298.26,298.54,298.63,298.87,298.91,299.03,298.97,298.71,298.73,299.47,298.79,298.94,299.31,299.81,299.51,298.82,298.76,298.55,297.95,297.14
308.93,309.85,308.95,308.61,309.16,307.96,307.37,307.39,306.04,304.93,304.59,304.66,304.81,305.92,304.93,303.69,303.92,305.1,307.03,307.99,306.98,307.01,307.3,306.79,307.33,307.49,306.8,305.07,303.78,303.62,302.34,300.84,300.44,299.6,298.84,299.05,299.78,299.72,300.12,300.16,300.18,299.53,298.87,299.06,299.57,300.01,299.88,300.37,300.23,300.48,300.89,301.42,301.5,301.58,301.64,301.76,302.27,301.68,301.55,301.23,301.04,300.95,301.03,300.31,299.89,299.69,299.51,299.17,299.3,300.27,300.36,300.18,299.8,299.49,299.32,298.94,298.85,299.13,299.96,299.87,300.27,299.78,300.03,300.86,300.52,299.74,299.67,299.2,299.2,299.51,299.99,299.85,299.98,299.56,299.51,300.26,300.88,301.21,300.89,299.98,299.8,299.79,299.67,299.22,299.07,298.91,298.35,298.2,298.42,298.47,298.68,298.3,298.2,298.05,297.95,298.2,298.69,299.14,300.22,300.68,300.63,300.29
304.68,304.7,304.21,304.07,304.83,305.14,305.91,307.1,307.58,307.46,306.88,304.98,304.69,306.1,306.38,305.51,305.42,305.28,304.95,303.23,301.74,301,302.63,303.85,304.68,305.48,305.79,304.75,304.94,304.48,304.75,303.41,303.02,301.84,301.17,301.53,301.72,302.05,302.95,303.25,302.94,301.75,301.51,301.4,301.21,301.32,301.18,300.88,299.91,299.27,298.75,299.01,299.09,299.5,299.77,300.22,300.61,300.2,299.22,299.44,298.89,299.09,299.51,299.12,298.77,298.81,299.14,299.48,299.5,299.73,299.44,298.96,299.41,299.21,298.84,298.63,299.51,299.58,299.23,299.33,299.6,299.43,299.36,299.38,299.42,299.2,298.83,299.09,299.13,299.07,299.07,299.21,298.81,299.08,299.11,298.53,299.01,298.93,298.45,299.04,299.41,298.88,298.34,298.69,299.22,298.9,298.94,299.02,299.16,298.67,298.7,299.64,299.89,299.73,299.62,300.28,300.08,299.92,299.67,299.36,298.94,298.72
307.26,308.12,308.78,308.39,307.05,304.81,302.64,303.22,304.13,304.62,305.76,306.1,305.5,305.32,305.11,306.52,305.68,305.04,304.48,303.72,304.1,304.79,305.35,305.86,305.19,304.29,304.66,304.5,304.08,303.83,303.53,301.33,300.74,301.1,301.91,301.52,300.5,300.63,301.1,300.88,300.05,300.04,299.76,299.47,299.14,299.06,299.4,299.46,299.99,299.43,298.16,297.9,298.25,298.89,299.96,300.11,300.05,300.18,300.34,300.19,300.18,299.74,299.38,299.48,300.22,300.45,300.65,301.44,300.92,300.33,299.51,299.52,299.06,299.35,298.85,298.88,298.91,298.76,299.13,298.75,298.77,299.12,300.01,299.89,300.26,299.99,299.68,299.67,299.92,299.52,298.93,298.69,298.41,298.68,298.51,298.92,299,298.91,298.98,298.84,298.87,298.44,298.01,298.63,299.49,299.95,299.28,299.47,299.52,299.71,299.2,298.92,298.52,298.2,298.8,299.1,299.22,298.99,298.6,299.26,298.76,298.22
307.32,307.8,307.5,306.68,306.1,305.92,305.88,305.77,305.35,305.61,306.19,306.01,304.59,302.59,301.06,299.67,300.46,301.49,302.82,303.41,304.44,303.8,303.6,302,301.96,302.49,303.09,303.65,303.35,301.32,300.9,301.08,300.41,299.43,300.1,300.25,300.95,300.82,300.9,300.5,299.52,299.21,299.23,298.94,299.42,299.01,298.32,298.84,299.63,300.15,300.75,300.5,299.63,299.16,298.63,298.8,299.1,299.48,299.51,299.09,299.35,300.18,300.1,299.83,300.29,300.23,299.74,299.51,299.77,299.34,298.85,298.89,298.93,298.91,299.07,298.86,299.23,299.24,299.77,299.95,299.99,300.3,299.87,299.48,299.17,299.09,299.58,299.54,299.46,299.21,299.14,299.44,299.55,299.78,299.32,299.37,298.9,298.04,299.09,299.38,299.77,299.47,299.03,299.17,299.21,299.81,300.29,300.76,300,300.5,299.83,300.01,301.05,301.77,301.54,300.82,300.4,301.19,301.58,300.89,299.96,299.46
306.97,307.13,307.5,307.38,307.3,308.13,307.87,308.46,308.32,308.39,308.32,308.21,307.99,308.38,307.36,306.81,305.11,305.07,305.34,306.39,306.52,306.57,306.08,305.65,304.04,302.85,301,300.82,301.37,301.55,302.95,303.5,302.86,301.79,301.53,302.88,302.68,303.24,303.57,303.44,303.77,304.07,303.76,303.28,303.82,303.65,303.12,302.13,301.88,301.36,300.82,299.97,299.76,299.84,299.86,299.77,299.94,300.65,301,300.59,300.1,300.12,300.51,300.26,299.64,299.49,300.12,300.62,300.26,299.88,299.92,300.07,299.03,298.27,298.62,299.12,299.47,299.47,299.79,300.31,300.31,299.52,299.2,298.84,299,298.86,298.25,297.57,297.6,298.27,298.4,298.48,298.9,298.74,298.56,298.47,298.24,298.04,297.9,297.74,297.93,297.88,298.4,298.48,298.52,298.79,298.8,298.48,298.22,298.43,299.69,299.74,299.02,298.92,299.18,299.21,298.8,299.37,299.85,300.12,300.1,300.91
306.9,308.36,308.31,308.36,308.44,307.73,307.13,307.81,308.85,309.07,308.07,307.71,307.45,307.61,306.94,306.47,306.15,304.56,301.87,300.69,301.14,302.31,302.3,302.09,301.54,301.53,301.54,301.43,300.72,300.35,300.05,299.64,300.15,300.47,300.03,300.34,301.26,300.31,298.65,298.35,298.15,298.29,298.61,298.69,299.04,299.38,299.11,299.3,300.03,299.93,299.75,299.01,298.56,298.83,299.23,299.07,299.53,299.31,298.51,298.31,298.44,298.25,298.14,297.91,297.99,298.31,298.78,299.63,299.9,299.59,299.19,298.79,298.96,299.02,298.85,298.36,298.65,299.5,299.62,298.75,298.02,298.69,299.56,299.13,298.8,298.24,298.01,298.08,298.31,298.13,298.32,298.54,298.58,298.65,298.68,298.87,298.6,298.36,298.24,298.59,298.74,298.8,299.29,298.9,298.84,298.92,298.55,298.74,298.82,298.91,299.05,299.75,300.13,300.49,300,299.14,299.16,299.19,299.34,298.61,298.03,298.56
308.28,308.62,307.86,307.43,307.15,307.23,306.79,306.53,306.58,306.04,305.34,305.52,304.37,303.29,301.71,301.29,301.45,302.21,303.34,303.24,304.63,304.55,304.19,303.43,303.11,302.62,301.95,302.33,303.35,304.53,304.51,304.77,304.39,302.63,302.5,302.15,301.85,300.49,299.95,300.37,300.62,300.8,300.93,300.76,300.64,300.45,300.93,300.85,300.44,300.5,301.1,301.21,301.52,301.66,301.69,301.5,301.09,300.72,300.68,300.07,299.14,298.45,298.47,298.76,299.27,299.66,299.22,298.8,298.34,298.2,298.47,298.52,298.59,298.8,298.95,299.02,298.92,298.7,298.98,298.62,298.98,299.05,298.63,298.47,298.36,298.8,298.41,298.21,298.66,298.91,299.05,298.64,298.56,299.4,299.78,299.8,300.18,300.62,301.38,300.94,299.81,298.87,298.68,299.06,299.51,299.05,298.49,298.33,298.86,298.92,299.26,299.29,298.82,298.83,298.91,299.28,299.74,299.83,300.55,300.66,299.45,299.63
306.78,307.17,307.09,307.21,307.58,307.75,307.14,306.9,307.45,307.99,308.39,307.79,307.21,307.58,308.28,308.02,308.15,307.72,306.97,306.51,305.84,305.83,305.72,305.86,304.3,302.43,301.19,300.57,299.54,299.34,299.35,299.39,298.93,298.72,298.44,298.57,299.36,300.08,300.97,301.71,301.24,300.45,299.24,298.89,298.59,298.38,298.53,298.96,299.35,299,298.81,299.19,299.2,300.03,300.46,300.23,300.24,299.79,299.5,299.85,300.17,299.81,299.28,299.47,299.53,300.04,299.87,299.04,298.15,298.18,298.22,298.32,299.22,300.44,301.23,300.53,299.67,299.31,299.39,299.53,299.13,299.23,299.15,299.44,299.45,299,299.41,299.56,299.4,299.63,300.13,300.67,300.62,301.29,301.04,300.8,301.13,301.42,301.11,300.69,300.92,299.95,299.14,299.04,298.77,298.43,298.04,298.1,298.21,298.54,298.88,299.76,299.83,299.38,298.62,298.37,298.17,297.99,298.34,298.75,299.08,299.91
307.93,304.29,302.21,302.13,303.8,304.73,305.67,306.42,306.76,307.58,307.43,307.21,306.2,305.86,306,306.26,306,306.38,306.34,306.01,306.92,307.04,307.2,306.14,303.89,303.19,302.89,301.57,300.51,300.34,300.79,301.8,302.83,302.75,302.14,300.74,301.25,301.68,300.62,299.49,299.2,299.5,299.45,299.5,300.22,301.04,301.29,301.44,300.95,299.97,300.14,299.84,299.47,299.74,300.02,299.38,298.49,298.36,298.26,298.59,298.72,298.72,298.49,298.44,298.79,298.54,297.89,297.73,297.6,297.94,298.45,298.97,298.69,298.87,299.17,299.11,299.04,298.9,298.76,298.4,298.48,298.25,298.01,298.31,298.52,298.59,298.32,298.31,298.26,298.23,298.36,297.72,297.09,298.04,298.19,298.58,298.56,298.6,298.71,299.2,299.36,299.94,299.97,299.63,299.68,299.21,299.15,299.33,299.81,299.71,300.08,299.69,299.01,298.93,298.59,298.32,298.2,298.18,298.35,299.06,299.63,299.64
308.37,308.07,308.07,307.23,307.26,307.57,308.89,309.6,309.5,308.76,308.08,308.21,308.69,307.6,306.76,305.34,305.06,304.03,304.16,303.2,302.82,304,304.32,303.06,301.37,300.82,301.34,301.05,299.99,300.17,300.39,300.47,299.9,299.45,300.19,301.08,300.92,299.72,299.11,299.78,300.25,300.85,301.47,301.1,300.86,300.3,300.64,301.46,301.9,301.3,300.57,300.41,300.67,300.95,301.32,301.62,301.53,301,301.06,301.33,301.12,301,300.58,300.3,299.54,299.51,299.24,299.44,299.21,298.85,299.21,299.15,299.32,299.02,299.21,299.48,299.63,299.65,299.03,298.35,298.37,298.38,298.47,298.4,298.33,298.71,299.15,299.38,299.28,299.18,299.4,299.36,299.17,299.23,299.15,299.1,299.29,298.77,297.77,298.5,299.01,299.07,299.31,299.26,299.66,299.07,299.09,299.43,300.16,300.69,300.59,300.72,300.04,299.17,298.13,297.64,297.95,298.98,299.35,299.44,299.51,299.31
306.82,306.39,306.26,306.58,307.4,307.86,306.92,305.43,305.18,303.61,302.06,301.65,301.69,303.01,303.12,302.41,302.77,303.04,302.79,302.35,301.91,301.94,302.13,303.26,303.78,304.49,304.24,302.68,301.85,301.88,301.57,302.2,303.13,302.73,302.28,301.5,301.17,300.52,300.13,299.57,299.17,299.36,299.7,300.64,300.76,300.59,301.05,301.84,301.29,300.74,300.95,301.2,301.83,302.04,301.68,301.16,300.4,299.68,299.74,300.08,300.33,299.5,298.58,298.55,298.77,299.02,299.06,298.72,298.79,299.28,299.18,299.31,299.26,298.64,298.62,298.36,298.34,298.75,298.57,298.95,299.24,298.95,298.78,299.08,299.87,300.39,300.21,299.61,299.58,299.45,299.45,299.12,298.94,299.8,300.27,299.75,298.97,299.15,299.57,299.68,299.57,299.12,299.36,299.44,299.14,298.99,299.23,299.17,299.24,298.95,298.34,298.53,298.38,298.16,298.07,298.02,298.03,298.37,298.22,298.78,298.63,298.49
306.91,307.6,308.2,308.37,307.51,307.6,307.52,307.06,306.23,306.84,307.03,307.04,307.46,307.19,307.19,307.04,306.87,307.51,307.17,307.84,307.67,307.28,307.32,306.74,306.93,306.94,306.75,306.26,305.28,305.43,304.86,302.15,300.96,301.11,301.64,302.64,302.54,302.26,302.33,301.67,301.19,300.77,301.12,300.36,300.13,300.05,300,299.58,299.13,299.31,299.25,299.32,299.08,298.71,299.07,299.3,299.31,298.91,298.89,298.68,298.55,298.99,299.49,300.32,300.34,300.78,300.75,300.29,300.38,300.57,300.79,300.76,300.74,300.72,300.25,299.31,299.28,299.23,299.5,299.84,298.93,298.27,298.45,298.66,298.65,298.75,298.63,298.92,298.64,298.93,298.9,298.5,298.42,298.37,298.24,298.89,298.58,298.43,299.04,299.25,299.13,299.11,298.77,299.49,299.61,298.73,298.52,298.75,299.77,300.47,300.46,300.46,300.89,300.86,301.09,300.46,300.35,300.47,301.01,300.45,300.8,301.35
308.29,308.32,308.06,307.57,306.55,305.82,304.61,303.96,305.62,307.33,307.92,308.23,307.98,307.2,304.73,305.02,305.91,306.97,307.68,308.55,308.32,307.61,307.09,306.06,305.53,307.65,308.7,307.98,307.51,305.77,305.78,304.81,304.42,303.34,300.38,299.21,299.25,300.09,300.75,301.56,301.58,300.63,300.03,300.58,300.92,301.64,301.84,302.04,301.58,299.89,299.95,299.83,299.97,299.33,299.28,298.85,298.91,299.01,299.34,299.43,299.25,298.75,298.35,298.39,298.68,299.07,299.32,299.1,299.04,298.84,298.98,299.33,299.7,299.53,299.38,299.36,299.11,299.41,299.94,299.89,299.28,299.33,299.38,300.2,299.9,299.09,299.13,299.17,300.28,300.36,300.22,299.54,299.86,299.84,299.21,298.88,298.79,299.19,299.02,299.3,299.12,298.52,298.24,298.22,298.65,298.31,298.43,299.04,299.38,298.83,297.77,298.38,299.31,299.6,299.92,299.7,299.95,300.18,299.91,300.08,300.23,300.37
307.2,307.25,307.59,308.7,309.24,309.35,309.38,308.66,308.13,307.64,307.73,307.28,307.36,307.02,305.3,306.56,307.62,306.19,306.91,305.92,304.46,303.58,302.97,303.56,304.22,303.64,302.4,302.07,301.27,301.35,301.98,302.73,303.14,303.12,302.6,301.9,301.9,301.26,300.07,299.92,300.61,301.32,301.68,302.15,301.84,300.39,299.72,300.16,300.55,300.05,300.06,300.07,300.01,299.87,299.34,299.19,299.68,300.3,300.13,299.9,299.6,299.85,300.01,300.19,300.1,299.72,299.82,299.48,299.64,298.95,298.29,298.08,298.07,298.07,298.31,298.59,298.43,298.35,298.86,298.66,298.34,298.71,299.27,300.13,300.09,299.77,299.53,299.25,299.09,298.79,298.56,298.53,298.51,298.33,298.31,298.8,298.28,298.4,298.09,298.32,298.63,298.62,298.6,298.3,298.54,298.47,298.91,298.5,298.02,297.58,297.82,298.18,298.1,298,298.56,298.7,298.41,298.52,298.33,298.65,298.67,298.99
309.05,308.68,307.35,307.53,308.45,307.8,306.07,306.12,306.61,306.59,306.77,308.2,308.44,308.05,308.47,308.19,307.49,307,305.78,306.05,306.69,306.94,306.68,306.83,307.19,306.2,305.73,305.7,306.75,306.89,307.39,306.97,306.37,305.39,304.14,303.5,301.99,301.3,300.67,300.65,300.23,300.76,301.3,301.23,301.58,301.3,301.76,302.4,302.38,301.86,301.82,301.67,301.67,301.25,301.47,301.68,301.27,301.19,301,300.44,300.46,300.35,300.69,300.98,300.68,300.15,300.18,300.07,300.06,300.09,300.42,300.61,300.18,299.42,299.06,299.05,298.38,298.62,299.54,300.45,300.3,300.14,299.33,298.41,298.65,299.24,299.03,298.83,299.14,299.68,299.84,300.73,300.68,300.85,300.63,300.25,299.68,299.57,298.87,298.65,298.61,298.4,298.38,298.71,298.6,298.6,298.63,298.2,298.82,298.48,298.35,299.17,299.28,299.62,299.36,298.92,298.25,298.43,298.87,299.79,300.61,300.53
308.16,308.59,309.02,308.37,308.68,308.94,307.57,308.37,307.81,307.51,305.89,305.13,304.77,305.01,304.12,302.01,300.97,300.87,301.9,304.21,306.21,306.15,306.48,306.24,305.77,305.34,305.13,304.36,302.67,301.89,302.55,303.25,303.19,302.46,301.63,301.74,301.7,301.68,301.56,300.62,301.14,301.75,301.88,301.21,301.11,301.68,302.24,302.5,301.92,301.05,301.13,301.25,301.98,302.6,301.89,300.72,300.92,300.07,299.55,299.82,300.29,300.22,300.27,299.22,299.17,299,299.73,299.7,300.25,300.22,300.13,299.69,299.07,298.72,298.49,298.46,298.55,298.61,299.04,299.33,299.39,300.15,299.63,300.09,299.99,299.89,300.04,300.33,299.89,300.02,299.89,299.71,300.06,300.83,300.74,299.89,299.04,299.45,299.48,299.95,300.45,301.39,301.09,301.66,302.59,302.47,302.41,301.59,301.65,301.98,301.69,300.18,299.9,300.23,300.57,299.91,298.71,298.44,298.99,298.68,299.33,298.85
309.07,309.13,309.79,309.83,310.08,311.07,311.41,311.2,310.1,309.23,308.7,307.29,306.57,307.13,307.77,308.32,308.35,307.47,307.49,307.92,307.22,307.02,307.09,305.89,305.55,305.34,305.79,306.75,306.86,306.42,305.44,304.89,304.7,305.75,305.61,305.56,305.49,306.18,306.28,306.26,305.72,305.38,305.48,304.3,304.13,303.92,303.37,301.91,301.31,301.19,301.3,301.05,300.75,300.55,299.59,299.57,300.11,300.29,299.95,300.53,300.07,300.6,300.42,300.29,299.88,299.5,299.69,299.73,299.42,299.22,299.67,299.61,300.07,299.86,299.81,299.35,298.66,298.22,298.41,300.08,300.37,300.62,300.84,301.43,301.97,301.91,301.23,301.31,300.62,300.82,300.95,300.65,300.32,299.36,299.05,298.5,298.07,297.98,298.9,299.79,299.72,299.35,299.03,298.82,298.47,298.64,298.94,298.91,299.2,298.98,299.41,299.59,298.86,298.77,298.51,298.49,298.57,298.74,298.69,299.63,299.26,300.02
