302.49,302.82,302.92,302.75,302.45,302.41,302.59,302.68,302.61,302.48,302.32,301.99,302.11,302.07,301.71,301.51,301.3,301.21,301.34,301.37,301.21,301.13,300.96,300.87,301.05,300.84,300.83,300.97,301.09,300.9,300.85,300.92,300.8,300.98,301.17,301.16,301.26,301.14,300.89,300.66,300.59,300.38,300.2,300.3,300.25,300.22,300,299.94,300.1,300.19,300.43,300.28,300.15,300.16,300.18,300.34,300.46,300.23,300.19,299.94,299.93,299.8,299.57,299.55,299.87,299.92,300.02,300.09,299.85,299.74,299.64,299.63,299.93,300.23,300.43,300.39,300.16,300.12,300.32,300.3,300.13,300.19,300.18,300.12,300.02,300.07,300.11,300.15,300.05,300.02,300.07,300.19,300.02,300.09,300.04,300.13,300.16,300.07,300.07,300.18,300.18,300.12,300.05,299.86,299.88,299.63,299.65,299.67,299.93,299.73,299.71,299.84,300.18,300.17,300.01,299.83,299.67,299.48,299.65,299.72,299.78,299.77
301.28,301.38,301.17,301.17,301.29,301.76,301.63,301.51,301.36,301.15,301.22,301.06,301.01,301.24,301.19,301.25,301.48,301.59,301.48,301.34,301.1,300.83,300.78,301.01,300.63,300.41,300.31,300.1,300.28,300.26,300.37,300.86,300.84,300.64,300.36,300.16,299.98,300.18,300.25,300.47,300.62,300.86,300.64,300.35,300.48,300.51,300.35,300.39,300.5,300.55,300.42,300.49,300.51,300,300,300.15,300.2,300.33,300.32,300.15,300.13,300.03,300.13,300.37,300.48,300.52,300.51,300.52,300.37,300.26,300.37,300.28,300.28,300.1,300.35,300.57,300.64,300.2,299.8,300.07,300.22,300.42,300.29,300.07,300.12,300.13,299.76,299.61,299.36,299.22,299.3,299.48,299.32,299.3,299.66,299.74,299.59,299.68,299.87,299.93,299.83,299.85,299.73,299.98,300.16,300.23,300.3,300.13,299.78,299.66,299.73,299.97,299.9,299.79,299.54,299.51,299.25,299.44,299.62,299.53,299.83,299.98
301.56,301.55,301.7,301.6,301.39,301.04,301.35,301.67,301.5,301.33,301.06,300.88,300.97,300.99,300.92,301.02,301.17,301.3,301.23,301.12,300.97,301.02,300.67,300.38,300.63,300.9,300.67,300.92,300.9,300.77,300.64,300.81,300.9,300.52,300.2,299.99,300.17,299.93,299.62,299.77,300.01,299.99,300.42,300.45,300.23,300.32,300.37,300.44,300.42,300.38,300.35,300.08,299.77,300.27,300.56,300.37,300.26,300.19,300.16,300.23,300.05,299.77,299.63,299.9,300.2,300.18,300.05,300.09,300.08,300.16,300.38,300.22,300.28,300.13,300.01,299.79,299.94,299.73,300.09,300.08,299.93,299.67,299.44,299.43,299.44,299.64,299.67,299.57,299.47,299.68,299.96,300.38,300.43,300.46,300.2,299.85,299.93,299.68,299.86,299.81,299.86,299.64,299.65,299.69,300.06,299.91,299.88,299.82,299.65,299.63,299.7,299.78,299.94,299.71,299.37,299.49,299.31,299,298.97,299.25,299.23,299.07
302.07,301.9,301.46,301.03,300.81,300.76,300.5,300.63,301.09,301.3,301.62,301.15,301.12,300.99,300.94,301.06,301.16,301.28,301.38,301.09,301.03,300.68,300.62,300.76,300.68,300.23,300.12,300,300.06,300.15,300.22,300.23,300.09,300.24,300.22,300.18,300.13,299.96,300.02,300.14,299.97,299.64,299.64,299.63,299.5,299.5,299.65,299.63,299.75,299.93,300.1,300.32,300.11,299.76,300.08,300.38,300.02,300.05,299.92,300.15,300,299.92,299.66,299.7,299.65,299.72,300.03,299.98,300.03,299.81,299.78,299.67,299.33,299.57,299.71,299.66,299.71,299.94,300.01,300.04,299.93,300.21,300.13,300.09,299.97,299.89,299.9,299.94,299.84,299.71,299.76,299.74,300.07,299.98,300,299.87,299.92,299.84,299.77,299.96,300.16,299.85,299.68,299.6,299.53,299.64,299.55,299.48,299.47,299.41,299.55,299.91,300.11,300.15,299.94,299.92,299.78,300.01,299.96,299.41,299.47,299.82
301.56,301.72,301.82,301.67,301.51,301.52,301.61,301.65,301.67,301.36,301.42,301.67,301.62,301.49,301.44,301.44,301.18,300.76,300.67,300.7,300.98,300.92,300.75,300.76,300.72,300.83,300.94,300.7,300.68,300.97,300.58,300.37,300.2,300.1,300.29,300.35,300.58,300.62,300.48,300.28,299.66,299.46,299.89,300.3,300.28,300.1,299.94,299.81,299.61,299.81,299.67,299.69,299.9,300.08,299.84,300.16,300.14,300.24,300.23,300.09,300.07,300.39,300.38,299.87,299.91,299.88,299.54,299.56,299.66,299.78,299.78,299.91,299.82,299.65,299.53,299.61,299.43,299.59,299.83,299.81,299.45,299.48,299.7,299.88,299.72,299.85,299.77,299.63,299.55,299.4,298.92,298.79,299.1,299.43,299.55,299.52,299.46,299.72,299.58,299.58,299.63,299.53,299.46,299.42,299.41,299.56,299.34,299.48,299.93,299.93,299.63,299.73,300,299.81,299.6,299.59,299.59,299.74,299.78,299.3,299.25,299.14
301.66,301.42,301.4,301.28,301.32,301.36,301.66,301.91,301.92,301.84,301.52,301.41,301.3,301.06,301.36,301.35,301.65,301.9,302.09,301.39,300.86,300.91,300.83,300.67,300.7,300.63,300.6,300.79,300.85,300.97,300.88,300.94,300.77,300.75,300.89,300.94,300.87,300.58,300.03,300.16,300.32,300.24,300.27,300,300.24,300.52,300.46,300.21,300.12,300.24,300.2,300.16,299.94,300.07,299.97,299.55,299.72,299.85,300.08,299.88,299.76,300.18,300.22,300.42,300.12,299.74,299.68,299.75,299.71,299.99,300.08,299.99,300.02,299.88,299.79,299.85,299.97,300.53,300.37,300.12,300.06,300.33,300.48,300.13,300.04,299.67,299.02,299.33,299.76,299.74,299.76,299.43,299.62,299.85,299.59,299.56,299.43,299.54,299.43,299.61,299.88,299.89,299.8,299.71,299.69,299.69,299.71,299.6,299.47,299.36,299.23,299.61,299.77,299.9,299.81,299.52,299.45,300.05,300.02,299.96,299.89,299.74
301.98,301.94,301.89,302.07,302.33,302.19,301.78,301.74,301.83,301.87,301.74,301.54,301.63,301.73,301.45,301.3,301.19,301,301.1,300.64,300.73,300.78,301.19,301.35,301.32,300.9,300.41,300.35,300.52,300.55,300.38,300.07,300.03,300.45,300.39,300.49,300.33,300.48,300.04,300.06,300.03,300.21,300.28,300.24,300.26,300.46,300.24,300.02,299.91,300.24,300.36,300.44,300.09,299.8,299.78,299.82,299.99,299.74,299.34,299.69,300.1,300.02,300.08,299.96,300.39,300.36,300.39,300.18,300.28,300.01,299.93,299.96,299.79,299.74,299.95,300.07,300.15,299.83,300,299.89,300.01,299.94,299.92,300.06,300.28,300.15,299.86,299.87,299.87,299.7,299.72,299.76,299.72,299.5,299.72,299.62,299.36,299.52,299.55,299.35,299.41,299.5,299.49,299.4,299.69,299.94,299.76,299.81,299.92,299.83,299.73,299.56,299.73,299.68,299.49,299.48,299.21,299.35,299.6,299.71,299.63,299.71
301.41,301.24,301.39,301.62,301.6,301.92,301.87,301.97,301.99,301.69,301.54,301.42,301.45,301.52,301.54,301.21,301.12,300.97,300.91,301.13,300.96,300.97,300.48,300.38,300.37,300.56,300.54,300.25,300.52,300.63,300.34,300.13,300.4,300.33,300.27,300.41,300.39,300.29,300.33,300.44,300.43,300.31,300.11,300.14,300.17,300.08,300.19,300.25,300.56,300.55,300.37,300.29,300.31,300.03,299.69,299.5,299.53,299.39,299.33,299.33,299.27,299.35,299.43,299.54,299.44,299.51,299.44,299.56,299.69,299.9,299.81,299.89,299.92,299.75,299.95,299.85,299.55,299.18,299.23,299.39,299.38,299.28,299.36,299.81,300.05,300.14,299.99,299.63,299.86,299.99,300.04,300.06,300.14,300.16,299.93,299.91,300,300.11,300.07,299.93,299.95,300.04,300.02,300.03,300.19,300.37,300.68,300.67,300.54,300.56,300.62,300.42,300.42,300.22,300.1,300.39,300.05,299.83,299.8,299.85,299.99,299.82
301.19,301.24,301.21,301.36,301.37,301.23,301.43,301.55,301.5,301.15,300.93,300.84,300.89,300.75,300.55,300.68,300.8,300.67,300.76,300.85,300.93,300.65,300.28,300.04,300.15,300.17,300.46,300.7,300.34,300.25,300.23,300.31,300.35,300.41,300.2,300.31,300.38,300.4,300.05,299.94,300.2,300.27,300.08,299.93,300,299.98,299.59,299.44,299.44,299.58,299.88,299.98,299.57,299.32,299.21,299.34,299.1,299.22,299.39,299.48,299.56,299.68,299.85,300.09,300.03,299.92,299.85,299.64,299.44,299.39,299.35,299.39,299.67,299.53,299.38,299.77,300.08,300.14,300.01,300.04,299.94,300.08,299.75,299.72,299.87,299.85,299.7,299.49,299.66,299.67,299.28,299.17,299.6,299.71,299.45,299.59,299.59,299.55,299.88,299.84,299.72,299.26,299.82,299.86,299.44,299.52,299.41,299.4,299.51,299.51,299.57,299.62,299.66,299.72,299.73,300,299.96,299.84,299.29,299.02,299.36,299.27
302.38,302.13,301.62,301.6,301.86,301.93,302.03,301.68,302.04,302.39,302.53,302.87,302.67,302.04,301.87,301.77,301.64,301.85,301.92,301.94,301.25,301.09,301.49,301.34,301.36,301.33,301.33,300.94,300.77,301.04,301.2,301.12,301.01,301.28,301.35,301.08,301.15,300.96,300.94,301.1,300.81,300.72,300.54,300.63,300.45,300.93,300.93,300.83,300.89,300.52,300.32,300.32,300.06,300.03,300.08,299.86,299.93,300.09,299.96,299.83,299.69,299.88,299.69,299.74,299.73,300.33,300.42,300.01,299.8,299.8,299.77,299.77,299.55,299.81,299.55,299.45,299.55,299.71,299.96,300.18,300.12,300.2,300.52,300.72,300.68,299.99,300.21,300.01,299.84,300.3,300.4,300.45,300.56,300.46,300.41,300.03,299.69,299.8,299.57,299.73,300.08,300.2,299.96,299.85,299.79,299.59,300,299.56,299.55,300.02,299.88,299.77,300.29,300.57,300.77,300.56,300.17,300.26,300.28,300.26,299.84,299.64
301.85,301.95,301.99,302.18,302.4,302.32,302.01,301.53,301.89,301.58,301.75,301.9,302.29,302.18,302.28,302.52,301.82,301.73,301.93,302.04,301.98,301.71,301.85,301.64,301.28,301.27,301.19,301.68,301.56,301.42,301.33,301.36,301.19,300.92,300.92,300.84,300.66,300.78,300.87,300.96,300.61,300.4,300.45,300.35,300.89,301.11,300.94,300.8,300.61,300.64,300.91,300.96,300.9,300.42,300.62,300.39,300.12,299.87,300.1,300.27,300.07,300.09,300.21,300.24,300.17,300.14,300.23,300.27,300.26,299.96,299.54,300.17,300.57,300.39,300.27,300.38,300.51,300.53,300.47,300.52,300.53,300.24,300.12,300,299.99,300.17,300.21,300.54,300.31,300.52,300.5,300.35,300.47,300.96,300.26,300.15,300.15,300.13,300.42,300.72,300.39,299.88,299.94,300.02,300.04,300.17,299.99,300.05,299.88,299.93,300.62,300.38,300.43,300.31,300.13,299.95,300.08,300.13,300.54,300.05,299.87,300.09
301.68,301.59,301.9,301.92,301.95,302.02,301.99,302.08,301.74,301.82,301.95,301.52,301.41,301.51,301.44,301.48,301.1,301.12,300.98,301.01,300.9,300.69,300.47,300.73,300.95,300.87,301.21,301.2,301.1,300.88,301.12,301.01,301.22,300.92,300.86,300.69,300.89,301.42,301.66,301.18,301.13,300.92,300.48,300.66,300.93,300.73,300.72,300.66,300.92,300.93,301.01,300.54,300.14,300.4,300.69,300.47,300.48,300.37,300.5,300.44,300.34,300.33,300.12,300.2,300.21,300.26,300.37,300.49,300.32,300.34,300.44,300.24,300.16,300.13,300.19,300.23,300.29,300.11,300.18,300.05,300.04,299.82,299.8,300.16,300.14,300.26,299.86,299.4,299.69,299.93,299.9,299.83,299.96,299.99,299.85,300,299.75,299.61,300.14,299.95,299.78,300.2,300.26,299.91,300.02,300.29,300.06,300.12,300.08,299.92,299.82,300.07,300.1,300.08,300.08,299.89,300.09,299.99,300.06,300.02,300.01,300.03
301.18,301.06,301.31,301.48,301.53,301.7,301.52,301.57,301.88,301.53,301.31,301.46,301.56,301.54,301.24,300.76,300.58,300.89,301.11,301.22,300.99,300.79,300.55,300.97,300.96,300.86,300.28,300.5,300.52,300.55,300.77,300.74,301.02,301.12,300.76,300.41,300.43,300.34,300.45,300.07,300.11,300.06,300.17,300.35,300.68,300.65,300.75,300.71,300.33,300.34,300.4,300.15,300.15,300.49,300.57,300.46,300.27,300.12,300.24,300.38,300.76,300.37,300.66,300.77,300.51,300.38,300.41,300.45,300.37,299.99,300.01,300.18,300.35,300.21,300.19,300.16,300.46,300.2,300.18,300.28,300.35,300.17,300.32,300.08,300.19,300.3,300.06,299.81,299.4,299.31,299.21,299.54,299.87,299.95,299.98,299.86,300.09,300.13,299.84,299.58,300.17,299.92,299.79,299.91,299.9,299.78,299.86,299.78,299.81,299.36,299.41,299.56,298.95,299.5,299.69,299.65,299.75,299.98,299.87,300.11,299.58,299.44
300.75,300.96,300.74,300.93,300.74,301.08,301.05,300.92,300.9,300.91,300.99,301.12,300.87,301.02,300.82,300.69,300.52,300.2,299.8,299.59,299.46,299.46,299.99,300.78,300.33,300.62,300.29,300.39,300.65,300.76,300.4,300.55,300.75,300.64,300.4,300.49,299.95,299.92,299.85,299.85,299.8,299.69,299.48,299.72,300.18,299.72,299.82,299.52,299.4,299.58,299.67,299.54,299.32,299.09,299.16,299.37,299.52,299.53,299.54,299.79,299.59,299.96,299.64,299.69,299.61,299.59,299.42,299.43,299.49,299.74,299.54,299.45,299.71,299.89,299.59,299.5,299.17,299.37,299.62,299.99,299.94,299.77,299.63,299.61,299.82,299.62,299.35,299.04,299.17,299.29,299.26,299.25,299.26,299.36,299.35,299.68,299.6,299.71,299.58,299.83,299.54,299.75,299.6,299.75,299.64,299.68,300.03,299.58,299.63,299.68,299.52,299.37,299.23,299.5,299.44,299.46,299.39,299.47,299.66,299.56,299.76,299.58
301.29,301.24,300.98,300.85,300.66,300.84,301.09,301.28,301.12,300.91,301.14,300.71,300.85,301.01,300.46,300.85,301.23,301.24,300.99,300.76,300.27,300.49,300.31,300.51,300.23,300.35,300.49,300.52,300.17,300.22,300.06,300.07,300.09,300.2,300.4,300.67,300.07,299.91,299.85,300.27,300.45,300.52,300.78,300.26,300.09,300.17,300.1,300.18,299.78,299.92,300.2,300.02,299.99,299.85,299.77,299.76,300.12,300.06,299.82,299.61,299.87,300.23,300.42,300.07,299.99,299.73,300.07,299.66,299.7,299.44,299.77,299.89,299.47,299.68,299.15,299.27,299.08,298.82,298.66,298.73,299.14,299.26,299.61,299.71,299.91,299.67,299.79,299.63,299.32,299.4,299.22,299.31,299.19,299.29,299.49,299.21,299.53,299.85,299.73,299.55,299.29,299.06,299.24,299.1,299.25,299.16,299.31,299.33,299.5,299.94,299.9,299.45,299.53,299.59,299.09,299.08,299.1,299.27,299.26,299.77,299.82,299.66
301.45,301.43,301.84,301.91,301.48,301.05,301.13,300.93,300.59,300.79,300.6,300.66,300.7,301.02,301.19,301.19,301.38,300.89,301.01,300.99,300.91,301.36,301.39,301.21,301.21,300.63,299.89,299.82,299.69,300.02,300.11,299.96,300.36,300.6,300.49,300.52,300.38,300.27,300.17,300.05,300.07,300.18,300.01,300.11,300.15,300.22,300.32,300.41,300.22,300.49,300.49,300.27,300.16,299.96,299.89,300.2,300.34,300.33,300.5,300.47,300.17,299.71,299.62,299.55,299.7,299.79,300.01,299.86,300.15,299.99,299.86,300.02,299.81,299.87,299.78,300.1,300.09,300.04,300.09,299.61,299.72,299.67,299.88,299.8,299.7,299.74,300.02,300.02,299.7,299.81,299.77,300.08,300.04,299.85,299.74,299.91,299.92,299.61,299.67,299.63,300.03,299.77,299.66,300.21,300.15,300.2,300.03,299.66,299.87,300.09,300.25,300.11,299.79,299.63,299.82,299.54,299.88,299.71,300,299.96,300.28,300.03
301.12,301.27,301.51,301.31,301.16,301.35,301.71,301.65,301.61,301.74,301.44,301.69,301.64,301.54,302.02,301.68,301.17,300.82,301.08,301.22,300.98,300.85,300.89,300.88,301.01,300.89,301.2,301.46,301.55,300.93,300.86,300.84,300.83,300.49,300.41,300.62,300.71,300.48,300.26,300.72,300.51,300.16,300.25,300.16,300.01,300.18,300.19,300.1,300.07,300.15,299.78,300.11,300.16,300.08,299.72,299.53,299.69,299.73,299.8,299.6,299.59,299.43,299.54,299.51,299.88,299.85,299.67,300.12,300.51,300.58,300.09,299.88,299.94,300.1,300.37,300.08,299.63,299.97,299.84,299.57,299.53,299.92,299.78,299.88,300.01,300.04,299.84,299.73,299.9,299.76,299.66,299.59,299.76,300.07,300.2,300.36,300.15,300.04,300.36,300.65,300.32,299.96,299.83,299.75,299.67,299.8,299.83,299.87,299.39,299.89,299.84,299.66,299.71,299.86,300.06,300.12,300.06,300.02,299.82,299.93,300.36,300.08
302.31,301.96,301.37,301.34,301.43,301.57,301.42,301.63,301.57,301.92,302.16,302.06,301.75,301.33,301.56,301.39,301.52,301.46,301.53,301.48,301.18,301.21,301.37,301.08,300.99,300.69,300.58,300.65,300.77,300.64,300.74,300.76,300.36,299.86,300.47,300.73,300.69,300.67,300.63,300.82,300.9,300.84,301.2,300.75,300.73,300.83,300.89,300.83,300.52,300.02,299.69,300.04,300.17,300.24,300.31,299.99,300.34,300.4,300.14,300.33,300.36,300.26,300.27,300.46,300.53,300.51,300.7,300.84,300.72,300.43,300.23,300.09,300.01,299.82,300.11,300.23,300.09,300.16,300.09,300.42,300.39,300.16,300.22,300.22,300.25,300.17,299.86,299.96,300.37,300.52,300.53,300.48,300.72,300.65,300.57,300.46,300.61,300.67,300.59,300.16,300.15,299.98,300.25,300.8,300.49,300.46,300.85,300.96,300.38,300.34,300.23,300.05,300.2,300.29,300.46,300.46,300.52,300.69,300.64,300.58,300.27,300.68
301.93,301.65,301.93,301.49,301.06,301.3,301.54,301.44,301.83,301.69,301.87,301.78,302.03,302.1,301.8,301.9,301.97,301.66,301.51,301.61,301.46,301.33,301.24,301.56,301.53,301.85,301.67,301.77,301.56,301.61,301.48,301.31,301.21,301.38,301.44,301.31,301.06,300.88,300.82,300.75,300.54,300.78,301.21,300.95,300.99,301.06,301.33,301.36,301.25,301.05,300.73,300.6,300.4,300.86,300.68,300.79,301.12,300.98,301.06,301.01,300.78,300.74,300.61,300.35,300.3,300.64,300.49,300.11,300.47,300.56,300.38,300.66,300.69,300.69,300.67,300.86,300.77,300.47,300.6,300.32,300.49,300.52,300.43,300.56,300.37,300.46,300.62,300.54,300.33,300.36,300.5,300.14,300.29,300.55,300.72,300.61,300.83,300.77,300.65,300.52,300.51,300.54,300.77,300.68,300.86,300.77,300.87,301,300.87,300.85,300.71,300.53,300.71,300.51,300.68,300.42,300.46,300.58,300.35,300.21,300.15,300.31
302.36,302.23,302.49,302.81,302.91,302.99,302.62,302.35,302,301.86,301.32,301.06,300.73,301.04,301.03,301.31,301.53,301.52,301.29,301.16,301.56,301.08,301.45,301.08,300.89,301.41,301.44,301.21,301.17,301.69,301.53,301.33,301.09,300.92,300.47,300.45,300.73,301.23,301.16,300.71,300.96,301.05,300.51,300.53,300.23,300.16,300.27,300.07,299.91,299.82,300.4,300.4,300.27,300.13,300.61,300.27,299.99,300.49,300.69,300.97,300.41,300.48,300.76,300.71,300.86,300.83,300.53,300.46,300.83,300.65,300.53,300.4,300.18,300.28,300.64,300.63,300.57,300.49,300.53,300.66,300.7,300.49,300.63,300.31,300.4,300.26,300.36,300.38,300.17,300.07,300.22,300.56,300.67,300.59,301.18,300.79,300.2,300.53,300.58,300.81,300.65,300.5,300.6,300.66,300.78,300.54,300.21,300.4,300.68,300.97,300.59,300.37,300.16,299.83,300.19,300.17,300.14,300.14,300.31,300.26,300.59,300.55
301.43,301.37,301.58,301.94,301.81,301.79,301.67,301.57,301.54,301.92,301.97,301.95,301.94,301.89,301.61,301.57,301.6,301.65,301.96,301.84,301.92,301.84,301.51,301.52,301.33,301.07,301.16,301.17,301.02,300.71,300.96,300.97,301,301.28,300.98,300.92,301.18,301.57,301.92,301.53,301.23,301.2,301.05,300.75,300.41,300.84,300.86,300.67,300.25,300.16,300.57,300.8,300.68,300.71,300.66,300.28,300.62,301.11,301.06,301.21,300.99,300.98,301.14,300.69,300.78,300.85,300.71,300.57,300.67,300.75,300.57,300.68,300.63,300.68,300.56,300.39,300.5,300.79,300.57,300.09,300.13,300.57,300.66,300.51,300.41,300.4,300.68,300.4,300.69,300.48,300.56,300.75,300.87,300.99,300.57,300.39,300.21,300.1,300.32,300.25,299.96,300.52,300.37,300.88,300.72,300.42,300.29,300.26,300.72,300.44,300.23,300.31,300.15,300.21,300.23,300.34,300.34,300.49,300.75,300.68,300.42,300.54
302.54,302.46,302.37,302.13,302.02,302.48,302.25,302.12,302.27,302.32,302.03,301.93,301.53,301.58,301.26,301.8,301.69,301.92,301.75,301.7,301.88,301.83,301.76,301.46,301.4,300.84,300.96,300.93,300.86,301.02,301.69,301.56,301.28,301.13,301.34,301.15,301.33,301.65,301.08,300.87,300.86,300.57,300.7,301.02,300.98,301.34,301.32,301.32,300.98,300.83,300.86,300.94,300.53,300.42,300.07,300.59,300.81,300.67,300.71,300.56,300.97,301.1,301.19,300.98,300.74,300.82,300.98,300.66,300.57,300.7,300.62,300.71,300.42,300.43,300.36,300.52,300.46,300.67,300.96,300.97,300.78,300.67,300.44,300.15,300.31,300.39,300.53,300.43,300.3,300.44,300.09,299.93,300.05,300.03,299.82,300.08,300.14,300.34,300.6,300.6,300.78,300.49,300.55,300.74,300.78,300.7,300.82,300.83,300.6,300.81,300.74,300.77,300.74,300.26,300.72,300.83,300.73,300.67,300.55,300.32,300.54,300.74
301.96,302.19,301.85,301.62,301.81,301.78,301.6,301.5,301.48,301.68,301.6,301.46,301.51,301.48,301.62,301.68,301.86,302,301.64,301.33,301.57,301.7,301.76,302.28,301.59,301.37,301.29,301.28,301.61,301.65,301.3,301.38,301.24,301.29,301.52,301.34,300.97,300.34,300.25,300.7,301.18,300.97,300.84,301.04,300.82,300.63,300.59,300.96,300.46,300.78,300.81,300.76,300.47,300.66,300.8,300.69,300.14,300.56,300.71,300.57,300.61,300.79,300.81,300.61,300.37,300.67,300.41,300.04,300.25,300.41,300.1,300.26,300.23,300.01,300.27,300.48,300.26,300.13,299.88,300.45,300.6,300.53,300.23,300.25,300.6,300.74,300.49,300.35,300.03,300.68,300.71,300.73,300.8,300.85,300.92,300.7,300.65,300.35,300.67,300.58,300.65,300.4,300.32,300.43,300.07,300.55,300.6,300.43,300.27,300.65,300.6,300.01,300.02,300.38,300.14,300.27,300.3,300.25,300.15,300.16,300.35,300.38
301.41,301.23,301.09,301.11,301.36,301.36,301.65,301.89,301.5,301.71,301.21,301.61,301.34,300.91,300.88,301.04,300.8,300.82,300.6,300.83,300.85,300.84,301.15,300.93,301.09,301.05,300.84,300.56,300.53,300.49,300.55,300.43,300.45,300.72,300.52,300.34,300.62,300.58,300.89,300.98,300.87,300.52,300.23,300.35,300.14,300.46,300.47,300.33,300.37,300.13,300.36,300.62,300.46,300.17,300.03,300.05,300.44,300.51,300.56,300.03,299.85,300.03,300.15,300.1,300.11,300.33,300.36,300.73,300.41,300.2,300.51,300.12,300.05,300.25,300.41,300.41,300.53,300.35,300.3,299.88,299.55,299.76,300,300.03,299.8,300.04,300.02,300.14,300.46,300.44,300.13,299.94,300.05,300.08,300.05,300.43,300.04,300.09,300.57,300.44,300.31,300.61,300.33,300.45,300.48,299.95,300.04,300.12,300.15,300.66,300.46,300.33,300.69,299.92,299.85,299.95,300.25,300.11,299.69,299.69,299.84,299.71
301.58,301.65,301.5,302.35,302.72,302.97,302.93,302.86,302.29,302.35,302.18,302.06,301.91,301.68,301.63,301.55,301.46,301.81,301.49,301.02,301.01,300.76,300.87,301.09,301.17,301.16,300.62,300.98,301.17,301.03,301.27,301.01,300.81,300.74,301.02,300.55,300.62,300.88,300.96,301.04,301.07,301.02,301.47,301.06,301.49,301.57,301.46,301.45,301.7,301.2,301.36,301.21,301.18,301.16,301.04,301.37,300.93,301.05,301.29,300.99,301.14,301.18,301.16,301.28,301.2,301.39,301.32,301.19,301.19,301.39,300.99,301.1,301.14,300.69,300.5,300.39,300.38,300.45,300.5,300.5,300.57,300.4,300.68,300.6,300.88,300.9,300.7,300.92,300.97,301.08,300.87,300.46,300.83,301.03,300.9,300.85,301.06,300.98,301,300.12,300.64,300.99,301.01,300.87,300.68,300.47,300.23,300.44,300.33,300.4,300.5,300.77,300.92,300.77,300.89,301.01,300.66,300.9,300.49,299.94,299.81,300.3
301.78,301.65,301.66,301.61,301.79,301.97,301.82,302.35,302.44,302.16,301.7,301.22,301.73,302.33,302.23,301.98,301.58,301.95,301.74,302.03,301.87,301.84,301.72,301.68,301.21,301.31,300.83,300.82,300.78,300.6,300.49,300.32,300.51,300.41,300.46,300.81,300.86,301.26,301.53,301.33,301.01,300.86,300.82,300.38,300.77,300.84,300.87,300.67,300.55,300.6,300.33,300.67,300.84,300.88,300.71,300.72,300.98,300.85,300.56,300.65,300.46,300.56,300.31,299.85,299.98,299.84,299.92,299.8,300.04,299.97,299.56,299.46,299.73,299.74,299.97,300.11,300.35,300.31,300.24,300.41,300.17,300.46,300.4,300.32,300.39,300.33,300.53,300.73,300.55,300.48,300.78,300.53,300.44,300.81,300.77,300.71,300.93,300.58,300.48,300.54,300.31,300.31,300.64,300.71,300.49,300.38,300.22,300.04,300.48,300.51,300.68,300.73,300.49,300.2,300.31,300.9,300.14,300.09,300.04,300.18,300.3,300.51
302.55,302.19,302.14,302.04,301.83,301.98,301.93,302.12,301.41,301.33,301.09,301.22,301.57,301.88,301.76,301.78,301.76,301.7,301.73,301.72,301.22,301.3,301.18,301.05,301.33,301.26,300.66,300.53,300.41,300.78,300.54,300.53,301.08,300.97,300.6,300.7,300.84,300.79,301.01,300.88,300.74,300.9,300.87,300.92,300.75,300.61,300.75,301.05,301.03,301.25,301.01,301.17,301.13,300.58,300.78,300.7,300.67,300.12,300.09,300.04,300.12,300,299.84,300.01,300.56,300.77,300.66,300.49,300.24,299.85,300.31,300.48,300.66,300.33,300.87,300.96,301.37,301.15,301.16,300.93,300.98,300.88,301,300.75,300.88,300.6,300.79,300.41,300.43,300.6,300.79,300.72,300.5,300.3,300.45,300.66,300.16,300.33,300.43,300.4,300.14,300.3,300.34,300.29,300.1,299.92,299.95,299.76,299.73,300.02,300.24,300.59,300.66,300.43,300.34,300.46,300.02,300.12,300.31,300.43,300.85,300.66
301.66,301.48,301.34,301.66,302.01,301.92,302.21,302.35,302.27,302.36,301.65,301.56,301.59,301.5,301.35,301.56,301.56,301.55,301.48,301.61,301.5,301.01,300.69,300.91,301.14,300.96,300.6,300.9,300.92,300.71,301.1,301.15,300.52,300.46,300.79,300.84,300.98,300.64,300.74,300.89,300.77,300.44,300.6,300.75,300.42,300.49,300.71,300.61,300.52,300.35,300.1,299.98,300.01,300.16,300.54,300.69,300.56,300.29,300.04,300,299.69,299.68,299.89,300.42,300.23,300.14,300.26,300.39,300.51,300.72,300.67,300.72,300.68,300.66,300.85,300.93,300.81,300.62,300.42,300.64,300.49,300.51,300.46,300.13,300.13,300.29,300.63,300.34,300.34,300.03,300.05,299.89,299.97,300.62,300.53,300.34,300.35,300.64,300.56,300.4,300.6,300.59,300.24,299.92,299.92,300.06,300.1,300.31,300.29,300.43,300.67,300.47,300.49,300.41,300.74,300.89,300.5,300.33,300.38,300.36,300.24,299.71
301.85,302.21,302.01,302.12,301.79,301.91,301.53,301.4,301.5,301.51,301.7,301.73,301.75,301.56,301.51,301.18,301.15,301.52,301.55,301.52,301.27,301.85,301.83,301.21,300.84,301.36,301.42,301.42,301.29,301.26,301.02,301.3,301.03,300.75,301.02,300.96,301.17,301.31,301.35,301.29,301.04,301.06,300.72,300.67,300.75,300.97,301.01,300.97,300.94,300.79,300.69,300.78,300.74,300.56,300.12,300.37,300.52,300.86,300.9,300.75,300.47,300.61,300.34,300.66,300.37,300.35,300.57,300.79,300.55,300.64,300.58,300.5,300.49,300.66,300.69,300.36,300.44,300.52,300.49,300.38,300.11,300.35,300.9,300.84,300.27,300.41,300.19,300.25,300.37,300.52,300.28,300.06,300.23,300.31,300.3,300.45,300.49,300.36,300.31,300.51,300.5,300.55,300.71,300.77,300.56,300.58,300.84,301.06,300.87,300.83,300.74,300.81,300.8,300.99,300.98,301.22,301.23,301.12,300.83,300.64,300.67,300.64
302.57,302.49,302.45,302.5,302.27,302.02,302.12,302.25,302.18,302.23,301.47,301.15,301.28,301.15,301.19,301.49,301.69,301.42,301.26,301.63,301.27,301.71,301.98,301.77,301.86,301.87,301.55,301.37,301.08,301.07,300.95,300.78,301.18,300.99,301.48,301.5,301.67,301.59,301.22,301.28,300.93,300.86,301.08,301.2,301.1,300.91,300.75,300.97,301.18,301.22,301.45,301.11,301,301.15,300.97,301,300.96,301.15,301.03,301.09,300.99,300.9,300.95,300.96,301.01,301.1,301,300.91,300.88,300.48,300.37,300.4,300.68,300.69,300.73,300.79,300.93,300.85,300.9,300.72,300.73,300.97,301.09,300.87,300.91,300.83,300.71,300.64,300.6,300.72,300.54,300.46,301.02,300.74,300.93,301.3,301.11,301,300.98,301.23,300.97,300.84,300.65,300.9,301.04,301.17,300.96,301.02,300.85,300.48,300.65,300.98,301.25,301.47,301.36,301.08,301.21,300.94,300.88,300.36,300.46,300.85
302.48,302.67,302.48,302.96,302.8,302.49,302.25,302.46,302.44,301.79,301.29,301.32,301.61,301.63,301.45,301.24,301.17,301.14,301.23,301.47,301.52,301.69,301.36,301.47,301.55,301.67,301.66,301.68,301.38,301.08,301.01,301.05,300.97,300.57,300.62,300.83,300.92,300.99,300.76,300.63,300.48,300.52,300.43,300.37,300.45,300.45,300.62,300.69,300.67,300.87,300.74,300.86,300.77,300.95,300.92,300.47,300.88,301.21,300.83,300.8,301.02,300.84,300.99,300.89,301,301.05,300.84,300.84,300.87,300.48,300.35,300.66,300.67,300.68,300.53,300.38,300.89,300.99,300.87,300.63,300.55,300.23,300.44,300.76,300.9,300.87,300.76,300.92,300.88,300.93,301.08,301.09,300.65,300.74,300.81,300.56,300.52,300.59,300.72,300.94,300.74,300.63,300.4,300.57,300.85,300.78,300.76,300.65,300.73,300.7,300.85,300.66,300.68,300.88,300.73,300.5,300.53,300.76,300.77,300.96,300.9,301
302.22,302.29,302.37,302.58,302.55,302.38,302.2,302.2,302.27,302.12,302.42,302.25,302.12,302.29,302.71,302.49,302.49,302.21,302.38,302.32,302.25,302.16,301.85,302.05,301.82,302.29,302.45,302.32,301.93,301.89,302.14,302.17,302.06,301.77,302.11,302.03,301.85,301.75,301.82,301.65,301.55,301.32,301.29,301.17,301.15,301.45,301.15,300.95,300.79,301.01,301.05,300.75,300.79,300.97,300.86,301.04,301.14,301.26,301.17,300.91,300.85,301.38,301.5,301.22,301.18,301.31,301.34,301.36,301.81,301.77,301.79,301.83,301.47,301.23,301.14,301.2,300.93,301.03,301.24,301.18,300.85,301.2,300.94,300.97,300.99,301.19,300.96,300.85,300.6,300.57,300.82,300.93,301.01,301.19,301.29,301.36,301.17,301.08,301.06,301.18,300.92,300.96,301.06,301.1,300.85,301.21,301.5,300.75,300.82,300.86,300.82,300.66,300.98,300.94,300.82,300.83,300.84,300.67,300.86,301.04,301.01,300.74
302.35,302.49,302.02,302.38,302.64,302.59,302.5,302.31,302.54,302.33,301.98,302.01,301.82,301.93,301.73,301.97,301.7,302.12,302.18,302.17,302.33,302.23,302.05,302.24,301.72,301.82,301.72,301.65,301.43,301.49,301.44,301.73,301.43,301.58,301.49,301.49,301.27,301.38,301.27,301.09,301.11,300.99,301.32,301.02,301.22,301.05,300.91,300.92,301.05,301.14,301.21,300.93,300.89,301.32,301.36,300.84,300.87,300.8,300.6,300.55,300.72,301.18,300.87,300.73,300.57,300.78,300.94,300.98,301.12,301,300.87,300.85,300.78,300.65,300.77,300.69,300.82,300.94,300.94,300.72,300.78,300.86,300.83,301.03,301.03,300.81,300.96,300.81,301.03,301.03,300.63,300.76,300.8,300.88,301.14,301.02,301,300.96,300.7,300.86,301.01,300.97,300.9,300.74,300.89,301.08,301.07,301.26,301.15,301.27,301.47,301.03,300.99,300.55,300.62,300.44,300.89,300.96,300.84,300.98,300.78,300.73
302,302.36,302.48,302.13,301.93,301.81,301.91,302.36,302.52,302.58,302.22,302.54,302.82,302.75,302.39,301.99,301.96,302.1,302.02,301.99,301.56,301.22,301.38,301.71,301.64,301.57,301.15,301.04,301.06,301.08,301.42,301.21,301.24,301.47,301.2,301,301.07,301.24,301.18,300.86,301.01,300.87,300.72,301,301.18,301.03,301.15,301.08,301.27,300.92,300.94,300.85,300.65,300.47,300.72,300.86,300.82,300.16,299.79,300.46,300.67,300.74,300.84,300.35,300.59,300.65,300.86,300.67,300.82,300.93,300.84,300.81,300.89,300.94,300.49,300.56,300.7,300.79,300.97,301.02,301.07,301.04,300.81,300.84,300.37,300.74,300.78,300.97,300.91,300.62,300.32,300.85,300.55,300.18,300.22,300.55,300.92,301.09,301.01,301.01,300.83,300.69,300.4,300.45,300.55,300.72,300.59,300.44,300.2,300.32,300.52,300.64,300.5,300.54,300.65,300.95,300.53,300.49,300.49,300.6,300.69,300.17
302.95,303.01,302.48,302.77,302.51,302.36,302.07,301.96,301.94,302.02,302.39,302.5,302.45,302.1,302.09,301.64,301.59,301.84,301.99,301.96,301.74,301.41,301.32,301.47,301.88,301.67,301.16,301.35,301.97,302.08,301.82,301.76,301.8,301.49,301.12,300.98,301.52,301.38,300.83,300.61,300.84,300.97,300.97,300.84,301.07,301.28,301.31,300.98,300.65,300.36,300.27,300.75,300.6,300.42,300.4,301,301.12,300.74,300.63,301.24,301.34,301.1,301.02,300.93,300.86,300.98,300.9,300.81,300.9,300.74,300.73,300.44,300.6,300.75,301.04,300.95,300.83,300.51,300.35,300.96,301.12,301,301.01,300.81,301.05,300.99,300.96,300.93,300.75,300.96,301,300.87,300.68,300.9,301.13,301.47,301.38,301.34,301.49,301.47,301.36,301.15,301.26,301.17,300.91,300.21,300.39,300.68,300.27,300.02,299.99,300.37,300.74,300.69,300.58,300.5,300.51,300.65,300.73,300.98,301.17,300.93
302.38,302.82,302.77,303.14,303.11,303.29,303.25,303.05,302.72,302.6,302.51,302.33,301.77,301.91,302.13,301.97,302.21,302.07,301.87,302.12,302.4,302.01,302.13,302.22,301.78,301.66,301.68,301.92,301.66,301.34,301.13,301.1,301.44,301.49,301.25,301.2,301.7,301.96,302,302.01,302.08,301.82,301.33,300.57,300.85,301.07,300.97,301.15,301.07,301.39,301.44,301.29,300.98,300.91,301.03,301.29,301.25,301.16,301.03,301.19,301.38,301.64,301.33,301.33,301.06,300.94,300.35,300.86,300.88,300.96,301.36,301.53,301.35,301.23,301.06,300.74,300.88,300.96,301.13,300.64,300.45,300.55,300.58,300.46,300.78,300.71,300.55,300.62,300.4,300.76,300.85,300.87,300.81,301.23,301.12,300.99,301.11,301.29,300.97,300.71,300.56,300.3,300.37,300.33,300.38,300.5,300.42,300.47,300.68,300.79,300.79,300.62,300.66,300.52,300.41,300.56,300.73,300.88,300.92,301.1,300.94,300.6
303.49,303.49,302.74,302.69,302.42,302.43,301.92,301.8,301.54,301.54,301.45,301.25,301.15,301.35,301.43,301.39,301.66,301.81,301.62,301.66,301.98,301.74,301.8,301.67,302.01,301.87,301.52,301.08,300.6,300.81,300.74,301.07,301.4,301.47,301.39,301.24,301.13,301.01,300.8,300.59,300.38,300.54,300.7,300.7,300.85,300.86,300.79,300.46,300.4,300.25,300.29,300.3,300.17,300.38,300.5,300.63,300.58,300.49,300.45,300.84,300.6,300.51,300.63,300.85,300.73,300.38,300.5,300.45,300.61,300.85,300.65,300.39,300.59,300.65,300.73,300.72,300.87,300.91,300.9,300.68,300.7,300.74,300.47,300.39,300.38,300.51,300.6,300.72,300.88,300.87,301.07,301.1,300.65,300.65,300.88,300.6,300.93,300.82,300.34,300.24,299.88,300.03,299.89,300.08,300.3,300.52,300.22,300.24,300.56,300.56,300.62,300.34,300.32,300.36,300.59,300.89,300.92,300.8,300.81,300.75,300.6,300.52
302.37,302.54,302.4,302.39,302.06,301.98,302.16,302.07,302.1,301.96,301.97,301.73,301.86,301.76,301.97,301.99,302.17,301.76,301.79,301.86,301.92,301.36,301.07,300.82,300.83,300.52,300.87,300.71,300.83,301.21,301.46,301.64,301.44,301.26,300.85,300.48,300.66,300.87,300.53,300.74,300.6,300.46,300.27,300.24,300.43,300.6,300.66,300.82,300.57,300.29,300.26,300.43,300.4,300.42,300.26,300.26,299.91,300.11,300.21,300.3,300.28,300.34,300.3,300.34,300.23,300.62,300.65,300.52,300.61,300.51,300.29,300.33,300.51,300.49,300.46,300.68,300.78,300.82,300.81,300.44,300.37,300.34,300.42,300.3,300.41,300.36,300.51,300.56,300.81,300.71,300.53,300.26,300.28,300.4,300.41,300.5,300.56,300.37,300.29,300.36,300.46,300.67,300.46,300.59,300.63,300.49,300.55,300.68,300.72,300.69,300.64,300.77,300.75,300.67,300.39,300.09,300.27,300.21,300.62,300.63,300.51,300.47
301.6,302.17,302.08,302.66,302.46,302.6,302.68,302.68,302.5,302.33,302.46,302.6,302.31,302.24,302.26,302.04,301.77,301.71,302.05,302.09,301.64,301.85,302.09,301.94,301.96,302.02,301.87,301.6,301.96,302.13,302.06,302.16,302.23,302.08,302.17,302.22,302.15,301.7,301.7,301.96,301.59,301.16,301.24,300.94,301.18,301.06,300.97,300.83,301.18,301.18,301.07,301.08,301.14,301.11,301.1,301.15,301.02,300.8,300.77,300.77,300.61,300.25,300.4,300.52,300.37,300.7,300.86,300.9,300.86,300.83,300.56,300.68,300.62,301.03,300.84,300.77,300.78,300.77,300.71,301.04,301.29,300.96,300.94,301.04,301.17,300.83,301.03,301.42,301.26,301.02,301.17,301.33,300.83,300.84,301.33,301.4,301.42,301.41,301.41,301.24,301.09,300.9,300.86,300.8,300.28,300.31,300.13,299.84,300.32,300.61,300.51,300.83,300.96,300.61,300.44,300.56,300.94,301.25,301.08,300.77,300.73,300.45
303.11,303.4,303.08,303.45,303.59,303.46,303.46,303.39,302.93,302.42,302.31,302.56,302.63,303.03,303.1,302.89,302.61,302.65,302.92,303.08,303.02,302.12,301.95,301.54,301.33,301.75,301.46,301.37,301.42,301.42,301.66,301.71,301.98,302.17,302.06,301.86,302.09,301.92,301.7,301.83,301.69,301.89,301.74,301.51,301.57,302.23,302.3,302.19,301.79,301.6,301.35,301.59,301.6,301.58,301.79,301.75,301.6,301.78,301.59,301.56,301.64,301.64,301.52,301.36,301.2,301.4,301.42,301.4,301.17,301.28,301.23,301.12,301.16,300.96,301.03,301.09,301.02,301.26,301.34,301.16,301.2,301.31,301.67,301.37,301.14,301.19,300.88,301.08,301.11,301.07,301.14,301.14,301.43,301.48,301.56,301.65,301.85,301.83,301.56,301.76,301.65,301.47,301.62,301.53,301.38,301.09,301.04,301.19,301.05,301.06,300.95,301.16,301.33,301.44,301.39,301.4,301.77,301.52,301.15,300.7,300.64,300.46
302.66,302.69,302.64,302.78,302.57,302.53,302.18,301.99,301.89,302.44,302.31,302.27,302.17,302.35,302.37,302.29,302.24,302.03,302.14,302.15,302.13,301.89,301.89,302.04,302.04,301.88,302.29,302.08,301.83,301.64,301.54,301.53,301.5,301.45,301.46,301.09,301.02,300.74,300.93,300.82,301.03,301.3,301.14,301.47,301.36,300.84,300.83,301.04,301.3,301.52,301.14,300.85,300.83,301,300.96,300.71,300.68,300.83,300.96,300.83,301.18,301.42,301.38,301.41,300.98,300.85,300.69,300.91,301.26,301.3,301.28,300.9,300.47,300.65,300.9,301.32,301.33,301.12,300.83,300.84,301.07,300.82,300.54,300.43,300.62,300.81,300.9,300.85,300.9,300.98,301.05,301,300.9,300.75,300.42,300.52,300.83,300.88,300.99,301.04,300.7,300.28,300.27,300.68,300.96,301.11,301.17,301.19,301.09,300.88,300.69,301.02,301.17,301.05,301.1,301.13,300.83,300.65,300.74,300.77,301.02,300.54
301.05,300.71,300.66,300.91,300.75,300.86,301.07,301.18,301.2,301.58,301.64,301.47,301.15,301.33,301.51,301.55,301.58,301.41,301.3,301.51,301.71,301.68,301.35,301.32,301.38,301.5,301.03,300.99,300.93,301.09,301.43,301.2,301.26,301.59,301.36,301.01,300.78,300.71,300.65,300.54,300.7,300.95,300.9,300.75,300.62,300.23,300.28,300.43,300.91,301.04,300.96,300.28,300.99,301.11,301.06,300.81,300.67,300.54,300.62,300.61,300.6,300.85,300.71,300.77,300.63,300.94,300.58,300.84,300.75,300.87,300.86,300.79,300.85,300.63,300.67,300.72,300.46,300.44,300.59,300.82,300.64,300.48,300.67,300.42,300.53,300.4,300.59,300.61,300.6,300.9,300.64,300.69,300.47,300.47,300.54,300.44,300.77,300.93,300.88,301.06,301.15,301,300.98,300.93,300.94,300.77,300.58,300.7,300.58,300.14,300.13,300.05,300.22,300.27,300.53,300.88,300.62,300.76,300.63,300.66,300.6,300.43
302.21,302.15,302.6,302.71,302.61,302.35,301.93,301.62,301.71,302.03,302.27,302.21,302.02,302.09,302.04,302.18,301.93,302.04,301.94,302.02,301.9,301.89,302.13,302.35,302.11,301.84,301.62,301.51,301.49,301.48,301.56,301.07,301.14,301.38,301.17,301.15,300.88,301.26,301.54,301.91,301.62,301.16,300.98,301.3,300.91,300.8,300.66,300.72,300.86,301.01,301.37,301.28,301.21,300.7,300.66,301.09,301.38,300.93,301.13,301.39,301.33,301.41,301.08,301,301.01,300.83,300.82,300.65,300.44,300.07,299.79,299.92,300.21,300.18,300.28,300.55,300.93,301.02,301.1,300.89,300.53,300.6,300.83,300.75,300.79,300.81,300.87,301.06,301,301.18,301.24,301.27,300.94,301.08,301.25,300.83,300.76,300.73,300.79,300.78,300.8,300.72,300.61,300.46,300.72,301,300.93,300.78,300.8,300.83,300.51,300.42,300.34,300.76,300.93,301.1,300.87,300.74,300.43,300.43,300.31,300.55
302.1,301.77,301.57,301.54,301.88,302.16,301.95,302.18,302.19,302.17,302.14,301.93,302.08,302,302.07,302.44,302.51,302.29,302.08,302.02,301.77,302,301.91,302.29,302.1,302.13,302.2,301.8,301.96,301.99,302.13,302.09,302.03,301.79,302.02,301.8,301.37,301.26,301.26,300.99,301.04,301.11,301.14,301.27,300.96,301.16,301.12,301.16,301.44,301.52,301.23,301.2,301.4,301.2,301.18,301.22,301.29,301.41,301.38,301.35,301.23,300.88,300.95,300.99,300.89,301.17,301.13,300.9,300.82,301.19,301.21,301,301.1,300.95,300.98,301,300.93,300.92,300.82,300.95,300.68,300.42,300.46,300.61,300.87,301.15,301.09,301.06,301.1,300.95,300.84,300.97,300.86,300.91,300.91,301.08,300.9,301.29,301.3,301.19,301.1,300.82,300.72,300.63,300.78,300.84,300.88,301.19,301.2,301.04,300.9,300.83,300.61,300.93,301.34,301.03,301.19,300.83,300.56,300.32,300.52,300.73
301.65,301.78,301.76,301.69,301.41,301.45,301.94,302.13,301.84,301.68,301.55,301.49,301.88,301.97,302.23,302.34,302.33,302.04,301.95,301.81,301.95,301.78,301.49,301.56,301.78,301.86,301.68,301.49,301.64,301.48,301.56,301.39,301.32,301.22,301.14,301.37,301.58,301.72,301.64,301.21,300.94,300.78,300.76,300.87,301.11,300.96,301.27,301.03,301.08,301.35,301.21,300.94,301.22,301.29,301.25,301.17,301.36,301.53,301.34,301.04,300.93,300.86,300.39,300.53,300.48,300.27,300.32,300.05,300.42,300.63,300.51,300.39,300.32,300.3,300.68,300.69,300.89,300.97,300.87,300.76,300.73,301.07,301.09,300.98,300.69,300.88,301.17,301.04,301.26,300.84,300.65,300.86,300.63,300.61,300.58,300.31,300.35,300.39,300.47,300.29,300.3,300.23,300.41,300.5,300.38,300.49,300.63,300.61,300.54,300.44,300.69,300.72,300.75,300.9,301.03,300.91,301.04,300.83,300.68,300.81,300.51,300.56
302.78,302.37,302.18,301.48,301.38,301.34,301.23,301.41,301.83,301.97,302.32,302.51,302.44,302.11,302.08,302.17,302.15,301.96,302.08,302.05,302.47,302.42,302.31,301.94,302.16,302.12,301.86,301.75,301.69,301.72,302.03,301.45,301.4,301.23,301.42,301.49,301.48,301.1,301.07,301.16,301.16,301.12,301.22,301.17,300.97,300.95,300.86,301.05,301.11,301.03,301.16,301.46,301.35,301.02,300.74,300.71,300.72,301,301.08,301.08,301.13,301.06,301.12,301.11,300.94,300.59,300.32,300.62,300.71,300.94,300.84,300.83,300.87,301.15,301.4,301.09,300.87,300.97,300.82,300.96,300.75,300.91,301.13,300.9,300.83,300.86,300.91,300.79,300.48,300.19,300.34,300.41,300.16,300.59,300.39,300.39,300.77,300.41,300.53,300.77,300.89,300.89,300.91,300.9,301.12,300.99,300.82,301.12,300.96,300.83,300.77,300.77,300.83,300.86,300.96,300.98,300.79,300.9,300.78,300.74,300.63,300.63
301.9,302.12,302.25,302.35,302,301.86,302.23,302.45,302.19,301.8,301.56,301.43,301.74,301.9,302.06,301.69,301.66,301.85,301.69,302.02,301.6,301.45,301.58,301.53,301.52,301.68,301.44,301.28,301.14,301.17,301.49,301.05,300.53,300.37,300.89,300.82,300.84,300.75,301.1,300.91,300.9,301.17,301.2,301.45,301.38,301.32,301.01,301.21,301.02,300.87,300.7,300.84,300.72,300.76,300.92,301.06,300.94,300.65,300.8,301.02,301.08,300.88,300.79,300.73,300.9,300.93,300.63,300.65,300.73,300.35,300.53,300.79,300.81,300.31,300.39,300.69,300.72,300.63,300.44,300.49,300.6,300.72,300.72,300.69,300.42,300.5,300.3,300.16,300.26,300.61,300.39,300.48,300.46,300.66,300.66,300.49,300.85,300.54,300.53,300.44,300.72,300.7,300.72,300.6,300.72,300.82,300.71,300.67,300.41,300.52,300.59,300.8,300.95,300.77,301.01,300.71,300.77,300.67,300.49,300.39,300.16,300.23
302.34,302.27,302.27,302.14,302.24,302.68,302.8,303.03,302.99,303.1,303.06,302.59,302.24,302.1,301.84,301.9,302.25,302.3,302.08,302.01,302.23,302.15,302.11,301.88,301.79,301.93,301.84,301.42,301.8,301.74,301.94,302.34,302.39,302,301.75,301.41,301.55,301.91,301.84,301.63,301.28,301.34,301.5,301.51,301.58,301.67,301.52,301.53,301.48,301.23,301.29,301.2,301.21,300.99,300.96,301.17,301.33,300.98,300.93,300.99,301.11,301.43,301.27,301.15,301.19,301.17,301.17,300.99,300.98,301.11,300.95,300.51,301.01,301.55,301.75,301.2,301.2,301.17,300.96,300.82,300.63,300.78,300.91,301.06,301.28,301.07,300.99,300.94,300.86,300.82,301.12,301.27,301.25,301.38,301.53,301.44,301.56,301.52,301.12,300.57,300.88,300.72,300.5,300.82,301.06,301.32,301.57,301.22,300.84,300.9,301.08,301.32,301.27,301.09,301.21,301.36,300.97,301.2,301.25,301.21,300.99,301.04
302.08,301.96,302.13,302.28,302.36,302.21,302.17,302.09,301.49,301.31,301.31,301.42,301.16,301,301.32,301.56,301.96,302.23,302.09,302.34,302.27,302.02,302.14,301.98,301.66,301.72,301.5,301.79,301.78,301.86,301.91,301.73,301.3,301.34,301.63,301.32,301.13,300.96,300.64,300.78,301.21,301.01,300.85,300.99,300.97,300.65,301.1,300.95,301.08,301.26,301.19,301.01,301.26,301.34,300.91,300.84,301.15,301.36,301.3,301.34,301.45,301.39,301.22,300.85,301.19,300.9,300.97,300.96,301.15,301.22,300.88,300.81,300.57,300.44,300.46,300.36,300.55,300.31,300.25,300.34,300.39,300.38,300.4,300.16,300.24,300.23,300.25,300.26,300.39,300.61,300.66,300.48,300.39,300.28,300.07,300.18,300.29,300.25,299.98,300.19,300.12,300.44,300.55,300.63,300.87,300.85,301.01,301.02,300.93,301.16,301.26,301.2,301.05,300.85,301.01,300.98,300.85,300.8,301.12,301.2,301.18,300.99
302.51,302.33,302.15,302.09,302.05,302.28,302.44,302.69,302.68,302.6,302.78,302.27,302.08,302.24,302.45,302.55,302.93,302.37,302.44,302.13,302.44,302.57,302.81,302.65,302.67,302.3,302.1,302.18,301.83,301.79,301.58,301.32,301.67,301.74,301.65,301.54,301.65,301.46,301.84,301.52,301.63,301.84,301.7,301.83,301.95,301.83,302.03,301.96,301.91,301.55,301.48,301.34,301.44,301.56,301.27,301.49,301.84,301.86,301.61,301.43,301.43,301.72,302.02,301.49,301.68,301.72,301.74,301.11,301.3,301.28,301.12,301.17,301.08,300.96,301.04,301.43,301.46,301.34,301.49,301.52,301.34,301.4,301.01,301.19,301.13,301.62,301.6,301.38,301.44,301.04,301.36,301.39,301.37,301.21,301.33,301.16,301.32,301.56,301.3,300.97,300.96,301.38,301.25,300.97,301.32,301.31,301.19,301.4,301.35,301.69,301.66,301.61,301.39,301.23,301.45,301.5,301.57,301.77,301.82,301.32,300.9,301
303.5,303.53,303.69,303.43,303.19,302.93,303.14,303.73,303.84,304.03,303.81,303.76,303.75,302.87,302.5,301.92,301.75,302.39,302.51,302.31,302.39,302.61,302.75,302.88,302.67,303,302.86,302.57,302.39,301.79,301.94,302.43,302.05,301.93,301.68,301.62,302,302.03,301.58,301.72,301.66,301.58,302.15,301.8,301.69,301.82,302,302.05,301.29,301.61,301.66,301.56,301.61,301.44,301.65,301.94,301.72,300.94,301.06,301.44,301.56,301.67,301.42,301.17,301.33,301.7,301.35,301.23,301.16,301.54,301.4,301.55,301.72,301.48,301.55,301.14,301.23,301.65,301.73,301.76,301.41,301.29,300.99,301,300.69,300.98,301.15,301.62,301.31,301.24,301.7,301.7,301.56,301.59,301.64,301.79,301.11,301.38,301.84,301.31,301.59,301.63,301.29,301.11,301.16,301.62,301.61,301.29,301.61,301.79,302.17,301.62,301.49,301.4,301.4,301.21,301.36,301.41,301.43,301.67,301.38,301.21
302.37,302.26,302.14,302.22,302.14,302.17,302.15,302.3,302.31,301.75,301.64,301.32,301.4,301.79,301.52,301.41,301.86,301.63,301.18,301.43,301.31,301.36,301.49,301.47,301.82,301.63,301.53,301.47,301.61,301.73,301.84,301.87,301.98,301.62,300.95,300.69,300.67,300.38,300.5,300.93,301,301.3,301.26,301.4,301.14,301.07,301.09,301.23,301.35,301.59,301.64,301.49,301.3,301.43,301.31,301.45,301.57,301.39,301.1,301.02,301.04,301.03,300.65,300.72,300.71,300.69,301.02,301.3,301.02,300.77,300.76,300.49,300.57,300.87,300.92,300.82,301.23,300.91,300.56,300.79,300.9,301,300.86,300.89,300.66,300.72,300.75,301.04,300.61,300.48,300.65,300.74,301.04,301.47,301.43,301.18,301.09,301.12,300.73,300.79,300.66,300.28,300.59,300.51,300.7,300.57,300.98,301.18,301.49,300.6,301.01,301.04,301.16,300.96,300.72,300.74,300.82,300.65,300.43,300.34,300.25,300.58
302.03,301.76,301.87,301.78,301.48,301.19,301.49,301.86,301.79,301.81,301.64,301.91,301.98,302.36,302.26,302.56,302.49,302.03,301.33,301.4,301.12,301.42,301.39,301.88,302.05,302.06,301.87,301.46,300.9,300.8,300.94,301.05,300.89,300.91,300.69,300.86,300.47,300.73,301.18,301.78,301.21,301.22,301.24,301.29,301.31,301.3,301.29,300.77,300.7,301.15,300.83,300.76,301.17,301.8,301.38,300.99,301,301.18,300.95,300.73,300.57,300.4,300.54,300.25,300.63,301.22,301.1,301.5,301.18,300.74,300.77,301.08,300.8,300.88,300.19,299.93,300.56,301.12,301.02,300.69,300.33,300.61,300.88,300.7,300.75,300.83,300.5,300.77,300.67,300.94,301.19,300.88,301.27,300.9,300.8,300.84,301.03,300.93,300.71,300.94,301.02,301.47,301.2,301.46,301.12,301.39,301.33,301.19,300.85,300.62,300.55,300.25,300.17,300.69,300.48,300.24,300.45,300.92,300.61,300.91,300.97,300.53
302.67,302.15,301.26,300.87,301.21,301.35,301.18,301.3,301.74,302.15,302.06,301.96,302,301.49,301.68,301.79,301.96,301.68,301.76,301.7,302.16,302.46,302.13,301.91,302.21,302.2,302.34,302.31,302.37,302.1,301.91,301.75,302.09,301.6,301.66,301.78,301.72,301.34,301.67,301.46,301.34,301.65,301.64,301.55,300.99,301.01,301.01,301.24,301.12,301.14,301.35,301.14,300.99,300.7,300.96,301.01,300.68,300.55,300.54,300.56,300.64,300.72,301.12,300.96,300.87,301,300.73,300.93,300.84,300.62,300.58,300.59,301.12,301.07,301.3,300.88,301.19,301.74,301.7,301.96,301.64,301.16,301.14,301.16,301.33,301.49,301.2,301.12,301.07,301.12,301.19,301.33,301.03,300.59,300.85,301.14,301.32,301.21,300.97,301.07,300.93,301.21,301.24,300.74,300.7,301.21,301.39,301.03,301.15,301,301.27,301.36,301.38,301.16,300.83,301.51,301.14,300.64,300.51,300.79,300.76,300.92
301.81,301.57,301.73,302.03,301.76,301.57,301.72,302.28,302.21,302.19,301.8,302.17,301.44,301.98,301.85,302.04,301.69,301.73,302.24,302.43,302.3,302.41,302.48,301.96,302.35,301.99,301.99,301.54,301.37,301.91,301.84,302.29,302.41,302.36,302.23,302.15,302.09,302.34,302.69,302.46,302.37,302.16,301.78,302.3,302.74,302.01,301.59,301.32,301.44,301.59,301.9,301.61,301.8,301.21,301.32,301.79,301.72,301.36,301.63,301.38,301.17,301.21,301.16,300.95,301.04,300.84,301.31,301.11,301.06,300.98,300.96,301.17,301.15,301.22,301.12,300.79,301.05,301.41,301.62,301.47,301.56,301.07,301.39,301.23,301.21,301.13,301.23,300.82,300.98,301.26,301.01,301.01,301.25,301.17,301.17,301.04,301.08,301.38,301.31,301.58,301.36,301.3,301.27,301.09,301.13,301.28,301.18,301.01,301.53,301.14,301.34,301.52,301.63,301.61,301.57,301.7,301.74,301.4,301.18,300.95,300.73,300.96
302.67,302.73,302.63,302.71,302.79,302.45,302.67,302.29,302.38,302.49,302.33,302.11,302.36,302.19,302.52,302.41,302.31,302.41,302.4,302.69,302.26,302.4,301.69,301.7,301.83,301.92,301.47,301.34,301.7,301.81,301.54,301.24,301.41,301.24,300.73,300.97,301.07,300.94,301.03,301.04,301.4,301.45,301.27,301.19,301.13,300.92,301.07,301.31,301.33,300.79,300.91,301.15,301.35,301.22,301.37,301.14,301.29,301.39,300.95,301.09,301.12,301.02,301.35,301.17,301.29,301.36,300.92,301.19,301.22,300.98,300.85,301.22,301.06,301.09,301.16,300.97,301.35,301.27,301.17,301.2,301.01,301.29,301.02,300.7,300.72,301.36,301.28,301.16,301.36,301.18,300.86,300.94,301.4,301.5,301.24,301.3,301.42,301.22,300.86,301.11,301.05,301.18,301.06,301,300.98,301.15,300.99,300.89,301.09,300.96,300.74,300.86,300.7,300.71,300.99,301.33,301.22,301.11,300.62,300.56,300.94,301.02
301.09,301.82,301.81,301.51,301.45,301.28,301.45,301.57,302.13,302.24,302.28,302.12,302.34,302.29,302.26,302.35,301.91,302.07,301.94,302.2,302.17,301.81,301.73,301.78,301.98,301.88,301.69,301.68,301.47,301.6,302.27,301.62,301.47,300.72,301,301.17,301.29,300.81,300.74,300.86,300.32,300.57,300.55,300.78,300.69,300.6,300.34,300.78,300.92,301.17,301.23,301.23,300.93,300.79,301.15,300.74,300.64,300.91,300.82,300.56,300.65,300.86,301.12,300.97,301.01,300.88,301.01,301.12,301.32,301.35,301.15,301.41,301.52,301.26,300.74,300.52,301.12,301.44,301.43,301.19,301.47,301.56,301.18,301.05,301.04,301.02,301.01,301.03,301.32,300.96,301.09,300.94,301.15,301.43,301.6,301.21,300.65,300.23,300.38,300.9,300.76,300.84,300.95,301.22,300.88,300.68,300.69,300.86,300.9,300.77,300.64,300.68,300.64,300.99,300.74,300.9,300.88,300.9,300.92,300.82,300.61,300.98
302.46,302.8,302.81,302.32,302.34,302.79,302.65,302.51,302.29,302.48,302.78,303.07,302.94,302.84,303.03,302.88,302.94,302.54,302.71,302.45,301.79,301.71,301.88,301.97,301.8,301.65,301.78,301.9,301.69,302.12,301.78,301.87,301.71,301.72,301.61,301.35,301.68,301.21,301.58,301.48,301.17,301.52,301.06,301.15,300.35,300.26,300.63,301.17,301.01,301,301.32,301.36,301.31,301.37,301.96,301.32,301.39,301.71,301.68,301.84,301.79,301.44,301.59,301.54,301.31,301.26,301.15,301.27,301.46,301.27,301.32,301.39,301.4,301.63,301.28,301.16,301.03,301.1,301.31,301.4,301.34,301.1,300.85,300.89,301.22,301.15,301.17,301.15,300.96,301.17,301.08,301.2,301.52,301.42,301.43,301.47,301.56,301.5,301.2,300.96,301.1,301.12,301.33,301.33,301.45,301.41,301.59,301.3,301.55,301.62,301.33,301.65,301.55,301.08,300.7,300.99,301.09,301.19,300.98,300.78,301.08,301.05
301.99,301.76,301.88,302.2,302.58,302.38,302.2,302.41,301.81,302.19,302.14,302.07,301.81,301.85,301.89,301.72,301.74,301.86,301.73,301.53,301.07,301.3,301.72,301.43,301.59,301.8,302.12,301.57,301.47,301.84,302.11,302.13,302.33,301.84,302.21,302.06,301.94,301.81,301.87,301.65,301.72,301.56,301.44,301.68,301.85,301.59,301.84,301.7,301.55,301.58,301.57,301.15,300.97,300.93,300.88,300.79,300.79,300.93,301,300.89,300.94,301.01,301,301.31,301.13,301.09,301.01,301.04,301.2,301.23,301.04,300.95,301.05,301,301.22,301.35,301.4,301.28,300.88,300.81,300.92,300.95,300.95,300.8,301.1,301.44,301.49,301.68,301.44,301.21,300.78,300.61,300.77,300.73,300.98,300.81,300.82,300.35,300.42,300.86,301.15,300.99,301.17,300.79,300.95,300.76,300.85,300.77,300.68,301.02,301.06,301.05,301.1,301.06,301.16,300.92,300.69,300.85,301.18,301.01,300.95,300.71
302.19,302.77,302.46,302.21,302.07,302.3,302.69,302.65,302.6,302.66,302.64,302.77,302.19,302,302.1,301.77,301.68,301.84,301.81,301.56,301.75,301.52,301.84,301.87,302.01,302.06,302.03,302.01,302.16,301.93,302.28,301.93,301.71,302.06,302.28,302.24,302.08,301.75,301.89,302.27,302,301.91,301.84,301.83,301.83,301.44,301.16,301.34,301.41,301.22,301.14,301.05,300.9,300.42,300.35,301.05,301.13,300.95,300.94,300.8,300.86,301.27,301.46,301.5,301.53,301.69,301.5,301.58,301.91,301.87,301.87,301.36,301.04,300.79,301.12,301.38,301.63,301.57,301.56,301.3,301.23,301.1,300.9,300.54,300.68,300.8,300.89,301.09,301,301.01,300.88,301.23,301.21,301.28,301.3,301.13,301.18,301.25,301.17,300.89,300.92,300.8,301.14,301.37,301.38,301.03,301.23,301.02,300.8,301.32,301.4,301.43,301.4,301.66,301.8,301.54,301.48,301.08,300.96,300.95,301.24,301.07
301.68,301.97,301.91,302.41,302.42,302.7,302.22,302.65,302.29,302.4,302.41,302.44,302.12,302.16,302.4,302.36,302.76,302.47,301.99,302.44,302.1,302.09,302.01,302.14,302.04,301.99,302.42,302.16,301.75,301.84,301.82,301.67,301.35,301.75,301.55,301.68,301.51,301.81,301.82,301.31,301.21,301.76,301.49,301.49,301.23,301.29,301.48,301.69,301.15,300.91,301.06,301.08,300.85,300.97,301.24,301.42,301.11,301.33,301.8,301.85,301.61,301.46,301.18,301.12,301.27,301.29,301.37,301.41,301.14,301.02,300.94,301.36,301.31,301.22,301.12,300.81,301.12,300.8,300.69,300.94,301.3,300.73,300.63,300.96,300.79,300.48,300.54,300.28,300.19,300.96,301.16,301.22,300.86,300.81,300.72,300.75,300.93,301.13,301.37,301.31,300.76,300.91,300.99,300.89,301.13,301.5,301.23,301.01,301.2,301.29,301.44,301.32,301.2,301.31,301.25,301.09,301.5,301.53,301.64,301.51,301.18,300.98
302.01,302.58,302.96,303.19,303.03,303.03,302.61,302.47,302.11,301.65,301.41,301.77,301.84,302,302.36,302.71,302.66,302.67,302.44,302.05,302.04,302.77,302.61,302.61,302.71,302.37,302.37,302.31,301.72,301.79,301.72,301.7,301.43,301.33,300.97,301.22,301.47,301.17,301.25,301.48,301.67,301.59,301.42,301.42,301.86,302.07,301.93,301.73,301.81,301.63,301.72,301.62,301.74,301.53,301.44,301.14,301.1,301.11,301.69,301.61,301.32,301.37,301.33,301.03,301.62,302.06,302.08,301.78,301.39,301.6,301.92,301.7,301.56,301.05,301.12,300.93,300.9,300.6,300.81,300.97,301.07,301.16,301.13,300.92,301.2,301.29,301.74,301.73,301.38,301.67,301.25,301.15,300.83,300.85,301.11,301.37,301.66,301.45,301.8,301.8,301.44,301.17,300.97,301.08,301.11,301.22,301.3,301.39,301.28,301.15,301.01,301.26,301.36,301.47,301.49,301.44,301.54,302.16,302.27,301.95,302.19,301.98
303.04,302.35,302.57,302.68,302.73,302.72,302.71,302.32,301.95,302.1,301.83,301.84,301.84,302.35,302.58,302.62,302.73,302.27,302.28,302.15,302.13,302.7,302.51,302.6,302.38,302.35,302.26,301.92,301.79,301.98,301.96,301.55,302.11,301.91,301.65,301.07,300.69,300.91,301.27,301.39,301.74,301.6,301.26,302,301.81,301.35,301.04,301.61,301.53,301.35,301.05,301.28,301.14,301.23,301.39,301.36,301.64,301.29,301.38,301.63,301.8,301.61,301.95,301.8,301.78,301.58,301.52,301.3,301.11,301.09,301.3,301.6,301.52,300.86,300.69,300.57,300.37,300.38,301.06,301.39,301.34,300.94,300.95,301.69,301.48,300.95,301.03,301.37,301.47,301.46,301.29,301.3,301.59,301.73,301.37,301.41,301.49,301.35,301.36,301.23,301.28,301.43,301.41,301.21,301,301.26,301.06,301.3,301.49,301.52,301.45,301.59,301.23,301.82,301.19,301.13,300.88,301.11,300.82,300.6,300.77,301.23
302.66,302.14,302.24,302.28,302.12,301.76,301.94,302.04,302.52,302.52,302.34,302.08,302.55,302.79,302.28,302.7,302.22,302.11,302.7,302.19,302.02,301.87,301.34,301.96,302.21,301.84,301.13,301.49,302.07,301.5,301.48,301.54,301.53,302.04,301.69,301.36,301.38,301.36,301.26,301.37,301.5,301.32,301.06,301.21,301.28,301.36,301.28,301.49,301.66,301.63,301.52,301.26,301.31,301.02,300.65,300.84,300.9,301.05,300.84,301.04,301.41,301.5,301.32,301.07,301.1,301.1,301.07,300.92,300.92,301.05,301.12,300.8,300.98,301.35,300.83,300.87,300.66,300.98,300.95,300.73,300.98,301.22,300.95,300.97,301.28,301.34,301.3,301.39,300.98,300.78,300.85,301.05,301.12,300.97,301.06,301.03,301.37,301.46,301.25,301.23,301.18,301,300.98,300.77,300.97,301.04,300.97,301.15,301.21,301.38,301.14,301.11,301.18,301.16,301.14,301.1,301.01,300.95,300.83,301.05,301.23,301.13
302.57,302.7,302.83,302.4,302.35,302.47,302.65,302.33,302.42,302.42,302.69,302.34,301.94,301.75,302.12,302.38,302.05,302,301.85,301.51,301.63,302,301.84,301.52,301.19,301.32,301.15,301.65,301.46,301.81,301.72,301.3,301.26,301.48,301.52,301.66,301.09,301.22,301.02,300.8,300.69,301.06,301.37,301.02,301.04,301.1,301.21,301.43,301.81,301.9,301.91,301.58,301.39,301.87,301.72,301.91,301.77,301.38,301.37,301.88,301.76,301.51,301.83,301.32,301.4,301.63,301.58,301.3,301.27,301.73,301.52,301.27,301.26,301.37,301.44,301.88,301.05,300.92,300.98,300.91,300.99,300.78,300.2,300.83,300.92,300.82,300.53,300.59,300.46,300.58,300.68,301.05,301.55,301.89,301.67,301.14,301.26,301.45,300.92,301.05,301.28,300.9,300.85,300.89,301.41,301.36,301.64,301.25,300.98,300.87,300.5,300.77,300.64,300.52,300.62,300.43,300.94,301.01,300.45,300.46,300.44,300.71
301.69,301.38,301.49,301.63,301.49,301.64,301.85,301.25,301.95,302.36,302.57,302.1,301.96,301.91,301.98,301.78,301.94,301.71,301.73,301.81,301.91,301.73,301.43,301.38,301.22,301.02,301.45,301.37,301.67,301.8,301.56,301.37,301.53,301.24,301.14,301.04,300.69,300.59,300.56,300.33,300.58,300.67,300.7,300.71,300.89,300.64,300.49,300.93,300.55,300.72,300.42,300.61,300.53,300.77,301.23,301.27,300.88,300.74,300.95,301.2,301.03,300.97,301.02,300.47,300.23,300.14,300.17,300.2,300.35,300.32,300.18,300.57,300.1,300.42,300.4,300.49,300.61,300.51,300.79,300.68,300.98,300.98,300.99,300.98,301.06,300.78,300.98,300.74,300.71,300.73,300.59,300.54,300.69,300.93,300.84,300.8,300.92,300.52,299.9,299.86,299.89,300.1,300.21,300.73,300.67,300.55,301.07,301.02,300.78,300.48,300.88,301.18,301.08,301.1,301.11,300.88,301.07,300.96,300.78,300.82,300.86,301.34
302.2,301.95,301.82,301.93,301.82,302.46,303.01,302.91,302.09,302.9,303.41,303.3,303.08,302.97,303.21,303.4,303.49,303.43,303.17,302.6,302.95,303.11,303.1,302.71,302.54,302.22,301.75,301.6,302.11,302.09,302.16,302.2,302.51,302.62,302.02,301.33,301.19,301.6,301.92,302.08,302.24,302.17,302.35,301.98,301.82,302.18,301.89,301.92,301.71,301.93,301.99,301.72,301.68,301.73,301.9,301.93,301.95,301.67,301.4,302.06,301.97,301.87,301.68,301.81,301.7,301.45,301.3,301.25,301.18,301.1,301.04,301.12,301.11,300.94,301.02,301.22,301.18,300.45,300.32,300.61,300.86,300.9,300.68,300.1,300.68,301.21,300.91,301.07,300.95,301.03,301.21,301.38,301.23,301.01,300.62,300.85,300.76,301.01,301.09,300.91,301.04,300.99,300.76,300.8,300.62,300.97,300.82,300.86,300.81,300.72,301.21,301.17,300.97,300.38,300.6,300.41,300.47,300.03,299.76,300.56,300.84,300.92
