304.2,304.29,303.7,303.77,303.98,304.03,304.12,303.74,303.09,303.41,303.11,302.21,301.9,301.79,300.95,301.04,301,300.54,300.31,300.38,299.91,300.15,300.01,299.54,299.46,299.65,299.49,299.53,299.7,299.72,299.04,299.03,298.98,299.41,299.87,299.95,300.09,299.75,299.23,299.14,298.83,298.68,298.1,297.76,297.54,297.89,298.01,297.84,297.49,297.25,297.71,297.82,297.9,297.92,297.68,297.78,297.9,297.46,296.95,297.14,297.3,297.41,297.87,297.9,297.88,297.73,297.87,297.5,297.58,297.59,297.91,298.05,297.89,297.69,297.85,297.85,297.52,297.52,297.44,297.19,297.39,297.52,297.34,297.21,297.35,297.73,297.5,297.39,297.04,296.9,296.81,296.53,296.98,297.3,297.46,297.32,297.05,296.96,297.15,297.18,297.29,297.61,297.33,297.41,297.34,297.02,297,296.58,296.72,296.51,296.9,296.89,297.78,297.99,297.62,297.01,296.6,296.79,296.78,296.82,296.84,296.86
302.06,302.18,302.26,302.26,302.31,302.51,302.24,302.16,301.87,301.64,301.72,301.77,301.99,302.52,302.21,301.65,301.46,301.12,301.43,301.99,302.02,302.05,301.75,301.42,301.11,300.46,300.23,300.34,300.69,300.01,298.77,299.18,299.15,299.07,298.72,298.8,299.26,299.42,299.18,298.75,298.65,299.01,298.76,298.73,298.36,298.32,298.13,297.93,297.94,298.06,298.2,298.07,297.94,297.35,297.24,297.33,297.52,297.58,297.86,297.91,297.86,297.82,297.86,297.92,298,297.62,297.34,297.56,297.08,296.91,296.61,297.05,297.82,297.99,297.81,297.38,297.6,297.88,297.34,296.76,297.04,297.71,297.29,297.31,297.45,297.41,297.5,297.5,297.97,297.87,297.8,298.05,297.85,297.49,297.5,297.27,297.3,297.22,297.13,297.34,297.88,298.11,297.79,297.62,297.41,297.2,297.03,296.51,296.87,297.27,297.32,297.26,297.08,297.52,297.51,297.52,297.46,297.55,297.79,297.8,297.59,297.38
303.8,303.79,303.64,303.75,303.61,303,302.45,302.03,303.12,304.19,304.38,302.98,302.23,301.81,301.12,300.64,300.71,300.6,300.46,300.11,299.84,299.96,299.99,299.48,300.11,299.97,300.3,300.28,299.86,299.65,299.69,299.49,299.49,299.23,299.1,298.44,298.21,297.93,297.38,296.86,297.28,297.52,297.71,297.89,297.74,297.46,297.14,297.16,296.88,296.76,297.08,298.21,297.7,297.38,297.35,297.66,297.64,297.21,296.9,296.98,297.46,297.41,297.09,297.14,297.33,297.06,296.95,296.94,297.27,297.54,297.24,297.16,297.4,297.58,297.45,296.81,296.42,296.45,296.43,296.61,296.84,297.36,297.21,297.11,297.28,297.38,297.52,297.35,297.4,296.97,296.95,296.89,296.92,297.04,297.15,297.25,297.36,297.61,297.57,297.7,297.73,297.94,297.89,297.56,297.57,297.52,297.33,297.38,297.21,297.14,297.3,297.26,297.69,297.45,297.48,297.6,298.07,298.23,297.93,297.6,298.06,298.42
303.28,303.68,304.04,302.76,303.28,303.07,303,302.58,302.18,301.5,301.64,301.08,300.44,299.37,298.94,298.73,299.19,299.32,299.36,299.87,299.99,300.06,299.62,299.6,299.59,299.68,299.5,299.05,299.38,299.56,299.1,298.9,298.89,298.97,298.84,298.98,298.9,298.78,298.71,299.26,299.37,298.38,297.89,297.32,297.68,297.93,297.62,297.53,297.13,297.21,297.78,297.44,297.48,297.63,297.89,297.76,297.71,297.74,297.59,297.16,297.03,296.6,296.61,296.74,296.78,297.11,297.23,297.18,296.93,296.79,296.72,296.64,297.07,297.18,296.85,297.01,296.86,296.78,296.74,296.92,297.48,297.65,297.42,297.08,297.18,297.26,296.81,297.02,296.99,296.69,296.57,296.49,296.78,297.04,297.14,297.31,297.45,296.92,296.62,297.13,297.21,296.59,296.52,296.65,296.91,297.49,297.52,297.38,297.29,297.23,297.51,297.9,298.72,299.09,299.08,298.37,298.16,297.89,297.52,297.29,297.25,297.33
302.8,302.91,302.04,302.17,302.01,301,301,301.94,302.07,301.66,302.03,301.7,301.12,300.88,300.78,300.69,300.8,301.05,301.31,301.02,300.16,299.16,298.44,298.46,298.25,298.32,298.39,298.16,298.02,297.97,297.77,297.91,297.7,297.26,297.6,297.49,297.62,298.01,298.12,298.19,298.03,297.45,297.39,297.24,297.5,297.02,296.9,296.73,297.02,297.29,297.18,297.07,297.06,297.4,297.65,297.49,296.85,296.75,296.57,296.74,297.04,297.33,297.24,297.26,296.76,296.54,296.94,297.56,297.3,297.47,297.55,297.55,297.24,297.09,296.96,297.13,297.12,297.25,297.21,297.03,296.77,296.56,296.78,297.07,296.8,297.22,297,296.74,297.01,296.44,295.87,296.08,296.31,296.52,297,296.99,297.05,297.37,297.43,297.47,297.68,297.52,297.29,297.02,296.82,296.7,296.38,296.61,296.95,297,297.14,297.21,297.23,297.11,297.42,297.21,296.89,297.02,297.62,298.06,298.17,298.12
304.94,304.79,305.08,304.83,304.87,304.51,304.34,304.07,303.75,303.36,303.03,303.47,303.58,303.46,303.79,303.24,302.66,301.28,300.35,299.18,298.98,298.67,298.44,298.63,298.2,297.31,297.38,297.56,297.1,296.91,297.54,297.83,296.54,296.49,297.02,297.73,297.73,297.98,297.59,297.56,297.64,297.5,297.3,297.39,297.32,297.54,297.62,297.44,297.49,297.42,297.38,297.31,297.28,297.57,297.63,297.71,297.64,297.41,297.54,297.53,297.35,297.34,297.49,297.35,297.13,297.09,297.27,297.39,297.07,297.1,296.84,296.57,296.9,297.25,297.42,297.5,297.16,297.57,297.79,297.6,297.2,296.86,296.87,296.88,296.61,296.94,296.69,296.02,296.44,297.09,297.33,296.88,296.85,296.73,296.46,296.74,297.01,297.35,297.34,297.08,297.04,297.13,297.31,297.57,297.64,297.41,297.57,297.36,296.82,296.68,296.62,296.85,297.21,297.17,297.28,297.26,297.41,297.62,297.54,298.22,298.9,299.37
303.92,304.28,303.88,302.82,302.85,303.3,303.07,301.99,300.13,299.37,299.52,299.27,298.66,299.31,299.97,300.13,299.74,298.87,299.16,299.63,299.75,299.47,299.16,299.31,299.96,300.4,300.2,299.06,299.29,299.11,298.67,298.32,297.91,297.67,297.56,297.43,297.38,297.33,297.43,297.68,297.58,297.49,297.92,297.47,297.04,297.38,297.51,297.38,297.46,297.44,297.68,297.81,297.54,297.43,297.63,297.46,297.38,297.17,296.37,296.33,297.03,297.43,297.29,297.45,297.8,297.65,297.71,297.82,297.32,297.03,296.72,296.9,296.76,296.99,297.19,297.28,297.2,296.96,297.18,297.27,297.15,297.14,296.84,296.67,296.76,296.57,296.7,296.66,297,297.27,297.39,296.99,296.71,296.66,296.8,296.69,296.69,296.49,296.32,296.4,296.32,296.52,296.83,296.42,296.55,296.46,296.15,296.11,295.98,295.73,296.22,296.29,296.32,296.29,296.34,296.33,296.14,295.79,296.2,296.64,296.43,296.48
302.49,302.97,302.76,302.15,302.05,302.67,303.33,303.1,302.44,301.42,300.6,299.54,299.52,300.53,300.78,300.57,300.3,300.22,300.23,299.79,299.06,299.26,298.4,298.33,298.33,298.16,297.81,297.98,297.66,297.94,297.42,297.76,298.23,297.92,297.61,297.88,297.81,297.91,298.28,298.48,298.2,297.95,297.61,297.85,297.6,297.48,297.29,296.99,297.32,297.38,296.81,296.84,296.92,297.24,297.51,297.74,297.57,297.09,297.16,296.97,297.01,297.1,297.08,297.3,297.33,297.1,297.12,296.95,296.97,297.14,297.25,297.25,297,297.01,297.09,297.12,297.09,296.83,296.98,296.97,297.15,297.13,297.05,297.11,296.71,296.33,296.44,296.64,297.05,297.14,297.03,296.75,296.99,296.9,297.07,296.65,296.29,296.47,297.08,296.99,296.96,296.88,296.97,296.63,297.02,297.53,297.85,298.55,298.88,298.68,298.73,298.28,298.12,298.23,298.01,298.1,298.41,298.45,298.23,298.01,298.07,297.68
300.58,300.73,300.45,300.2,299.58,299.2,299.3,300.09,300.42,300.17,300.34,300.82,301.33,301.79,300.79,300.25,300.74,299.83,300.07,300.18,300.61,300.74,300.72,298.68,298.34,296.77,296.84,297.92,297.87,297.71,297.59,297.21,297.15,297.35,296.98,297.52,297.56,297.22,297.35,297.53,297.23,297.08,297.01,296.83,297.14,297.11,297.17,297.01,296.96,296.88,297.01,297.09,296.99,296.96,297.16,297.09,297.08,296.88,296.58,296.97,296.8,296.81,296.91,297.09,296.9,296.48,296.45,296.56,296.84,296.83,297.08,296.8,296.76,296.8,296.95,297.11,297.21,297.14,297.12,297.24,296.97,297.03,296.72,296.21,296.54,296.56,296.53,296.52,296.44,297.08,297.49,297.33,297.06,296.75,296.26,296.37,296.25,296.08,296.49,296.23,296.5,296.59,296.63,296.94,297.3,297.79,297.8,297.55,297.66,297.86,298.19,297.81,297.62,297.72,296.87,296.86,297,297.23,297.58,297.02,297.17,297.28
303.45,303.97,303.04,302.57,301.85,301.51,302.61,302.95,303.43,303.57,303,302.69,302.51,302.3,302.33,302.64,302.38,301.64,301.91,302.4,301.75,300.48,300.11,298.66,299.02,298.88,298.65,298.3,297.76,297.88,299.23,299.81,299.58,299.56,299.56,298.63,298.8,299.06,298.78,298.88,298.51,298.07,297.8,297.91,298.21,298.27,298.28,298.37,298.38,297.9,297.59,298.05,298.06,297.81,297.56,297.31,297.83,298.1,297.71,297.49,297.62,297.64,298.08,297.91,297.81,298.1,297.64,296.56,296.88,297.16,297.44,297.97,297.86,297.49,297.08,297.32,297.11,297.2,297.49,297.48,297.22,297.63,297.71,297.8,298.3,298.43,298.29,297.71,297.59,297.23,297.48,296.33,296.73,296.93,297.12,297.21,297.73,297.88,297.7,297.48,298.12,298.04,297.25,297.68,297.36,297.23,297.21,297.85,298.17,298.21,298,297.71,297.77,298.14,297.82,297.83,297.9,298.01,297.95,297.93,298.29,299.1
304.86,304.71,304.86,304.4,303.75,304.45,304.42,304.04,303.77,303.66,303.73,302.93,303.15,303.29,303.06,302.4,302.35,302.29,301.79,301.01,300.93,300.46,299.9,300.13,299.86,299.08,298.53,298.58,298.72,298.58,298.7,298.7,298.76,298.5,298.9,298.99,298.43,297.9,297.97,298.02,297.86,298.25,297.77,297.75,298.01,297.7,298.21,297.96,297.3,297.46,297.51,297.77,298.24,298.32,298.26,297.71,297.25,297.04,296.95,297.89,297.93,297.97,297.79,297.98,297.93,298.05,298.09,298.29,298.2,298.41,298.28,298.58,298.64,298.12,297.85,298.11,298.09,298.05,297.64,297.76,297.71,297.79,298.03,298.33,298.29,298.08,297.54,297.74,297.86,297.93,297.81,297.43,297.49,297.97,297.92,297.49,297.24,297.61,297.3,297.58,297.2,297.27,297.39,297.8,298.09,297.94,297.59,297.2,297.03,296.88,297.38,297.36,297.31,297.46,297.55,297.2,296.68,296.42,297.01,297.24,297.26,297.37
301.61,301.06,300.32,300.86,301.24,301.54,302.11,302.26,302.4,301.92,301.39,301.71,302.5,302.03,301.59,302.52,302.01,302.32,301.79,301.4,301.39,301.24,300.95,300.53,300.39,299.49,299.02,298.97,298.44,297.88,298.31,298.45,298.37,297.9,297.94,297.66,297.87,298.24,297.64,297.6,297.91,298.09,297.76,297.95,298.47,298.01,297.58,297.14,297.17,297.39,298.11,297.64,297.63,297.65,297.88,297.69,297.19,297.3,297.32,297.33,297.44,297.5,297.47,297.14,297.31,297.18,297.34,297.6,297.55,297.44,297.64,297.47,297.41,297.73,297.58,297.34,297.33,297.04,296.38,296.31,296.31,296.42,296.98,297.39,297.54,297.32,296.59,296.4,297.29,297.53,296.92,296.83,296.85,297.31,297.22,297.12,297.25,297.28,297.31,297.38,297.02,297.22,297.13,297.39,297.33,297.41,297.03,297.03,297.4,297.67,297.48,297.25,297.66,297.99,298.03,298.09,298.46,298.21,298.26,298,297.24,297.03
302.55,302.34,301.95,301.58,301.53,301.92,301.9,301.85,301.61,301.97,301.74,301.35,300.88,300.91,300.82,299.81,299.38,300.13,300.68,300.99,301.26,300.37,298.61,298.46,298.46,298.19,298.17,298.12,297.82,297.77,298.19,298.29,298.42,298.66,298.64,298.14,297.88,297.79,298.05,297.61,297.24,297.41,297.16,297.15,297.76,298.27,298.55,298.86,299.14,299.16,299.04,298.92,298.63,298.38,297.96,298,297.8,297.46,297.54,298.05,298.09,297.72,297.58,297.92,298.3,297.37,297.19,297.2,296.98,297.36,297.59,297.51,297.75,297.59,297.78,297.07,297.15,297.12,297.13,298.04,298.11,297.33,297.28,297,296.6,296.68,296.85,297.18,296.91,296.86,296.35,296.01,296.11,296.52,296.7,296.66,296.91,297.53,297.76,297.71,297.54,297.08,296.74,297.53,297.92,297.43,296.82,297.08,297.33,297.32,297.69,297.92,297.81,298,298.12,298.12,297.84,297.96,298.46,299.16,298.92,298.47
302.78,303.16,302.42,302.24,301.53,301.07,300.57,299.94,300.71,300.2,299.93,299.73,299.72,300.36,299.88,299.29,300.09,300.79,300.07,299.8,298.84,298.07,298.3,298.08,297.4,297.94,298.84,298.93,299.35,299.37,298.41,298.75,298.89,298.55,298.52,298.29,297.84,297.89,297.53,297.32,297.87,297.99,297.58,297.57,298.01,297.67,297.2,297.18,297.93,297.94,297.41,297.46,297.47,297.67,297.43,297.51,297.67,297.53,297.73,297.9,297.57,297.89,297.87,297.97,297.8,297.44,297.45,297.25,297.78,297.95,297.73,297.57,297.9,298.02,297.97,297.35,297.09,297.28,297.63,297.48,297.58,297.65,297.48,297.77,297.33,297.3,297.7,297.9,297.58,297.38,296.9,297.29,297.12,297.07,297.38,297.4,297.44,297.27,297.02,297.54,297.37,297.15,297.45,297.34,296.7,297.21,297.31,296.92,296.97,297.39,297.64,297.53,297.53,297.36,297.51,297.7,297.46,296.55,296.4,296.98,297.17,297.35
302.09,301.91,301.4,301.77,301.82,301.82,302.11,301.7,300.73,300.16,301.06,300.65,300.26,300.35,301.33,302.19,302.07,300.7,299.78,300.22,300.59,300.24,300,300.29,300.12,299.94,299.98,300.39,300.09,300.26,300.47,300,299.71,299.57,299.19,299.38,298.3,297.74,297.38,297.72,298.29,297.98,298.06,298.15,297.86,297.78,297.79,297.69,297.56,297.26,297.4,297.21,297.49,297.89,297.12,296.89,297.93,298.17,297.83,297.07,297.11,297.4,297.41,297.5,297.77,297.55,297.36,297.61,297.88,298.04,297.92,298.08,297.19,296.83,296.44,297.05,297.46,297.64,297.65,297.54,297.82,297.3,296.99,297.06,297.01,297.82,297.98,297.74,297.36,297.69,298.06,298.1,297.94,297.95,297.72,297.47,297.05,296.94,297.23,297.97,297.61,297.15,296.82,297.53,297.73,297.55,297.12,296.82,296.77,296.79,297.11,296.78,296.73,297.04,296.55,296.46,296.72,296.82,297.2,298.15,298.11,297.88
303.49,303.03,302.54,301.41,300.64,301.32,301.57,301.39,300.98,300.63,299.47,298.77,299.08,299.43,298.99,299.48,300.4,299.92,299.43,299.7,299.75,299.77,299.39,299.22,299.61,299.76,299.47,299.42,298.38,298.03,298.01,297.54,297.74,297.6,297.39,297.85,298.05,297.85,297.55,297.9,297.85,297.68,297.61,298.03,298.05,297.64,297.56,298.29,298.55,297.9,297.8,297.71,297.61,297.52,296.95,297.05,297.24,297.36,297.33,296.52,296.55,297,297.4,297.4,296.82,296.9,297.15,297.43,297.44,297.18,297.16,296.87,297.04,297.22,297.34,297.46,297.12,296.84,297.04,297.34,297.33,296.92,296.96,296.76,297.1,297.3,296.8,297.15,297.19,296.92,297.59,297.88,297.63,297.02,296.53,296.64,296.93,296.49,296.4,296.18,296.93,296.9,296.86,296.77,296.88,296.88,297.33,297.29,297.13,297.08,297.07,297.72,298.21,298.21,298.45,298.77,298.91,298.27,297.24,297.34,298.12,298.25
303.79,303.89,303.93,303.72,303.35,303.11,302.31,301.73,301.66,300.97,300,299.83,299.89,300.05,300.19,300.36,300.77,300.73,300.86,301.29,300.88,300.02,300.12,299.57,299,298.52,298.56,298.37,298.45,298.06,297.89,298.2,298.38,298.1,297.8,297.65,297.81,298.09,297.55,297.24,296.97,296.96,297.18,297.02,297.24,297.35,297.38,297.07,296.81,297.13,297.35,297.66,297.82,297.36,297.09,297.09,297.36,297.22,296.84,296.86,297.14,297.29,296.69,296.43,297.04,297.15,297.05,297.68,297.81,297.1,296.68,296.51,296.95,297.13,297.41,296.49,296.39,296.53,297.16,297.21,297.06,296.69,296.63,296.18,296.51,296.76,296.4,296.3,296.97,297.09,297.03,296.9,296.85,297.05,296.76,296.94,297.37,297.14,296.82,296.88,296.86,296.64,296.23,296.55,296.49,297.14,297.39,297.64,297.52,296.87,296.52,296.19,296.09,296.49,296.8,296.63,296.22,296.43,296.12,296.47,297.25,297.81
303.9,303.83,303.57,302.6,302.1,301.56,301.37,301.63,301.59,301.43,301.54,302.14,301.43,301.14,301.13,300.96,300.73,301.14,300.95,300.63,299.89,299.27,299.09,298.91,299.29,299.07,298.62,299.02,299.41,298.94,299.24,299.22,298.81,298.4,298.55,298.72,298.54,298.26,298.19,297.86,298.09,298.48,298.77,298.42,298.48,297.6,297.05,297.74,297.43,297.47,297.17,297.11,297.87,297.13,296.88,296.63,297.19,296.97,297.03,296.83,296.95,297,297.16,297.29,297.32,297.02,297.38,297.83,297.57,297.19,297.31,297.32,297.64,298.17,298.04,298.37,297.96,297.75,297.8,298.18,298.13,297.41,297.21,297.08,297.26,297.41,297.12,297.21,296.93,296.99,297.12,296.79,296.74,297.05,296.88,297.08,297.3,297.18,297.43,297.2,297.15,296.87,297.25,297.59,297.34,297.75,298.12,298.19,297.76,297.79,297.49,297.74,297.66,297.4,297.35,297.58,298.08,298.59,298.89,298.86,298.66,299.05
304.65,304.57,304.83,304.38,304.39,304.22,303.19,302.1,301.88,302,301.46,301.27,301.34,300.48,299.89,299.81,299.58,299.01,298.84,299.36,299.38,299.21,299.59,299.42,298.81,298.55,298.88,299.13,298.93,298.69,298.94,298.67,298.8,298.98,299.48,299.04,299.44,300.14,300.52,299.85,299.44,299.1,299.25,299.06,298.41,297.27,297,297.82,298.28,298.59,298.11,297.74,297.53,298.09,297.68,297.32,297.43,297.39,296.99,297.14,297.54,298.11,297.7,297.74,297.57,297.29,297.49,297.47,297.7,297.93,297.59,297.35,297.31,297.09,296.91,297.05,297.27,297.3,297.59,296.93,297.07,297.53,297.38,297.31,297.22,296.63,296.68,296.88,296.54,297.18,297.54,297.41,297.18,297.35,297.28,296.56,297.04,297.37,297.26,296.96,297,296.68,296.46,296.51,296.84,297.87,298.38,297.95,297.45,297.52,297.73,297.96,298.2,298.54,298.44,297.98,297.95,297.65,297.58,297.66,297.67,297.9
304.77,304.03,303.54,303.32,302.96,302.63,302.62,302.47,303.31,303.44,303.54,303.03,302.49,301.72,300.91,299.67,298.8,298.54,298.16,298.47,298.8,298.58,298.63,298.28,298.23,298.62,298.85,298.41,298.23,298.51,298.65,298.77,298.64,298.64,298.42,297.91,298.02,298.17,298.06,297.98,298.26,298.07,298.49,298.89,298.71,298.22,298.27,297.82,297.66,297.14,297.81,297.54,297.37,297.07,297.67,297.46,297.44,297.58,297.64,297.6,297.29,297.69,297.67,297.4,297.32,297.53,297.54,297.32,297.78,297.73,297.24,296.88,297.18,297.73,297.86,298.01,297.72,297.31,297.29,297.28,297.4,297.48,297.28,297.11,297.19,297.37,297.59,297.42,297.22,296.76,296.33,296.35,296.31,297.01,297.04,296.81,296.64,297.04,297.83,298.14,297.56,296.89,296.67,297.36,297.42,297.72,297.11,296.96,296.96,297.67,297.56,297.68,297.91,298.08,298.35,298.35,297.66,297.65,297.67,298.23,298.75,298.53
305.21,304.93,304.76,304.78,304.71,304.65,304.13,303.78,303.47,303.64,303.48,302.79,302.77,302.04,301.56,300.7,300.74,300.78,300.42,299.84,299.65,299.03,299.13,299.62,299.96,299.97,299.85,300.53,300.97,301.36,301.52,301.39,300.83,299.88,298.48,298.45,298.66,298.53,298.6,298.42,298.33,298.41,298.37,298.22,298.26,298.55,298.54,298.28,298.06,297.78,297.88,297.71,297.92,297.67,297.55,297.32,297.94,298.4,298.24,298.21,298.32,298.02,297.45,297.15,297.26,297.61,297.57,297.53,297.58,297.32,297.13,297.62,297.41,297.38,297.19,297.42,297.48,297.61,297.65,297.42,296.92,297.03,297.13,297.27,297.16,297.04,297.53,297.53,297.4,297.14,297.24,297.6,297.85,298.19,297.78,297.14,296.89,297.35,297.28,297.16,297.26,297.47,297.36,297.33,297.21,296.79,296.7,297.13,297.36,297.9,298.13,298.05,298.1,298.36,298.39,298.55,298.5,298.63,298.66,298.93,299,298.56
304.46,303.89,303.88,303.29,302.35,301.96,300.86,300.83,301.61,302.88,302.44,302.7,302.94,302.58,301.31,301.06,300.74,300.76,301.74,301.38,300.92,301.06,301.13,301.27,301.43,300.61,300.47,300.5,300.46,301.07,301.14,301.1,300.45,300.18,299.99,299.92,299.73,299.99,300.15,299.51,299.31,298.88,299.45,299.59,298.59,298.78,298.41,297.71,297.4,297.57,297.54,298.1,298.25,297.74,297.16,297.41,297.51,297.28,297.32,297.43,297.6,297.65,297.89,297.79,297.43,297.66,297.95,298.18,297.81,297.5,297.53,297.84,297.93,297.4,296.79,297.37,297.39,297.52,297.73,297.99,298.09,297.67,297.7,297.56,297.76,297.82,297.57,297.49,297.5,297.55,297.82,297.81,297.85,297.47,297.19,297.39,297.55,297.14,296.75,297.01,297.13,297.13,297.09,297.43,297.41,297.27,297.53,297.99,297.56,297.51,296.87,296.82,297.19,297.37,297.82,298.19,298.26,297.96,298.25,299.04,298.76,298.43
301.56,301.31,300.81,300.33,300.06,300.19,300.44,300.49,300.39,300.55,300.1,299.23,299.54,299.21,299.42,299.71,299.94,300.8,301.27,300.89,300.7,300.85,300.55,300.63,301.04,301.54,301.12,300.61,300.52,299.67,299.54,298.76,298.3,298.29,298.15,298.09,297.97,298.23,298.51,298.98,298.77,298.13,298.26,298.67,298.15,297.71,297.2,297.65,297.57,298.16,298.71,298.18,297.6,297.53,297.27,297.67,297.3,297.61,298.06,298.05,298,298.03,297.84,297.49,297.41,297.85,298.04,297.76,297.98,297.92,297.42,297.59,297.5,297.03,296.92,297.38,297.33,297.05,296.95,297.29,297.68,297.5,296.97,297.31,297.52,297.66,297.41,297.13,296.86,297.41,297.4,297.46,297.6,297.4,297.87,297.81,297.57,297.6,297.52,297.55,297.15,297.12,297.66,297.59,297.7,297.93,297.57,297.36,297.16,297.18,296.7,296.28,296.41,296.84,297.02,297.1,296.69,296.11,296.46,296.97,297.25,297.48
301.27,299.14,298.49,298.09,297.95,298.43,298.99,299.36,299.1,299,298.85,299.15,299.92,300.15,300.11,299.76,299.81,299.75,299.43,299.55,299.79,299.08,298.78,298.74,299.37,299.14,298.62,298.06,297.72,297.97,297.77,297.8,297.94,297.72,298.12,298.38,297.98,298.41,298.73,299.4,299.02,298.41,297.73,297.84,297.2,297.53,297.99,297.84,297.83,297.49,297.03,297.07,297.58,297.29,296.94,296.87,296.85,297.19,297.78,297.68,297.4,297.14,297.26,296.93,296.92,297.73,297.44,297.12,296.56,296.66,297.32,297.35,297.21,297,296.97,297.03,296.81,297.01,297.05,297.55,297.04,297.11,297.36,297.34,297.15,297.32,297.28,297.13,297.46,297.23,296.96,297.02,296.88,297.05,296.99,296.85,296.58,296.39,296.78,296.78,297.22,297.51,297.12,296.89,296.94,297.14,297.58,298.11,298.3,298.69,298.52,298.57,298.91,298.43,298.41,298.02,297.84,297.71,297.08,296.55,296.36,296.41
304.29,304.63,304.52,304.71,304.27,304.23,304,303.7,303.83,303.7,303.91,304.23,304.45,304.27,303.66,303.75,303.11,302.39,301.87,301.67,300.49,299.4,299.22,299.57,299.23,298.81,298.28,298.22,297.66,297.83,298.23,298.47,298.22,297.83,297.59,297.55,296.85,297.1,297.21,297.5,297.58,297.65,298.25,298.17,298.39,298.83,298.44,298.48,298.19,298.26,298.74,298.71,298.88,298.7,297.97,297.9,298.06,298.15,298.29,297.7,297.8,298.14,298.44,298.14,298.01,298.14,297.78,297.54,297.88,298.07,297.77,297.78,297.34,296.9,297.28,297.7,297.26,297.03,297.23,296.93,296.96,296.65,297.14,297.57,297.72,297.78,297.75,297.35,297.49,297.61,297.45,297.15,297.07,298.07,298.12,298.27,298.57,298.31,297.72,297.41,297.32,297.56,297.59,297.39,297.23,297.67,298.33,298.41,298.73,299.03,298.72,299.2,299.4,297.93,297.42,298.33,298.64,299.4,299.05,298.88,298.93,299.01
305.46,304.98,303.86,303.19,303.31,303.65,302.63,301.46,300.76,300.1,299.51,299.43,299.18,299.26,298.75,299.33,299.03,299.58,299.28,299.41,299.57,299.74,299.7,300.05,300.5,300.51,299.85,299.19,299.18,299.3,298.9,298.56,298.26,298.31,297.5,297.58,297.81,297.74,297.79,297.74,297.57,297.47,297.49,297.03,297.15,297.51,297.78,297.62,297.45,297.63,297.63,297.6,297.98,297.8,297.7,297.67,297.5,297.28,297.5,297.76,297.7,297.79,297.47,296.99,297.34,297.42,297.67,297.68,297.39,297.26,296.78,296.88,297.17,296.68,296.78,297.26,297.29,297.17,296.59,296.34,296.43,296.54,296.87,296.78,297.2,297.26,297.38,296.93,296.87,296.99,296.67,296.52,296.32,296.33,296.43,296.08,296.52,296.54,297.01,297.09,296.75,296.39,296.99,297.24,296.94,297.11,297.41,297.51,297.78,297.47,297.2,297.21,297.02,296.73,297,297.38,297.11,297.32,297.26,297.78,298.04,298.1
302.04,301.45,301.77,301.89,302.21,301.7,301.15,300.63,300.11,300.45,300.55,301.07,301.8,302.05,301.82,302.02,301.62,300.48,300.52,300.59,300.6,300.67,300.62,299.89,299.98,299.88,299.26,299.05,299.53,299.94,299.67,299.07,299.16,298.74,299.44,298.68,298.26,298.02,297.93,297.87,297.77,297.9,297.79,297.82,297.76,297.33,298.13,298.52,298.42,298.26,298.38,298.9,298.54,298.02,297.85,298.15,298.23,297.91,298.1,297.74,297.66,297.26,297.25,297.63,297.85,297.87,297.43,296.9,296.76,296.95,297.63,297.34,297.29,296.98,297.19,297.34,297.48,297.75,298.09,297.62,297.73,297.39,297.42,297.54,297.33,297.28,297.77,297.42,296.88,296.47,296.95,297.51,297.16,296.87,297.16,297.19,297.54,297.6,298.12,297.42,297.05,297.36,297.53,298.32,298.63,299.14,298.91,298.34,298.06,297.89,297.82,297.91,298.03,297.98,297.96,297.65,297.51,297.61,297.86,298.03,297.95,297.85
301.29,300.88,302.01,302.35,302.03,302.05,302.27,301.77,301.54,302.34,302.22,302.46,302.73,303.25,302.81,302.41,301.75,301.1,300.19,300.09,299.97,300.23,299.68,299.06,298,297.93,298.02,298.4,298.4,298.19,298.48,298.22,297.74,297.92,298.13,298.47,298.33,297.53,297.49,298.17,298.31,298.11,297.9,298.11,297.76,297.68,297.77,297.53,297.34,297.27,297.52,297.4,297.36,297.83,298.18,297.81,297.87,297.35,297.19,297.14,297.19,297.3,297.61,297.93,297.51,297.5,297.69,297.9,297.65,297.52,297.8,298.11,297.86,297.68,297.57,297.82,297.71,297.66,297.48,297.28,297.19,297.39,297.59,296.99,297.01,297.41,297.58,297.26,297.42,297.64,297.91,297.88,297.29,297.28,297.23,296.65,296.27,296.84,297.12,297.2,296.95,297.16,297.18,296.89,297.2,297.43,297.52,297.45,297.64,297.97,298.42,298.21,298.48,298.31,298.65,298.28,297.97,297.76,297.58,297.68,297.91,297.27
302.48,301.59,300.63,300.05,299.17,299.43,298.75,299.11,299.8,300.26,300.8,300.99,300.82,300.62,300.88,301.01,300.91,300.76,300.79,300.94,300.7,301,301.19,300.83,300.3,300.73,300.74,300.54,300.62,300.39,299.72,300.2,299.79,299.9,299.98,299.85,299.55,299.21,298.73,298.14,298.24,298.35,298.06,297.82,297.95,298.14,298.24,297.8,297.64,297.66,297.69,298.04,298.16,297.79,297.59,297.36,297.06,297.39,297.72,297.72,297.4,297.85,297.78,298.36,298.2,297.47,297.51,297.92,297.84,297.32,296.93,297.14,297.12,297.23,297.46,297.55,297.78,297.63,297.62,297.61,297.08,297.48,298.12,298.07,297.61,297.36,296.91,297.28,297.54,297.55,297.24,297.13,297.21,297.16,297.14,297.09,297.32,297.13,297.02,297.02,297.01,296.97,297.23,297.19,297.01,296.59,296.55,296.72,296.35,296.73,297.29,297.78,297.65,298.13,298.01,298.26,298.51,298.33,298.59,298.35,298.86,299.6
304.11,304.18,304.51,305.3,305.04,304.55,303.83,303.46,303.37,302.9,302.15,301.87,301.14,299.95,299.96,299.83,300.47,300.98,300.9,300.5,300.32,299.39,299.39,299.18,299.37,299.17,298.92,298.45,298.42,298.5,298.18,298.13,298.45,298.11,297.89,298.02,298.33,298.5,298.29,298.17,298.13,297.79,298.02,298.29,298.34,298.1,298.1,298.49,298.87,299.03,299.11,298.83,298.43,298.47,298.07,298.07,298.4,298.07,297.65,297.51,297.84,297.73,297.81,297.84,297.48,297.74,297.35,297.57,297.6,297.82,297.79,297.73,297.8,297.58,297.52,297.94,297.91,297.52,297.45,296.9,296.64,296.98,297.46,297.79,297.65,298,297.93,297.7,297.43,297.47,297.2,296.98,297.37,297.11,298.05,298.06,297.63,297.28,297.1,297.65,296.97,296.91,296.8,296.69,296.73,297.05,297.39,298.1,297.92,297.78,297.96,298.33,298.37,298.66,298.57,298.64,298.87,299.07,298.6,298.73,298.92,298.81
303.75,303.89,303.5,302.74,302.46,302.55,302.62,302.12,301.91,301.38,301.29,301.36,300.53,300.41,300.01,299.67,298.73,298.42,298.8,298.65,298.44,298.72,298.96,298.79,298.37,298.07,298.06,298.22,298.21,297.49,297.42,297.75,297.86,297.73,297.9,297.75,297.55,297.92,297.68,297.73,297.67,297.41,297.61,297.97,297.8,297.88,298.04,297.61,297.56,297.81,298.04,298.01,297.66,298.07,298.13,298.06,297.77,297.85,297.57,297.03,296.95,297.07,297.31,297.25,297.47,297.45,297.33,297.52,297.45,297.33,297.41,297.04,296.99,297.28,297.23,297,297.18,297.13,297.09,297.13,297.1,297.11,297.59,297.53,297.23,297.27,297.43,297.47,297.49,297.16,296.96,297.02,297.09,297.07,296.95,297.19,297.27,296.9,296.73,297.09,297.01,296.91,297.12,297.4,297.15,296.88,296.87,297.22,297.37,297.7,298.15,298.16,298.01,297.95,298.02,297.98,298.39,298.75,298.46,298.26,298.13,297.9
304.8,305.04,305.88,306.34,306.5,306.14,305.85,306.17,306.12,305.06,303.9,303.82,304.05,304.06,304.25,304.31,303.58,302.47,302.2,300.92,300.15,299.48,299.25,298.79,298.74,299.42,299.63,299.13,299.11,299.33,299.28,298.84,298.72,298.7,298.73,298.6,298.87,299.59,299.29,299.23,299.48,299.24,298.59,297.88,298.33,298.39,298.12,298.05,297.89,298.13,298.4,298.39,298.84,298.98,298.53,298.54,298.42,298.27,298.12,298.25,298.48,298.44,298.32,298.18,297.96,298.16,298.25,298.26,298.22,298.2,298.42,298.23,297.88,297.88,297.84,297.79,298,298.22,298.06,298.01,298.06,297.77,297.48,297.74,297.64,298.19,298.15,298.14,298.35,298.29,298.42,298.42,298.62,298.48,298.42,298.23,297.69,297.9,298.23,298.45,298.34,298.49,298.38,298.43,298.51,298.54,299.09,298.68,298.55,298.57,298.1,297.82,298.21,298.28,298.15,298.54,298.67,298.36,298.11,298.19,297.75,298.38
304.71,303.48,302.85,301.89,302.04,300.93,300.18,301.48,301.62,302.68,302.89,302.3,301.1,300.33,299.54,299.9,300.33,300.31,300.82,301.13,299.86,299.28,299.24,299.06,298.42,298.38,298.51,298.49,298.52,298.23,298.17,298.45,298.3,298.52,298.36,298.26,297.92,298.25,297.84,297.75,297.61,297.94,298.27,297.88,298.05,297.82,297.96,297.85,297.99,298.31,298,297.52,297.55,298.05,298.15,297.48,297.73,298.02,298.11,297.76,297.56,297.69,297.61,297.4,297.52,297.61,297.38,297.26,297.68,298,297.79,297.65,297.77,297.92,298.4,298.73,298.44,298.34,298.34,298.4,298.33,298.16,297.98,298,298.22,298.07,297.33,297.06,297.28,297.68,297.32,297.24,297.44,297.51,297.67,297.84,297.23,297.4,297.42,297.79,298.01,297.8,297.73,297.54,297.27,297.75,298.48,298.6,298.59,298.54,298.9,298.76,298.83,298.88,298.59,298.42,298.66,299.03,298.93,298.99,299.04,299.35
303.98,303.77,303.8,302.9,302.39,302.53,303.21,303.39,303.21,303.42,303.51,303.28,302.87,303.09,303.23,303.53,303.1,302.42,302.39,302.8,301.72,300.42,300.32,299.75,299.8,299.31,298.87,298.87,298.9,298.3,298.4,298.2,298.13,298.4,298.1,297.77,297.41,297.61,297.9,298.21,298.18,298.12,297.87,297.97,297.84,297.75,297.98,297.77,297.94,297.8,298.01,297.83,297.88,298.11,298.22,298.18,297.84,297.59,297.76,297.97,297.78,297.55,297.29,296.88,297.23,296.88,297.59,297.94,298,298.07,297.98,297.83,297.79,297.47,297.24,297.32,297.66,297.74,297.55,297.76,297.81,297.83,297.33,297.62,297.46,297.9,297.82,297.62,296.96,296.98,297.48,297.96,297.94,297.51,297.34,297.68,298.13,298.22,298.13,297.68,297.9,298.25,298.19,298.34,298.42,298.52,298.62,298.35,298.41,298.37,298.29,298.32,298.17,297.81,297.58,297.77,297.69,297.64,297.41,297.48,297.48,297.44
303.55,304.05,304.88,304.77,304.28,304.21,304.37,303.86,303.77,302.86,302.59,302.1,301.5,302.09,302.2,301.82,301.04,300.27,299.54,299.39,299.9,299.72,299.36,299.46,299.7,300.27,300.59,300.52,300.84,301.25,301.1,300.59,300.2,300,300.05,300.28,300.75,300.56,300,298.52,298.08,298.16,298.39,298.42,298.52,298.72,298.26,298.36,298.4,298.26,298.02,298.38,298.36,297.82,297.64,297.96,297.77,297.46,297.59,298.36,298.42,298.28,298.1,298.23,298.29,298.18,297.97,297.64,297.47,297.68,297.61,297.39,297.23,297.57,297.76,297.71,298,297.55,297.16,297.68,297.85,297.8,297.34,296.85,297.3,297.21,297.23,297.51,297.05,297.07,297.02,297.58,297.66,297.78,297.91,297.48,297.54,297.5,297.66,297.75,298.21,298.1,297.98,297.81,298.03,298.52,298.22,297.99,297.94,298.56,298.83,298.85,298.71,298.11,297.15,297.27,297.77,297.7,297.77,298.15,298.54,298.57
306.16,306.06,305.43,305.22,304.87,304.58,304.39,304.3,304.33,304.89,304.84,304.88,303.61,302.07,302.09,301.77,301.79,300.64,300.3,299.61,299.44,298.77,299.09,299.9,299.5,299.02,299.26,299.63,299.35,299.39,299.02,298.22,298.5,298.65,298.66,298.33,298.66,298.99,299.67,300.02,299.64,299.21,299.37,298.99,298.71,298.98,298.92,298.4,297.91,298.15,298.5,298.43,298.35,298.24,298.09,298.37,298.29,298.48,298.16,298.16,298.19,298.08,297.95,298.26,298.44,298.1,297.84,298.23,298.1,298.08,297.98,297.81,297.98,297.89,297.93,298.03,298.53,298.21,298.2,298.18,298.27,298.07,297.94,297.87,298.04,298.01,297.78,297.74,297.37,297.48,297.62,298,298.17,298.01,297.77,297.78,297.85,297.97,297.69,297.76,297.64,297.54,297.83,298.22,298.27,298.2,298,297.93,297.97,298.21,298.22,298.55,297.93,297.91,297.56,297.67,297.8,297.78,297.75,297.97,298.11,297.76
303.91,304.53,304.23,303.49,302.53,303,302.97,302.43,301.87,301.09,300.84,299.78,299.61,299.45,299.47,299.48,299.44,298.72,298.11,298.36,298.57,298.58,298.88,298.52,298.7,299.08,298.62,298.57,298.74,298.87,298.89,299.4,298.42,298.77,298.5,298.66,298.68,298.48,298.54,298.67,298.35,298.25,298.02,297.7,297.43,297.12,297.54,297.61,298.01,297.61,297.58,297.6,297.36,297.08,297.21,297.45,297.45,297.1,297.21,297.53,297.8,297.37,297.38,297.96,297.84,297.67,297.12,297.01,296.72,297.37,297.55,297.12,297.4,297.7,297.45,297.4,297.26,297.23,297.54,297.78,297.92,297.96,297.57,297.39,297.51,297.81,297.4,297.27,297.6,297.66,297.24,297.2,296.92,296.54,296.65,296.84,297.05,297.11,296.95,296.8,296.55,297.19,297.38,297.4,297.15,297.33,296.96,297.07,297.08,296.99,297.61,297.85,298.25,298.57,298.18,298.45,298.32,298.29,298.35,298.33,298.58,298.75
301.89,302.16,302.33,302.35,302.92,302.96,301.77,301.12,300.7,300.07,299.99,300.79,302.09,302.36,301.49,300.68,301.01,300.3,300.15,300.13,300.34,300.13,300.74,300.7,300.23,299.22,298.64,298.65,298.72,298.69,298.18,298.43,299.03,299.25,298.78,298.29,298.42,298.55,298.1,297.95,298.1,297.98,297.85,297.98,297.79,297.89,297.72,297.64,297.72,297.47,297.25,297.42,297.65,297.5,297.23,297.26,297.34,297.56,297.33,297.15,297.04,297.61,297.7,297.78,297.65,297.56,297.12,297.26,297.16,297.08,297.46,297.39,297.61,297.64,297.24,297.34,297.3,297.67,297.92,297.57,297.73,297.99,297.77,297.16,297.26,297.42,297.14,296.66,296.73,297.21,297.32,297.11,297.71,298.01,297.57,297.21,296.9,296.9,297.18,297.58,297.75,297.65,297.34,296.97,296.92,297.08,297.82,298.5,298.54,298.34,298.22,297.97,298.09,298.36,298.63,298.25,298.32,298.83,299.33,299.28,299.28,299.37
301.29,301.75,302.14,302.92,303.4,303.73,304.19,304.72,304.04,303.12,302.56,302.95,304.11,304.05,303.49,302.94,302.32,301.27,299.92,299.62,299.63,299.35,299.14,298.48,298.48,298.71,298.79,297.91,298.05,298.14,298.03,298.87,299.64,300.06,299.81,299.65,299.4,298.38,298.64,299.03,298.86,298.9,298.6,298.48,297.76,297.92,298.43,297.97,298.57,298.46,297.84,297.35,297.26,297.81,298.2,298.2,297.48,296.92,297.03,297.25,297.72,297.72,297.79,297.7,297.34,297.17,297.47,297.85,298,297.78,297.56,297.47,297.26,296.95,297.13,297.1,296.86,296.72,297,297.35,297.39,297.34,296.97,297.2,297.81,297.79,297.4,297.5,297.49,297.61,298,298.34,298.62,297.98,297.62,297.27,297.23,297.45,297.64,297.65,297.51,297.79,297.78,297.72,297.49,298.02,298.27,298.1,298.58,298.74,298.58,299.02,299.46,299.31,298.41,298.46,298.74,299.22,299.53,299.08,298.43,298.21
305.98,305.45,305.07,304.07,303.59,303.31,302.93,302.36,301.62,301.06,300.27,299.69,299.27,299.82,300.65,300.56,300.21,300.55,301.85,302.51,302.94,302.64,302.21,302.33,302.54,302.46,302.17,301.54,300.83,300.09,299.85,299.88,299.62,299.99,299.9,299.38,299.23,298.68,298.22,298.51,298.59,298.71,298.56,298.54,298.62,299.21,298.73,298.79,299.04,298.83,298.63,298.81,299.2,299.02,298.92,298.63,298.26,298.69,298.77,299.25,299.03,298.87,298.68,298.14,298.51,298.63,298.37,298.2,297.95,298.19,298.58,298.77,298.19,298.36,298.31,298.52,298.68,298.76,298.62,298.34,298.17,298.29,298.66,298.72,297.99,298.04,297.84,297.77,297.69,297.28,297.21,297.29,297.93,298.17,297.92,297.84,298.22,298.65,298.56,298.35,297.91,297.52,298.05,298.42,298.92,298.69,298.6,299.26,299.28,299.5,299.82,299.53,298.77,298.69,299.4,300.16,300,299.35,298.9,299.29,299.6,299.05
304.86,304.33,304.74,304.94,304,304.07,304.63,304.3,303.31,303.4,303.13,302.89,301.99,301.72,301.7,301.44,300.98,300.45,300.04,300.29,300.67,300.37,300.21,300.56,300.64,300.59,300.31,299.9,299.8,299.88,299.79,299.62,299.84,299.21,298.87,298.93,298.64,298.27,298.46,298.5,298.62,298.5,298.4,298.37,298.64,298.5,298.33,298.09,298.6,298.83,298.24,298.02,297.79,297.77,297.97,297.83,297.55,297.34,297.79,297.65,298.18,298.28,298.34,298.39,298.34,298.37,298.4,298.19,298.1,297.76,298.02,298.09,298.29,298.23,298.42,298.16,297.74,297.59,297.25,297.59,298.09,298.06,298.16,297.96,297.97,297.87,297.94,297.95,297.92,297.88,297.84,298.26,298.48,298.7,298.58,298.32,298.5,298.27,298.18,298.02,298.03,297.87,298.14,298.68,299.4,299.54,299.23,298.4,298.21,298.14,298.09,297.78,298.06,298.64,298.5,298.22,298,297.83,297.99,297.86,297.65,297.44
303.85,303.42,302.63,303.07,302.67,302.84,302.27,301.49,301.31,300.84,300.77,300.44,300.32,299.9,299.5,299.32,299.22,299.14,298.97,299.64,299.82,299.62,300.17,300.16,299.8,299.84,299.44,298.67,298.84,299.47,299.65,299.11,298.36,298.63,299.01,298.94,298.43,298.19,298.45,298.29,298.11,298.35,298.14,297.79,298.09,297.96,298.17,297.82,297.89,298.31,297.91,297.68,297.99,297.7,298.14,298.29,297.68,297.36,297.67,297.49,297.42,297.68,297.63,297.38,297.28,297.28,297.3,297.54,297.89,298.09,297.93,297.44,296.77,296.96,297.53,297.28,297.54,297.62,297.88,298.1,297.88,297.62,297.24,297.15,297.41,297.85,297.88,297.59,297.65,298.06,297.93,297.63,297.38,297.62,298.02,297.87,297.34,297.43,297.45,297.49,297.41,297.6,297.62,297.55,297.8,298.13,298.45,299.15,299.09,298.69,298.55,298.55,298.37,298.55,298.74,298.88,298.71,298.2,297.7,297.87,298.17,297.82
300.79,301.26,302.06,303.26,303.04,302.24,302.15,303.18,302.78,302.06,302.12,301.19,300.9,301.3,302.13,301.77,301.25,300.81,300.78,300.89,300.1,299.76,300.3,300.25,299.89,299.94,299.9,299.67,299.17,299.26,299.01,298.32,297.54,297.76,298.09,297.92,297.71,298.1,298.49,298.69,298.26,297.45,297.43,297.96,297.74,297.63,297.36,297.41,297.73,297.47,297.4,297.33,297.68,297.54,297.49,297.8,298.31,298.25,298.11,297.73,298.04,297.95,297.57,297.6,298.08,298.07,297.84,297.76,297.76,297.69,297.64,297.74,297.57,297.23,297.19,297.42,297.77,297.79,297.83,297.79,297.52,297.45,297.55,297.73,297.91,298.01,297.85,297.83,297.79,297.52,297.68,297.7,297.48,297.73,297.98,297.58,297.56,297.8,297.97,297.71,297.53,297.54,297.28,296.68,296.92,297.62,298.12,297.92,298.18,297.89,297.51,297.31,297.29,297.41,297.73,297.77,297.7,297.9,297.68,297.33,297.22,297.42
306.17,305.77,304.68,304.43,303.66,303.36,302.12,300.62,299.92,300.36,299.79,299.89,300.77,301.43,302.3,302.21,301.59,300.53,299.48,299.38,299.42,300.22,300.22,299.98,300.17,300.27,300.31,300.79,301,301.01,300.38,300.45,300.2,299.65,299.61,299.15,299.1,299.27,299.19,299.44,299.06,298.66,298.14,298.4,298.54,298.38,297.85,297.75,298.32,298.28,298.1,297.65,297.79,297.95,297.65,297.77,297.98,298.26,298.11,298.16,298.3,298.1,298.08,297.89,297.78,297.72,297.64,297.31,297.5,297.56,297.95,297.88,297.84,297.45,297.39,297.59,297.49,297.81,297.57,297.69,297.6,297.28,297.14,297.29,297.57,297.74,297.24,297.13,297.14,296.74,296.45,296.51,297.03,297.56,297.71,297.34,297.64,297.4,296.94,297.27,297.54,297.62,297.94,298.28,298.57,298.52,298.62,298.4,297.87,297.6,297.45,298.16,298.42,298.24,298.71,298.84,299,299.59,299.65,299.73,299.55,299.57
303.77,304.7,305.02,304.88,304.98,304.76,304.71,304.54,304.59,304.35,303.76,303.96,304.64,304.02,303.96,303.92,303.56,303,301.77,300.62,300.49,300.45,300.35,300.37,300.14,300.02,299.7,299.31,300.15,300.51,300.24,300.64,300.65,300.26,300.49,301.13,301.08,300.35,300.27,300.74,300.98,300.39,300.24,300.25,299.58,298.85,298.44,297.94,298.27,298.34,297.83,297.79,297.87,297.87,297.72,297.79,297.69,298.01,298.4,298.15,297.81,297.52,297.38,297.4,297.8,297.73,297.83,297.91,297.68,297.26,297.19,297.21,297.36,297.12,297.09,297.42,297.73,297.83,297.86,297.4,296.9,296.98,297.19,297.83,297.91,297.99,298.14,297.59,297.3,297.68,297.43,297.76,297.79,297.9,297.78,297.08,297.47,297.18,296.84,296.73,296.82,297.41,297.44,297.17,297.13,297.5,297.77,297.5,297.23,297.64,298.43,298.6,298.78,299.21,299.29,299.18,299.2,299.3,299.19,298.96,298.26,298.11
304.22,304.64,304.92,304.72,304.46,304.33,304.06,303.92,303.76,303.42,302.82,302.17,301.94,300.98,300.53,299.53,299.49,299.29,299.12,299.68,300.18,299.83,299.68,299.53,299.31,299.28,299.28,300.08,300.76,300.84,300.5,300.32,299.63,299.07,299.1,299.42,298.59,297.88,298.13,298.18,298.13,298.27,298.39,298.25,298.01,298.14,298.15,298.2,298.58,298.53,298.24,298.53,298.43,297.56,297.38,297.47,297.64,297.69,297.92,298.31,298.42,298.39,298.61,298.42,298.43,297.9,297.46,297.62,297.32,297.77,297.91,297.18,296.9,297.7,298.12,298.13,297.92,297.68,297.69,298,297.78,297.96,298.64,298.06,297.48,297.53,297.87,298.3,298.58,298.35,298.16,297.86,297.6,297.61,297.47,297.63,297.78,296.71,296.89,297.25,297.46,297.48,297.53,297.22,297.6,298.01,298.21,298.6,298.19,298.21,298.17,298.19,298.11,297.98,298.02,298.04,297.56,298.08,298.39,298.62,298.49,298.91
304.58,304.23,303.71,304,303.8,302.9,302.97,302.75,302.52,301.17,300.36,299.8,299.25,299.22,299.21,299.32,299.61,300.46,300.68,300.48,299.8,299.49,299.66,299.71,298.9,298.95,298.42,298.3,298.38,298.82,298.98,298.84,297.7,297.43,298.01,298.11,297.68,297.37,297.59,297.63,297.72,297.98,297.82,297.89,298.12,298.06,297.68,297.83,297.69,297.78,297.27,297.76,297.85,298.06,298.13,298.06,298.17,297.83,297.66,297.8,297.35,297.55,297.93,297.82,297.65,297.55,297.43,297.51,297,296.94,297.23,297.76,297.8,297.79,297.27,297.53,297.2,296.93,297.17,297.46,297.75,298.1,298.12,298.12,298.03,297.25,297.14,296.88,296.81,297.33,297.17,297.19,297.42,297.56,297.56,297.37,297.58,297.42,297.49,297.38,297.62,297.4,297.69,297.52,297.04,296.9,296.99,297.03,296.74,296.37,296.14,296.36,297.2,298.15,298.43,298.55,298.67,298.39,298.84,298.97,299.38,299.08
306,306.29,306.31,306.22,305.88,305.47,305.2,304.71,304.45,303.39,303,303.22,303.98,304.16,303.32,302.63,302.03,301.32,301.34,301.14,300.93,300.68,301.43,301.87,302.26,301.5,300.8,300.32,300.96,300.88,300.83,300.49,300.05,300.28,300.59,300.87,300.82,300.29,300.58,299.87,298.94,298.55,298.5,298.16,298.2,298.22,297.92,297.88,298.07,297.92,297.63,297.9,298.09,298.11,298.11,298.23,298.19,297.78,298.01,298.07,297.95,298.21,297.94,297.45,297.89,298.24,298.14,297.51,297.57,297.82,298.09,298.41,298.37,297.89,298.04,297.62,297.52,297.7,297.8,298.09,297.86,298,298.11,298.14,298.33,298.15,297.81,297.66,297.91,297.96,298.13,298.12,298.32,298.24,297.92,297.72,297.26,297.39,297.56,297.95,298.42,298.57,298.74,298.93,298.91,298.58,298.62,298.51,298.26,298.21,298.42,298.59,298.46,298.4,298.71,299.27,299.46,298.69,298.63,298.98,299.15,299.17
305.32,305.2,305.3,305.23,304.19,303.83,304.04,304.43,304.1,303.19,302.61,301.12,300.68,300.99,301.05,301.3,300.93,300.06,299.42,299.5,299.85,300,300.3,300.68,300.76,300.76,300.83,300.56,300.4,299.7,299.52,300.16,300.1,300.09,300.31,299.92,299.74,299.56,299.29,299.06,299.14,299,299,298.84,298.77,298.26,298.57,298.76,298.59,298.21,297.98,297.72,297.77,297.64,297.97,297.51,297.24,297.42,297.47,297.82,297.9,297.6,297.64,298,298.53,297.84,297.38,297.06,296.88,297.34,297.67,297.83,297.3,297.41,297.66,297.9,297.68,297.3,297.53,297.57,297.15,297.19,297.45,297.77,297.72,297.45,297.19,297.17,297.32,297.46,297.5,297.63,298.06,297.65,297.78,297.81,298.03,297.61,297.37,297.22,297.47,297.67,297.74,297.87,298.11,298.04,297.56,297.39,297.45,297.5,297.74,298.04,297.97,298.48,299.51,299.67,299.43,298.72,298.87,298.8,298.16,298.13
301.98,301.64,302.39,302.93,303.16,302.98,302.99,303.37,303.16,303.16,303.79,303.76,303.23,303.01,302.66,302.23,301.46,300.65,300.18,299.95,300.23,300.9,300.02,299.04,298.87,298.54,298.57,298.84,298.61,298.65,298.9,298.3,298.19,298.03,298.25,298.6,298.25,298.55,298.9,298.83,298.68,298.67,298.87,298.87,298.7,298.86,298.89,298.95,298.84,298.61,298.26,298.3,298.55,298.4,297.9,297.81,298.34,298.3,298.21,297.95,298.26,298.68,298.82,298.12,297.27,297.43,297.52,297.31,297.37,298.39,298.19,298.07,298.04,297.91,297.77,298.13,298.28,298.03,297.85,298.39,297.95,298.06,297.87,297.71,297.64,298.07,298.13,298.17,298.29,297.8,297.96,298.41,298.43,297.67,298.17,298.33,298.18,298.41,298.6,298.13,297.76,298.06,298.29,298.35,298.26,298.09,297.91,298.1,298.1,297.84,297.94,298.12,298.08,298.33,298.42,298.81,298.8,298.31,298.54,298.5,298.39,298.28
306.7,306.62,306.23,305.61,305.31,304.42,303.8,302.98,302.17,301.71,301.72,301.65,302.01,303.23,301.35,300.6,300.74,301.6,302.55,302.52,302.01,302.18,302.41,302.05,302.03,302.23,302.2,301.52,300.53,300.21,299.8,299.41,298.81,298.25,298.55,298.1,298.75,298.63,298.27,298.31,298.91,298.9,298.67,298.5,298.45,298.78,298.81,298.79,298.72,298.91,298.53,298.84,299.46,299.09,298.98,299.21,299.07,298.34,298.24,298.44,298.87,299.09,298.76,298.53,298.26,298.33,298.06,297.82,298.18,298.66,298.58,298.56,298.62,298.8,298.64,298.32,298.07,298.05,298.62,298.62,298.51,298.63,299.27,299.87,298.94,298.39,298.1,298.01,297.88,298,298.43,298.45,298.32,298.37,298.66,299.32,299.38,299.69,299.58,298.93,298.78,298.88,298.76,298.64,298.26,298.06,297.86,297.63,298.1,298.16,298.65,298.6,298.42,298.48,298.33,298.65,298.96,299.08,299.07,299.07,298.69,299.01
302.25,302.64,302.15,301.97,302.86,303.79,303.64,303.82,302.82,302.72,301.86,299.96,300.04,301.04,301.1,300.55,300.51,300.55,300.27,300.28,299.91,299.18,298.96,298.45,298.8,299.65,299.57,299.49,299.82,299.93,300.16,299.54,299.45,299.37,298.68,299.09,298.24,297.81,297.7,298.18,298.01,298.32,297.95,297.71,297.78,297.9,298.39,298.53,298.45,298.32,297.97,297.68,297.4,297.74,297.94,298.09,298.2,297.92,297.63,298.22,298.12,297.8,297.46,297.36,297.35,297.81,297.9,297.91,297.77,298.08,298.17,298.02,298.38,297.92,297.89,297.9,298.06,298.06,297.64,298.06,298.07,298.1,297.77,297.86,298,297.33,297.32,297.97,297.68,297.57,297.58,297.89,297.87,298,298.07,297.46,297.69,297.74,297.28,297.65,297.84,297.83,297.99,297.92,297.97,297.76,298.06,298.33,298.23,297.49,297.9,298.47,298.62,298.63,298.51,298.83,298.96,298.57,298.13,297.97,297.94,298.31
303.81,303.67,303.65,303.47,302.75,301.31,300.55,300.78,301.55,301.72,301.92,301.25,300.61,300.21,300.17,300.79,300.51,300.87,300.67,301.32,301.88,302,301.6,301.4,301.2,299.97,299.91,299.96,299.34,298.98,298.83,298.21,297.82,297.87,298,298.38,298.18,298.08,298.38,298.73,298.01,298.01,297.78,297.91,298.05,298.11,297.67,297.45,297.57,297.92,297.92,298.05,298.12,298.43,298.8,298.04,298.21,298.72,298.64,298.54,298.69,298.23,298.43,298.29,298.61,298.54,298.3,298.46,297.97,297.56,296.92,297.43,297.94,298.14,297.45,297.32,297.41,297.49,297.5,297.16,296.76,297.25,298,298.24,298.25,298.22,297.87,297.78,297.75,297.77,297.74,297.2,297.56,297.71,297.35,297.67,297.52,297.28,297.61,297.73,297.46,297.7,297.38,298.04,298.56,298.92,299.07,298.88,298.86,298.6,298.35,298.51,298.52,298.33,298.14,298.32,298.16,298.38,298.09,298.28,298.51,298.47
303.91,304.19,304.18,303.32,302.51,302.54,302.64,301.63,300.95,301.27,301.3,301.02,300.41,298.89,298.43,298.67,299.34,299.31,299.54,299.3,300.21,300,299.76,299.74,300.22,300.01,300.09,300.3,300.52,299.6,299.68,299.6,299.37,298.17,298.14,297.93,298.75,298.5,298.17,298.6,298.15,298.17,298.42,298.05,298.17,297.91,297.63,298.01,298.26,298.39,298.73,298.67,298.17,297.95,298.38,298.01,297.86,298.03,297.85,297.85,297.93,297.91,297.98,297.4,297.73,297.91,297.88,298.06,298.16,298.16,298,298.18,298.27,297.97,297.87,297.86,297.78,297.83,298.16,298.35,298.16,298.02,298.29,298.47,298.3,298.3,298.31,297.92,297.43,297.45,297.37,297.61,297.65,297.86,298.31,298.71,298.26,297.69,298.29,298.46,298.65,298.37,298.21,298.2,298.65,299,299.08,299.26,298.86,298.9,298.89,298.89,299.02,299.23,299.03,298.95,298.89,298.67,298.75,299.39,299.21,298.82
304.46,304.13,303.96,304.14,303.85,303.91,303.73,304.84,304.62,304.76,304.85,303.97,302.89,303.1,301.8,301.19,300.7,300.54,300.73,301.05,300.78,300.87,301.38,300.64,299.26,299.53,299.74,299.62,299.65,299.71,299.94,299.94,299.29,299.03,299.04,299.21,298.99,299.27,299.18,299.52,299.51,299.46,298.96,299.1,299.62,299.69,299.77,299.07,298.63,299.2,299.3,298.66,298.36,297.9,297.46,297.45,298.02,298.36,298.97,298.54,298.43,299.06,299.45,298.72,298.51,297.85,297.98,297.9,297.69,297.69,297.78,297.84,297.68,297.8,297.93,298.18,297.99,297.76,297.8,298.24,298.33,298.27,298.36,297.96,297.81,298.21,298.62,298.43,298.03,297.82,297.82,297.74,297.64,297.98,297.95,297.84,297.71,297.56,297.06,297.12,297.14,297.08,297.46,297.82,298.43,299.02,299.15,298.41,298.15,298.17,298.92,299.31,298.74,298.93,299.04,299.32,299.01,299.1,299.49,299.69,299.88,300.71
305.88,306.1,306.2,306.19,305.65,304.56,304.48,304.92,304.84,304.75,303.72,303.21,303.04,302.94,301.97,301.11,301.35,301.38,300.46,299.47,299.46,299.86,299.28,299.31,299.31,299.24,299.4,299.37,299.17,298.71,298.56,298.58,298.77,298.31,298.24,298.28,298.4,298.41,298.55,298.37,298.53,298.57,298.69,298.68,298.4,298.39,298.01,298.18,298.45,298.2,298.39,298.21,298.27,297.98,298.01,298.21,298.2,298.47,298.56,298.55,298.43,297.97,297.85,298,297.99,297.89,297.98,298.31,298.65,298.39,298.49,298.42,298.26,298.15,297.78,297.25,297.69,298.29,298.37,297.79,297.31,298.12,298.17,297.88,297.86,298.15,297.97,297.56,297.78,297.9,297.96,298.08,298.02,298.1,298.03,298.14,297.82,297.95,297.57,297.71,297.88,298.02,298.02,297.66,297.65,297.68,297.67,297.91,298.25,298.06,298.26,298.79,298.81,298.96,299.13,298.63,298.55,298.55,298.19,297.88,298.24,298.6
304.05,304.41,304.31,304.2,303.47,303.11,302.73,302.39,301.91,301.4,301.32,301.14,299.8,299.67,299.55,299.24,298.82,299.08,299.41,299.61,299.59,299.38,299.39,299.67,299.62,299.67,299.67,299.8,299.83,300.16,300.05,299.49,299.18,298.86,298.84,298.88,298.85,298.35,298.35,298.35,297.91,297.93,298.15,298.75,298.9,298.77,298.96,298.85,298.41,298.34,298.17,297.99,298.05,298.29,298.57,298.36,297.76,298.05,297.78,297.6,297.19,297.26,297.73,297.94,297.82,298.12,298.18,297.76,297.69,297.84,297.74,297.81,297.98,297.88,297.66,297.39,297.66,297.99,298.04,297.65,297.72,297.91,297.39,297.59,297.94,298.34,298.07,297.8,297.9,297.41,297.37,297.38,297.28,298.06,298.94,298.83,298.13,298.13,298.42,298.6,298.25,297.38,296.97,297.54,298.3,298.57,298.01,298.27,298.73,298.91,298.74,298.7,298.72,298.48,298.49,298.72,298.71,298.63,298.95,298.73,298.2,298.89
305.28,305.19,305.09,305.08,305.26,305.08,304.66,304.24,304.82,304.96,304.98,304.4,304.73,304.14,304.47,303.74,303.37,302.44,301.04,300.87,300.92,300.85,300.75,300.48,299.8,298.61,298.96,298.68,298.56,299.2,299.17,299.08,298.74,298.62,298.29,298.18,298.52,298.67,298.99,299.01,298.86,299.06,298.86,298.51,298.25,298.25,298.33,298.94,298.92,298.36,298.15,298.09,297.99,297.88,298.39,298.31,298.56,298.53,298.18,298.81,298.71,298.3,298.08,297.84,297.98,297.99,297.89,297.95,298.01,298.05,297.59,297.58,297.91,298.61,298.77,298.14,297.87,297.86,298.05,298.42,298.17,298.25,298.23,298.22,298.33,297.95,298.57,298.74,298.57,298.63,298.83,298.93,299.34,299.47,299.52,299.47,299.47,299.39,299.31,299.12,299.18,298.67,298.16,298.27,298.28,297.93,298.08,297.96,297.93,297.56,297.42,298.24,298.68,298.66,297.77,297.56,297.83,297.6,297.56,298.02,298.28,298.5
300.79,299.54,299.22,299.78,300.79,301.24,302.18,302.7,303.1,303.41,303.09,303.21,302.73,303.18,303.31,303.29,302.79,303.48,303.47,302.99,302.82,302.17,301.07,299.99,299.39,299.56,299.93,299.08,298.82,299.04,299.17,299.13,299.17,298.62,298.89,298.85,299.18,299.1,298.63,298.33,298.35,298.17,298.31,298.53,298.49,298.34,298.23,298,298.17,297.35,298.24,298.14,298.07,298.18,298.19,298.05,297.48,297.67,297.3,297.98,298.19,297.92,297.48,297.73,297.9,297.69,297.65,297.76,297.77,297.8,297.62,297.66,297.96,297.8,298.35,298.25,298.14,297.96,297.96,298.03,298.53,298.12,297.47,297.83,297.78,298.01,297.94,297.67,297.66,297.41,297.35,297.35,297.42,298.47,298.36,298.23,298.38,298.58,298.51,299.05,299.47,299.48,299.42,299.11,299.2,298.69,298.25,298.29,298.21,298.39,298.34,298.08,297.69,297.86,298.01,297.81,297.81,298.06,297.94,298.45,298.33,298.14
305.13,304.68,304.72,304.9,304.87,305.01,304.93,304.93,304.84,304.18,303.72,304.52,303.78,302.39,301.91,301.47,301.26,300.25,299.62,299.51,299.68,299.73,298.8,298.47,298.86,298.99,298.42,298.67,298.71,298.72,298.95,299.23,298.27,298.59,298.71,298.88,298.44,298.3,298.28,298.72,299.2,299.03,299.14,298.93,298.85,298.41,298.39,298.96,299.44,298.91,298.68,298.39,298.73,298.39,298.37,298.73,298.49,297.95,298.28,298.16,298.22,298.46,298.37,298.36,298.25,298.43,298.02,298.42,298.46,298.58,298.62,297.87,297.62,297.35,297.67,298.27,298.72,298.55,297.86,297.65,297.58,298.05,297.84,298.09,298.44,298.62,298.39,298.34,298.48,298.14,298.27,298.13,297.5,298.11,297.86,298.31,298.28,298.08,298.19,298.58,298.55,298.61,299.04,299.22,299.27,298.42,298.37,298.61,298.46,298.51,298.78,298.61,298.76,298.34,297.94,297.91,298.57,298.45,298.05,298.32,298.27,297.88
304.92,305.05,304.42,304.9,304.32,303.83,302.24,301.18,300.72,300.17,300.15,299.66,299.56,299.9,299.69,299.93,300.14,300.08,299.68,300.05,299.79,299.51,299.43,299.86,300.26,300.42,300.53,300,299.5,299.33,298.87,299.26,299.3,299.49,299.28,298.91,298.69,298.73,298.92,298.54,298.77,299.24,299.4,299.42,299.3,298.75,299.15,299.79,299.05,298.62,299.15,298.98,298.67,298.48,298.1,298.19,298,297.98,298.21,298.25,298.17,298.12,298.18,298.36,298.46,298.48,298.48,298.45,298.22,297.94,297.79,298.45,298.71,298.58,298.38,297.84,298.08,298.3,297.96,298.04,298.29,297.33,297.06,297.52,298.48,299.06,298.43,298.07,298.28,298.97,299.04,298.67,298.09,298.47,298.87,298.6,298.37,298.51,298.61,298.49,298.01,298.13,298.33,298.13,298.15,298.25,297.84,298.01,298.09,298,298.26,298.42,297.9,297.83,298.12,298.13,297.84,297.9,298.25,298.48,298.18,298.38
304.16,304.4,304.56,304.7,303.87,303.82,303.37,303.17,303.18,303.63,303.43,303.12,303.57,303.38,303.21,303.05,303.59,304.08,303.44,301.74,301.29,301.64,301.7,301.39,301.43,301.64,301.34,301.09,300.44,301.18,300.97,299.82,298.49,298.2,298.45,298.81,298.81,298.44,298.38,298.41,298.43,298.57,298.35,298.22,298.01,298.29,298.45,298.61,297.87,297.84,298.43,298.32,298.44,298.28,298.53,298.36,297.9,298.01,298.6,298.47,298.28,297.68,297.6,297.83,298.22,298.49,298.47,298.13,298.38,298.53,298.86,298.84,298.79,298.56,298.61,298.01,298.15,298.08,298.46,298.86,298.79,298.29,298.06,297.85,298.17,298.01,298.27,298.44,298.06,298.35,298.67,297.98,297.86,297.9,297.86,298.46,298.2,297.71,298,297.97,298.29,298.42,299.08,299.63,299.26,298.37,298.16,298.84,299.15,299.32,299.43,299.68,299.97,299.86,299.51,299.08,299.54,299.62,299.54,299.22,299.28,299.15
305.6,304.72,305.14,305.02,303.81,304.1,302.83,302.78,303.18,303.91,303.31,303.56,303.01,302.11,301.32,301.04,300.7,300.91,301.24,301.46,301.56,302.02,302.07,301.61,301.58,302.67,302.55,301.74,301.35,301.04,300.84,299.76,299.9,299.46,298.8,297.96,297.98,298.11,298.42,298.71,298.77,298.35,298.34,299.37,299.48,299.81,299.24,299.19,299.24,298.3,298.35,298.71,298.62,298.23,298.09,297.86,298.13,298.22,298.44,298.58,298.57,298.2,298.31,298.3,298.68,298.34,297.99,297.84,298.02,298.22,298.18,298.76,298.89,298.5,298.38,298.22,298.1,297.97,298.1,298.31,298.12,298.16,298.22,298.7,298.56,298.26,298.34,298.33,298.56,298.45,297.9,297.41,298.09,298.26,298.27,298.13,298.18,298.17,297.83,298.2,298.26,298.07,297.93,298,298.46,298.28,297.94,298.34,298.78,298.27,298.21,298.77,299.48,299.77,299.63,299.4,298.97,299.65,298.88,298.89,299.24,299.33
303.96,303.66,303.28,303.33,303.1,302.86,303.13,302.81,302.02,301.54,301.47,301.33,301.61,301.3,300.05,300.5,300.71,300.59,301.23,300.89,299.83,299.44,300.03,300.67,300.5,299.59,298.67,299.33,300.02,300.13,300.27,300.12,300.34,300.3,299.51,298.4,298.84,299.08,298.75,298.56,298.23,298.25,298.29,298.75,298.87,298.83,298.85,298.71,298.83,298.47,298.23,298.04,298.18,298.37,298.47,298.58,298.43,298.23,298.28,298.17,297.94,297.89,297.97,298.24,298.32,298.56,298.34,298.42,298.62,298.53,298.47,298.17,297.82,297.84,298.35,298.66,298.34,298.21,298.02,297.79,297.87,297.9,298.17,298.24,298.33,298.13,297.92,297.83,297.87,298.04,298.09,298.04,298.13,297.97,298.03,298.57,298.54,298.41,297.95,297.99,297.9,297.85,298.06,297.99,298.1,298.11,298.22,298.17,297.95,297.79,297.69,297.45,297.14,297.25,297.38,297.39,297.71,298.16,298.15,298.59,298.7,298.91
304.98,304.83,303.73,303.58,304.02,303.11,302.3,302.36,302.85,302.53,302.49,303.04,302.54,302.51,302.95,302.4,301.61,300.08,299.62,300.09,300.59,301.27,301.11,301.21,301.11,301.04,300.42,300.19,300.67,300.84,300.38,300.2,299.91,300.19,300.23,299.52,298.68,298.97,299.06,298.9,298.71,298.93,299.03,298.74,299.09,299.03,299.02,298.89,298.98,298.91,299.11,298.88,299.03,299.07,299.21,298.56,298.46,298.84,298.97,299.11,298.51,298.46,298.54,298.24,298.52,298.79,298.97,298.71,298.71,298.78,298.51,298.56,298.64,299.09,298.85,298.8,298.02,298.15,298.12,298.4,298.89,298.35,298.06,298.22,298.25,298.51,297.78,297.84,298.04,298.63,298.52,298.9,298.88,299.22,298.88,298.61,298.88,299.36,298.74,298.54,298.11,297.92,298.04,298.04,298.08,297.92,298.25,297.84,297.71,297.95,297.95,298.22,298.67,298.25,298.62,298.54,298.43,298.63,298.48,298.79,299.31,299.21
304.98,304.17,303.29,302.58,302.52,303.19,302.43,301.21,300.74,301.02,300.97,300.73,300.15,300.04,299.8,299.32,299.29,298.31,298.83,299.33,300.15,300.5,300.4,300.85,300.46,300.16,300.33,299.5,299.01,298.78,298.49,298.77,298.94,298.46,298.57,298.74,298.45,298.4,298.29,297.67,297.9,298.13,297.82,297.89,298.14,297.93,297.79,298.6,298.28,298.1,298.07,298.06,298.16,298.22,298.73,298.22,298.6,298.35,298.13,298.18,298.02,297.86,297.73,297.78,297.75,297.22,297.64,297.51,298.24,298.03,297.86,298.22,297.88,297.86,297.89,297.6,297.58,297.72,298.05,297.83,297.39,297.66,297.6,298.14,297.84,297.68,298.08,298.45,298.74,298.25,298.15,297.83,298.75,299.02,298.54,297.7,297.39,297.9,297.88,298.04,298.27,298.63,298.21,298.89,299.31,299.17,299.36,299.33,298.92,298.86,299.14,298.32,297.93,298.09,297.94,297.6,297.47,298.01,297.75,297.8,297.8,297.69
305.71,306.27,305.5,304.68,305,305.6,305.74,305.32,303.59,303.44,302.97,302.76,302.47,302.6,302.37,302.48,302.41,302.05,301.43,300.79,301.34,301.67,300.77,300.15,300.72,300.76,301.05,301.42,301.48,301.58,301.36,300.62,300.73,301.32,301.59,300.77,300.62,300.86,300.97,300.84,299.87,300.34,300.52,299.86,299.95,300.42,299.81,299.39,298.34,298.3,298.28,298.34,298.51,298.85,298.69,298.37,298.41,298.14,298.36,298.74,298.71,298.94,298.66,298.39,298.03,297.55,298.27,298.5,298.09,297.88,298.08,298.13,298.03,298.09,298.64,298.33,298.82,297.92,297.54,298.34,298.36,298.86,298.95,299.18,299.93,299.18,297.88,297.97,298.29,298.36,298.69,298.68,298.57,298.14,297.9,297.64,297.33,297.11,297.29,298.16,298.04,297.63,297.73,297.92,297.85,298.12,298.14,297.57,297.84,297.52,298.11,298.21,297.98,297.99,298.55,298.61,298.81,298.83,298.2,299.02,298.93,299.46
