6.7528,7.376,6.8104,6.6208,7.5992,6.8468,5.7332,6.4088,6.7344,7.2404,7.0756,6.0328,5.8948,5.6448,6.1228,6.9164,6.7192,6.6628,6.2616,6.122,5.8464,7.4432,8.8016,9.0852,8.362,8.8772,8.944,8.142,8.6048,7.686,7.2512,5.2804,5.8592,5.6016,5.5732,6.2112,7.3056,6.502,6.0136,6.044,6.568,7.122,7.172,7.412,6.8208,7.0864,7.6616,8.6588,8.448,7.0256,6.5724,6.168,6.9784,6.9984,6.4972,5.688,6.7368,6.3228,5.0708,3.7168,4.078,5.6184,5.718,5.3544,5.5748,6.1912,6.2204,5.16,5.3348,5.5704,5.9676,6.1832,7.7296,7.2604,8.0188,8.74,6.828,6.2152,5.6556,4.8708,5.6044,4.7576,4.14,5.5584,6.4868,7.0136,7.0768,8.0188,7.6504,6.8868,5.7548,5.8668,5.8012,4.932,5.6928,6.632,6.0768,6.0868,6.3116,5.764,5.122,5.0764,5.288,5.6992,6.3172,6.1196,4.3076,4.1648,5.0192,6.9228,7.9996,6.8496,6.4084,7.1316,5.1904,3.8292,3.9972,5.3928,6.1616,6.7172,7.2468,6.65
7.8304,7.522,7.8672,7.7356,8.28,7.134,8.1932,8.0972,8.734,8.584,8.5912,8.8876,9.1052,8.2336,7.5876,7.0052,7.3264,7.0132,6.5596,6.7412,8.2756,8.8768,9.6224,9.0528,7.45,6.6292,6.3904,7.5408,9.002,9.9256,9.0692,8.5744,7.7088,7.6124,7.2024,7.274,8.1712,8.0184,7.4172,5.4648,5.9968,6.102,5.864,7.0352,7.8404,8.4712,7.7496,6.6836,6.5808,6.2248,6.3844,7.0964,7.6044,6.9556,6.8336,6.792,6.66,6.3104,6.4596,6.588,7.0892,7.2612,7.2964,7.6852,7.4596,7.1096,6.6848,7.2512,7.8996,6.6812,6.724,6.8104,8.4644,9.018,8.042,7.4064,6.35,6.818,6.664,5.6824,5.3748,6.9408,6.7972,6.1484,5.4164,5.0044,5.2452,6.568,5.7648,4.802,5.2592,6.9216,7.144,7.0708,6.88,6.5656,6.604,6.9212,7.5508,8.1744,8.4928,7.5324,7.4756,6.882,6.758,6.5784,5.3688,4.6636,3.5464,3.2888,4.8232,6.734,7.516,7.9256,8.0824,7.8748,6.9892,7.32,7.8416,6.8472,6.2596,5.5992
8.332,8.2184,7.9624,8.7684,8.3604,8.062,6.9836,6.7652,8.0928,8.5236,8.2816,7.6152,7.4796,7.3104,6.2636,5.9128,5.012,5.6464,5.6644,5.268,4.7944,5.4232,7.1744,7.9572,8.2936,7.4864,6.7928,8.2112,8.6956,7.6196,6.5172,5.0528,5.194,6.052,7.422,6.812,6.452,6.0752,6.4596,6.77,7.53,7.1152,6.2236,5.8636,6.6908,6.8288,7.0528,6.1148,5.6084,5.8292,5.9968,6.8128,7.278,6.8,6.1304,8.202,8.3088,6.716,5.69,5.6324,7.5448,7.8664,7.37,6.672,6.3672,6.7016,5.9764,5.5968,6.0916,7.144,6.7592,6.3992,6.9628,7.2552,7.3608,6.4812,6.1048,6.906,5.8256,4.97,4.718,5.3804,5.9684,5.1932,5.1588,5.9952,6.6424,7.0708,8.4728,8.3316,6.3088,5.1752,4.264,4.6332,4.5024,4.7736,3.8672,2.9772,3.682,3.9716,5.4456,6.0988,7.038,7.2776,7.484,7.2484,5.2308,4.9884,4.344,4.426,4.7296,3.896,4.5292,4.3816,4.5924,3.8868,4.332,4.7896,4.148,3.1892,3.53,4.19
4.956,5.1136,5.998,5.5572,6.612,6.2592,6.7576,7.2204,6.5952,6.526,6.6452,7.0472,8.1924,7.508,6.506,6.9436,7.1144,7.1576,7.73,6.9516,6.5708,7.5,6.9984,6.642,6.1888,7.01,6.8148,5.758,7.1716,8.228,7.7104,6.5364,6.2596,5.89,6.9236,6.256,5.646,6.3212,5.524,5.5972,5.9872,6.8416,6.1148,5.2164,5.8,6.548,6.8136,5.8368,4.382,4.3508,4.318,4.2744,3.6948,4.7172,6.396,5.9144,5.3856,5.8184,7.3568,7.7648,7.4488,6.1764,5.9592,7.1452,7.4992,7.2304,7.2256,7.8756,6.7576,3.8256,3.4012,4.1988,5.5488,5.5184,5.0476,5.9212,6.9548,5.3632,4.51,4.3228,6.0048,7.5192,7.5804,6.4464,5.8952,6.0512,4.9096,4.5924,5.6848,5.5532,5.7444,4.5588,4.044,4.4056,3.5164,4.4472,6.3816,6.4416,5.588,5.98,6.7032,6.2872,5.2208,4.9152,4.3068,3.22,2.714,3.4068,3.9736,3.758,2.5944,2.3248,2.0588,1.9432,2.176,3.1264,3.4856,2.5332,2.472,2.8076,4.8352,6.3672
7.3148,7.5752,6.8088,5.5664,6.178,6.346,6.8692,7.312,7.1952,7.5084,7.8944,7.3704,7.1532,7.3904,6.4972,5.7472,5.3304,5.7896,6.0392,5.602,5.4436,5.9804,6.402,7.8376,7.7288,7.0548,6.69,6.2072,6.322,5.1552,4.2744,4.9464,5.454,6.4664,6.086,5.1404,4.7768,4.0988,4.0856,5.756,6.1752,6.4624,6.3956,4.9436,5.224,6.0212,6.5244,5.8232,5.5928,6.656,7.2408,7.1336,6.8144,8.0424,9.0772,8.3036,7.8596,8.0024,7.0828,6.6976,6.5132,6.7972,6.8256,7.0156,6.896,4.6052,5.1828,6.4448,7.2396,7.3268,6.312,5.938,6.156,6.8788,6.4196,5.5324,5.59,4.3244,4.7756,5.7704,6.848,6.4392,6.6864,6.192,6.3272,6.3036,5.7084,4.8096,5.1008,4.4992,3.6984,4.13,4.5012,4.5756,5.2408,6.1036,6.2324,6.5616,6.4696,5.3796,6.0776,6.2836,6.4944,5.472,4.0288,4.048,4.4496,5.4096,6.6332,6.1556,6.51,7.2836,7.0908,6.0784,4.3932,3.6664,3.7256,3.7448,3.6448,2.6168,1.6688,0.106
7.0284,7.7252,7.6528,6.9036,7.0916,7.6564,8.6636,9.3496,8.4148,7.4924,6.5788,7.114,7.272,7.0676,7.7132,8.0656,8.7044,7.2404,7.1464,8.0472,7.962,6.458,5.3908,6.062,7.1396,7.5168,6.4424,6.086,6.1624,6.2336,6.466,6.544,6.476,6.4992,6.748,7.15,6.384,6.0108,5.9424,6.6896,5.566,5.8476,5.3756,5.9348,5.6588,5.6188,4.9492,5.514,4.732,4.6316,4.2708,4.248,3.3748,3.9376,4.7508,6.118,5.4924,4.076,3.8228,5.4824,6.5736,5.0064,6.7368,7.714,6.8668,5.7516,5.3836,5.8568,6.42,6.2968,5.5312,5.6012,6.5392,7.2324,7.4316,7.8048,7.69,8.42,7.5928,7.4188,6.3544,5.4804,6.1604,6.4044,5.6916,4.0304,5.1304,5.754,4.8288,3.5356,4.0416,4.4968,4.5708,4.7716,4.348,4.9436,4.7176,4.58,6.1452,6.5228,7.0272,7.368,6.8516,5.6916,4.7232,4.5352,5.014,4.9704,4.6176,3.9736,2.9772,2.9352,3.2896,3.4612,5.0092,6.7944,7.5072,7.4148,5.3472,3.6696,3.4992,3.9124
7.8296,8.2392,7.786,6.9132,6.4668,6.9064,6.8128,5.932,5.9468,5.8416,6.4648,6.64,5.5572,6.192,6.0524,6.7076,6.1944,6.516,5.9336,5.8608,6.1012,5.6872,5.656,5.9836,5.3984,6.6748,6.9196,5.4856,4.8964,5.5064,6.4732,8.06,6.8748,6.7232,7.4392,7.1536,5.8232,4.1948,5.43,8.0452,7.9516,6.4504,6.4696,7.0108,6.0164,4.8264,4.5888,5.4904,4.6436,4.0644,3.8164,3.902,5.068,7.0072,7.5964,6.8844,6.5612,6.0544,5.9992,6.0912,5.1192,4.8244,4.7432,5.6928,5.6236,6.2084,7.3816,7.9304,7.0492,6.3112,6.5596,6.7944,5.5744,4.9856,5.1216,5.0704,4.8808,5.5952,6.5612,6.4328,5.966,5.7852,4.718,5.31,4.51,3.8648,4.0276,2.8356,4.0396,5.2204,6.3908,6.4636,6.0984,5.924,7.4752,7.8268,7.0756,6.0908,5.206,5.0732,3.6572,3.4136,4.7836,5.0588,5.8328,5.8768,5.7028,6.6104,5.352,4.6288,3.8544,4.8828,5.5168,6.0092,4.3436,3.7864,2.8632,5.0688,7.668,6.2836,4.4424,3.4048
7.1876,7.1612,6.082,6.6908,6.3268,8.146,8.5664,9.2968,8.1452,7.4932,6.6296,5.8508,5.6132,5.7224,7.198,8.086,7.132,6.4304,6.6688,5.9248,6.0124,5.2516,6.066,8.0324,8.1492,6.6632,6.3168,7.304,7.4664,6.5224,6.596,5.9312,6.1148,6.4296,5.7532,6.238,5.7704,4.8024,4.8416,4.7992,5.7816,5.4516,6.4272,6.3932,5.8192,6.256,5.9096,4.8192,4.2592,4.6236,4.79,4.8352,5.782,5.732,6.2308,6.8068,6.7932,5.9,6.1796,6.8,7.1936,7.2364,7.278,7.3124,6.8048,6.3296,6.1448,6.5004,6.1764,5.4256,5.1032,5.7396,6.216,5.3228,4.794,5.5204,5.4344,4.5556,3.7024,4.4916,6.412,7.6108,7.2052,6.4456,7.064,6.0296,7.8776,8.6492,8.1132,6.7636,6.0012,5.2888,5.3104,5.9848,7.3388,6.5396,5.344,4.114,5.1856,7.1096,7.2484,7.3096,5.8808,5.0972,3.8644,3.4976,2.7204,2.458,3.2092,3.1544,1.87,2.0788,1.6984,3.0592,1.83,0.6984,1.2336,3.2276,3.6252,3.4364,3.7376,6.0484
7.7636,7.9416,7.566,7.3688,6.4612,5.4944,5.846,7.2696,7.0248,7.1556,6.8604,5.5296,6.6468,6.4788,6.8428,6.3264,7.5132,6.4,5.774,4.6708,4.8456,4.272,5.1528,6.6792,7.3852,5.6696,1.7216,3.0172,4.972,5.7364,6.0112,6.398,6.3204,6.5888,5.9808,5.3036,6.84,6.2044,7.5152,8.7408,7.4988,7.1176,5.8672,3.57,4.4652,5.5168,7.4152,8.1068,8.2964,7.3512,6.5688,5.4408,5.5372,6.49,6.7296,6.8176,6.36,6.8132,7.4784,7.7808,8.4876,8.0844,7.968,8.4972,8.0448,6.1544,4.6512,5.4812,5.888,5.4096,5.3412,4.7132,4.3488,5.5308,7.09,8.2196,7.886,7.21,6.002,5.8,6.4824,6.9516,6.2904,5.0472,4.808,4.6644,4.8528,3.318,3.2584,4.176,5.6184,4.7624,4.1696,4.4964,5.6808,5.3284,5.0812,4.4852,3.376,3.4668,5.0624,5.9188,5.2044,5.056,5.4292,5.226,4.896,4.4356,4.9056,5.2232,5.5704,5.5528,6.0984,7.8552,6.7796,5.574,4.11,3.3596,3.7272,2.6804,3.1036,2.75
4.0688,5.0492,5.9652,6.4588,5.3252,5.5308,6.586,7.578,7.7768,8.4796,7.4816,7.0328,6.6104,5.8164,6.384,6.6232,6.4424,6.4356,6.2356,5.9988,7.0408,7.4144,7.9156,7.0056,5.8344,5.6616,6.5112,6.5976,5.8344,5.5844,7.202,8.104,7.5508,6.556,6.7328,7.4592,6.9812,6.5784,6.5956,5.446,4.31,5.2328,6.2648,5.9436,5.3796,6.3732,7.1004,7.6244,7.2684,6.4704,7.1132,6.3432,5.034,4.4688,3.9248,4.1812,2.8176,4.2524,4.4284,4.7464,6.3676,6.8844,6.6728,6.2288,6.4328,5.9488,6.336,5.8452,5.2052,6.0712,4.8836,3.7996,2.8136,4.1432,4.5048,4.9772,5.9528,6.18,6.1232,5.2912,5.856,8.5828,8.6104,6.3596,5.3668,7.2808,6.4876,6.4556,6.786,5.8856,6.0288,5.1796,4.0376,3.5736,3.7656,3.1896,3.1676,3.0452,3.67,3.014,4.2708,5.5976,6.4272,5.108,4.0336,3.0848,3.1788,4.4088,4.6756,4.9492,4.8592,4.658,3.1596,3.3576,4.3564,5.4256,4.5008,4.0892,4.2508,4.5392,3.5712,3.922
4.984,5.9372,6.1656,6.5464,6.8964,8.006,7.4676,6.8716,6.2496,6.4536,7.0088,7.0064,6.2644,6.3852,6.0048,6.936,7.23,7.8156,7.3172,7.2828,6.9568,5.9996,5.916,5.1736,5.014,4.8412,6.0124,5.4304,4.5768,4.826,4.6824,5.7148,6.52,7.9584,7.8592,7.482,8.338,7.8752,7.4372,7.0604,6.1076,6.2512,7.4308,7.4604,8.1804,7.2252,5.8936,6.958,6.6344,5.7832,6.9776,6.9696,6.708,7.0248,6.9876,6.3764,6.3752,5.8716,5.8304,6.5672,7.398,6.4424,6.2132,4.8224,4.032,4.5364,4.9124,4.2076,4.12,4.7168,6.018,5.4048,5.3524,7.2452,7.5708,7.3196,7.34,7.1188,5.9332,4.9352,4.8744,5.6796,6.4308,6.9888,7.086,7.3432,6.6948,6.4648,7.0824,7.9496,7.874,7.2208,6.202,4.0876,4.4416,6.1972,6.1392,5.4884,5.5276,6.1628,5.8368,5.2248,4.1044,5.0468,5.7156,6.19,5.8504,5.1656,4.8412,5.6392,4.8804,4.4768,5.0764,6.3204,5.6976,5.7236,5.12,4.4852,4.808,4.6588,6.2476,6.862
8.2336,8.2148,7.804,6.678,6.7064,6.5288,6.9224,7.43,7.5476,7.5036,5.9328,5.5876,5.9504,5.7368,4.8068,5.5376,4.1508,4.6088,3.3256,2.8308,3.178,4.5344,5.91,5.5028,4.0144,3.9772,3.8116,5.3864,7.468,7.032,3.9784,2.5512,4.1312,7.4548,8.4736,6.2508,5.4296,4.922,5.1016,4.962,6.0652,5.1612,5.0164,4.1076,4.4868,4.6552,5.4904,6.8312,5.6328,3.25,3.5148,5.4388,6.6396,5.6036,5.2048,4.9992,5.69,5.8424,5.5204,4.8664,5.6912,6.8824,6.7788,5.892,6.3188,6.0512,5.3948,5.634,5.6148,7.1536,7.0136,6.9108,7.144,7.5328,5.8164,4.4752,4.748,4.2396,3.3968,3.2916,3.1376,4.9736,6.924,6.4976,5.684,6.304,7.876,6.6688,6.2032,6.4472,6.3116,5.8868,6.8768,6.1852,6.6068,6.8504,6.896,6.2128,6.1428,5.9344,5.6092,6.0508,6.3976,6.4592,7.366,5.966,4.5036,4.0836,4.1084,4.154,4.3964,5.3116,5.5924,4.1216,4.4144,3.3096,3.2804,3.1872,3.2272,4.6384,6.2884,6.196
5.8028,5.9416,5.1508,6.0208,4.6532,5.2184,5.4704,6.5596,6.2872,7.4268,6.8696,6.5876,6.0032,5.798,5.764,6.4116,6.1672,5.702,5.966,6.4488,7.5256,8.056,6.8024,4.9636,6.2488,7.3876,8.3876,7.0444,6.098,4.3108,6.3464,8.9948,7.1392,4.5868,5.0032,6.2752,6.2148,5.068,4.2464,5.8092,5.242,5.2976,4.7756,4.2168,4.4204,3.276,3.3192,4.442,5.0012,4.4432,4.5752,4.4204,5.0208,5.5668,7.1624,7.4032,6.546,7.6184,7.4436,6.4796,6.428,6.1196,5.418,6.4536,6.0292,4.7036,4.2676,3.6468,4.7244,6.83,6.728,5.89,5.3948,5.608,7.1184,7.3552,7.3444,6.13,4.1448,4.6632,5.5956,4.1952,5.2556,5.5584,5.2392,5.5276,6.0828,6.2748,5.788,6.5404,5.8172,4.8416,4.6612,3.898,3.5276,4.8468,4.5168,4.968,5.7812,6.8776,8.5012,6.1272,4.0052,4.8272,6.0908,5.7564,4.5596,4.3308,4.7172,4.1092,3.0476,3.3324,3.0756,3.488,4.7412,5.5192,6.7404,6.2444,5.7368,5.0016,4.1148,3.6756
7.6376,7.8844,8.3548,8.6172,8.0296,7.8416,7.4648,8.3304,9.7708,8.5528,8.3524,8.746,8.502,6.7224,6.5296,5.9484,7.134,6.7968,6.3128,5.7168,4.4216,4.4332,2.6856,1.986,3.0368,3.6292,5.9268,7.1916,7.3072,7.4424,8.4016,9.272,8.8272,7.9064,8.03,7.8,6.814,6.1336,7.3592,6.3764,6.4036,8.7464,7.6708,7.2336,7.4296,7.7108,6.1828,5.2992,6.1688,7.7768,8.816,7.0876,5.056,5.0984,6.9768,7.1632,7.0952,7.1,7.1988,8.2128,7.79,7.8552,7.6616,7.834,8.7108,7.85,6.9084,6.1052,6.4016,6.7476,6.4832,5.316,5.5444,6.3032,7.1348,6.7844,5.9328,6.2608,7.7104,8.4588,8.9288,8.3044,8.9908,9.3684,8.9396,7.7964,4.4696,5.5748,5.9348,7.5824,8.1036,8.5752,8.032,7.1416,6.83,6.716,7.2152,6.2112,6.0232,5.944,6.0316,5.6324,5.6472,6.552,7.4916,7.3836,5.938,5.7516,4.4988,5.3,5.8196,6.7712,7.5972,7.6396,7.27,5.88,6.3272,7.3416,6.4104,6.6184,7.0384,6.7992
6.426,6.3948,6.3636,5.4816,6.5816,7.2144,7.7688,8.2084,7.7532,7.2548,7.906,7.2644,7.2792,7.84,7.6392,8.2776,8.0668,6.946,6.7752,8.8044,8.1,7.2004,6.5752,6.2696,7.2068,7.6068,6.6348,6.91,7.1436,6.3588,6.5612,6.1668,6.7784,7.078,6.7604,6.9,6.2704,5.9268,4.5504,6.3204,7.618,7.4,4.9024,4.726,7.2792,7.6856,6.9892,6.0372,5.244,5.5596,7.0328,8.5668,8.016,8.0424,7.8096,6.9908,5.6864,6.066,7.0064,6.9152,5.4444,5.228,5.2428,7.4816,7.8672,7.3384,6.0688,7.1456,7.948,7.3924,6.1184,6.7084,9.1832,8.6832,6.4452,6.1292,7.5692,7.6336,6.048,5.5508,6.5628,6.5332,5.2348,5.528,5.908,5.8668,7.2792,6.3668,5.3744,4.9396,4.4148,4.1708,5.0076,6.074,6.2864,5.3916,4.4748,3.0448,3.1544,6.4836,8.232,4.7168,2.5632,3.3332,5.0024,5.6148,5.9052,6.7728,8.1524,8.532,7.308,6.6644,5.8596,6.4656,5.8604,5.5184,4.88,3.8252,2.9744,2.118,2.05,3.2608
6.956,7.4128,6.132,6.884,7.2248,7.9932,7.0832,6.5092,5.9928,6.662,6.704,6.0516,6.4192,7.3384,6.996,7.4004,8.2344,8.0716,6.6768,6.5088,6.664,4.3992,3.4012,2.4772,4.0748,5.1692,6.4036,4.9692,4.7296,5.552,7.6572,8.0164,6.35,6.2656,8.0272,8.57,7.168,6.89,7.3668,7.3576,7.7108,6.7436,6.3464,6.8076,6.386,5.9372,5.7812,6.4932,6.31,6.906,5.6488,5.5748,6.574,7.998,7.1044,5.6328,6.1488,5.7436,6.1048,4.836,4.2024,5.2444,4.6496,5.4488,7.2636,7.816,6.9728,6.5708,6.6992,6.4844,7.9704,7.064,6.5672,6.2524,6.5504,7.4508,7.336,7.1684,6.7716,6.598,6.9972,6.2992,6.4004,6.7164,7.3152,7.7776,7.3444,6.6776,6.1688,5.5336,5.8532,5.5216,6.1436,5.422,5.026,4.6756,5.7532,4.5116,2.8152,3.06,3.7776,5.29,7.7468,7.7392,7.7316,6.5492,5.714,4.8224,4.0732,4.2228,4.1848,4.1956,2.5252,1.7628,0.8472,0.6256,2.912,4.6816,5.1252,5.6524,5.016,3.9344
6.8668,6.6536,6.6272,7.0076,7.7736,7.1584,6.778,6.9596,5.2024,3.9648,4.0888,5.2616,5.716,6.0432,6.764,6.4216,6.8248,7.2708,6.8708,7.2796,6.8224,6.2184,6.7836,7.2172,6.2632,5.9468,6.32,5.5856,5.412,6.326,5.0188,5.3048,6.5996,6.7564,6.6528,5.5784,4.8564,4.8868,4.7308,4.8108,3.3064,3.0268,3.572,4.426,3.8544,4.5636,4.08,4.0068,4.9156,5.0672,5.0844,4.3628,4.7092,5.3232,3.7136,1.5476,1.4584,3.5932,3.4704,3.7428,4.3792,5.788,5.0168,4.398,5.3428,5.8492,7.2512,7.9164,5.0436,4.634,5.6856,6.598,4.7584,3.5244,4.9424,6.0368,5.8756,5.2208,5.8384,6.6976,6.3888,5.322,5.9924,4.686,5.1968,5.6904,5.1396,3.8056,1.9044,3.9108,5.4328,5.7648,4.6364,4.266,3.998,3.5044,3.6556,2.736,2.4912,2.7396,2.752,2.9704,3.2148,4.0468,3.3036,3.488,3.74,4.652,4.5184,2.524,2.5928,3.0288,3.3088,4.82,6.5676,6.2364,3.978,2.0732,4.0468,5.9092,6.2348,4.9816
8.1868,8.178,7.586,7.4104,7.4116,6.0196,5.0576,4.9024,5.1008,5.494,6.6388,7.4344,7.4276,6.9172,6.2368,6.5076,7.0844,6.6952,6.9816,6.5984,7.588,6.1728,5.5916,5.75,5.9104,6.0716,6.192,6.174,6.0524,6.0172,5.6504,6.1216,5.8684,4.7344,4.0732,5.24,6.1448,6.1972,5.2272,5.5452,5.4648,6.2812,7.3852,8.0916,7.4036,5.4196,5.2,4.3872,6.6144,7.7208,5.1352,5.2108,6.2592,6.2476,4.6236,4.6932,7.4512,7.432,5.3612,5.2096,4.5728,4.4828,4.0544,4.8892,4.6652,4.8112,4.0176,4.0516,4.4932,4.684,4.1292,3.4832,3.118,2.1388,3.3436,3.8028,4.1612,3.6864,2.1792,2.1288,3.8784,5.3632,5.4716,7.22,6.9352,5.6688,4.2172,3.178,3.1504,4.2032,4.3924,5.9868,6.3328,5.8364,3.7832,4.1532,5.3656,6.0204,6.0948,5.4484,4.0212,3.5868,4.27,4.3936,4.3068,3.884,3.1652,3.0348,3.914,5.1824,6.2812,6.2452,5.1132,5.708,4.7744,4.6884,4.0812,3.75,4.2244,4.2808,3.9572,3.7316
5.6624,7.0812,8.0784,7.4512,7.3316,7.0152,5.4964,5.5144,6.8656,6.792,7.0392,7.4904,7.1584,6.99,5.9748,6.318,6.7536,6.91,6.8496,6.1968,5.5652,5.5276,6.1184,7.4144,6.3864,5.4896,5.8948,6.9096,6.9076,6.0628,5.938,6.1068,6.3548,5.26,6.882,6.3072,5.636,5.186,5.5452,5.558,6.0756,5.8692,5.8304,5.9924,6.058,4.5468,5.3124,6.4816,7.1484,5.734,5.3472,5.9744,7.058,7.7208,8.4228,7.9952,6.8168,7.0616,7.8456,6.9852,6.8756,6.1172,5.2716,6.3496,6.716,7.2944,6.5656,7.1344,5.1936,5.3516,4.8928,4.2484,3.8072,3.9028,4.574,3.8056,3.0808,3.8332,5.4408,4.6488,4.1744,4.4572,5.0484,5.6532,5.8884,4.76,4.3832,4.554,4.7204,5.3776,7.0468,7.1852,7.1716,6.0504,7.13,7.9412,7.454,6.4108,4.686,2.9624,2.6444,4.3632,3.02,2.9412,3.8728,3.7516,4.1616,2.8516,2.8368,3.0872,3.276,2.792,2.2048,0.4456,0.6256,-0.025198,0.9132,0.8532,2.212,4.2896,6.2596,6.5436
7.3192,8.1704,7.826,7.4948,7.5312,7.1352,7.6776,7.1928,6.8056,7.4272,6.8132,6.45,6.9784,7.0296,6.2388,4.88,4.9516,5.806,4.94,5.536,5.1748,6.2804,6.9444,6.6908,6.474,6.1376,6.258,6.9944,6.7092,7.5584,6.8728,7.012,6.4956,6.2476,4.948,5.642,5.7952,5.6024,5.572,5.2188,5.1256,4.548,5.6288,6.738,7.3404,6.5488,6.1072,5.9084,7.1652,6.5252,6.014,7.2108,7.918,7.3772,7.1572,8.0344,9.5712,8.2768,5.8048,4.3392,5.4276,8.1888,8.1684,8.0412,7.614,7.1044,5.5452,6.2904,6.146,5.2936,5.6068,6.5104,7.1696,7.2472,6.5248,6.6184,6.538,6.936,7.4188,7.1336,6.9932,5.2252,6.9916,6.0352,6.54,5.452,4.0332,3.7948,5.916,6.9496,7.4596,6.9484,7.5156,7.5076,6.568,5.1064,3.6688,3.4584,4.6472,4.58,4.7332,4.7828,5.0212,5.6356,5.7444,6.2716,6.4744,5.7624,3.898,3.5172,3.9744,4.386,5.4896,5.2116,5.558,6.0164,5.7344,5.8432,6.8672,7.0672,6.4924,5.7412
5.1616,4.9688,5.3432,5.48,6.7084,7.2284,6.7664,7.0356,7.5036,7.8524,8.0784,8.4288,8.8208,7.7044,6.4104,5.774,5.9696,6.1904,6.8336,6.654,6.6204,6.0576,5.9532,6.6228,7.8056,7.512,6.144,5.8472,6.9184,7.6164,6.9796,6.5412,7.4628,6.8932,6.76,6.596,6.7284,6.668,5.8572,5.9504,4.9416,4.6196,5.184,5.9248,6.3468,5.9268,6.2272,6.2152,5.2816,5.8292,5.2508,3.926,3.6696,4.402,5.2728,7.5164,8.096,7.4856,7.6768,5.8948,4.4436,3.8284,4.4408,5.2568,6.5008,6.5812,5.1592,4.272,5.222,5.47,4.8212,6.3184,6.6856,6.3712,6.0152,5.7364,6.4552,6.1676,5.3568,5.0344,5.0772,5.2988,6.2332,5.6844,5.5528,5.9856,6.0424,6.0152,4.6796,3.864,3.6312,3.5472,4.0612,4.5052,4.2576,3.9872,3.4296,4.3916,5.4996,5.7884,5.244,6.0624,7.3064,7.2824,7.5156,6.7944,6.0128,5.5516,4.4756,3.9168,2.894,2.7804,3.6572,2.5944,2.6136,2.7768,2.6516,2.8476,2.7404,3.1592,3.7992,5.134
6.7808,7.138,7.8188,7.5232,6.9788,6.5888,6.6424,7.0004,6.8832,6.832,6.6832,6.0772,6.9752,7.136,6.3136,6.366,6.2992,7.1076,8.862,7.2412,6.884,6.0008,5.58,5.9212,5.6252,6.5172,6.5344,6.7624,5.5012,5.4768,6.0828,6.3108,7.0024,7.3456,6.2468,6.1316,5.1832,5.2772,5.9216,5.6256,4.654,4.384,6.9336,7.9512,7.3788,6.468,7.334,6.046,5.2484,6.2784,6.402,6.6388,6.4624,7.4916,7.2096,6.1456,6.648,7.0512,6.7412,9.0464,8.6084,7.756,6.4368,7.2668,5.9124,5.5432,6.6292,8.1008,7.7644,7.0804,6.4404,7.2192,6.0696,7.3704,6.864,4.6828,5.3032,6.1448,4.9236,3.9516,3.7124,2.994,3.458,2.716,3.5292,4.2084,2.2676,1.324,2.6776,4.6688,5.7212,4.5784,4.5024,4.13,3.758,5.1608,5.7116,6.6188,8.218,6.026,5.9852,4.2112,3.6868,3.1808,3.622,4.0796,3.8592,4.184,4.4152,5.9328,5.8896,5.1432,3.964,3.6676,4.9688,5.1428,5.2612,4.7056,3.3352,2.7656,2.2584,1.0036
3.6368,3.8512,4.1324,6.0152,7.1056,6.6476,7.1088,6.414,8.1164,7.6056,6.8544,6.2924,6.6444,7.936,8.1988,7.8732,6.9728,6.4888,6.6088,6.1716,4.856,6.0232,6.9308,5.604,5.7324,6.7776,6.53,6.5928,7.8976,8.8156,7.4504,7.1992,4.6144,2.9228,3.1236,3.8788,5.8992,7.3464,7.0988,6.5708,7.456,8.0784,7.2824,7.1252,7.2988,4.9224,3.8072,3.9564,6.006,6.6192,7.7688,7.4304,7.39,6.6636,4.2988,5.2416,7.0652,6.97,6.91,6.4208,4.9472,4.1544,3.5076,3.8748,3.808,4.8284,6.262,6.9272,6.8556,5.4576,4.768,4.8648,4.8964,5.9776,5.8432,5.252,6.064,7.0216,8.0256,6.7364,4.9856,5.4728,6.9736,5.4396,6.17,6.6572,6.0492,6.928,6.606,6.088,5.296,5.7296,6.8096,7.33,7.3008,7.1612,5.882,5.1404,4.1808,4.6904,4.4936,4.2312,4.39,5.5124,5.3908,4.9472,4.4832,4.7248,4.3212,4.6348,5.0516,6.5432,7.1544,5.6568,4.4936,3.4692,3.1968,2.086,2.7328,3.9768,4.8232,4.554
6.4632,5.6232,5.8056,7.5668,7.7172,8.1056,7.4644,8.1876,8.4904,7.344,6.0604,5.472,5.1588,6.6072,6.4396,5.6996,6.956,6.8612,6.5916,6.416,7.0888,7.2972,8.03,7.6692,6.5472,6.184,6.2,4.8056,4.3712,6.0048,6.992,6.0496,6.4464,6.35,6.046,5.474,5.2704,5.1184,5.7004,5.6956,6.0784,5.8388,4.9972,6.7908,7.4928,6.0872,5.9568,6.6836,6.7932,8.4372,7.8548,7.6828,7.5192,7.3188,7.1956,6.5644,5.9472,5.7136,6.4032,6.87,6.3968,5.824,5.1644,6.1076,6.2532,6.2076,6.9068,6.342,6.5072,5.9228,5.3108,7.0296,7.5356,6.1796,4.436,4.8292,5.0568,4.9128,5.1964,5.9892,5.8988,5.6464,6.1192,7.3868,7.7976,7.8956,7.878,6.9896,6.8036,6.8588,6.4308,5.138,4.942,4.616,5.0996,6.5416,6.2484,4.71,4.188,3.5268,4.0068,3.9068,3.216,3.7128,2.9224,2.1888,1.8968,3.422,3.3212,2.2032,2.3336,3.4348,4.1808,2.1516,2.5412,4.4072,5.4224,5.9568,6.9116,7.2212,7.4436,4.8416
5.3996,5.4864,5.9732,4.976,5.6524,6.5216,6.1444,6.1752,5.5832,5.7808,6.42,7.476,8.8512,7.9152,8.0124,7.7136,6.5108,5.8016,5.3444,6.684,6.5496,7.6776,6.6572,5.678,4.9504,6.1668,7.2188,6.6864,6.6976,7.1524,7.89,7.764,6.878,6.6572,8.2556,8.5536,7.6892,6.9868,5.122,5.8424,4.8048,4.7156,5.8232,6.6952,7.9,7.04,5.8264,5.2904,4.442,4.5212,4.7836,5.7692,5.706,4.7204,4.6636,4.6696,5.3992,5.5824,5.082,5.3384,4.6224,4.5508,5.1628,6.5628,7.2696,6.9236,5.8328,5.044,4.4892,4.862,5.106,6.0004,5.9604,6.8132,6.122,6.9724,7.0544,5.9972,5.6564,4.424,5.482,6.1504,6.38,6.876,6.674,6.5788,7.2964,6.294,5.2532,5.4132,4.9724,5.5116,4.6252,4.1212,3.8736,4.0376,4.7012,3.1408,2.3504,4.3444,6.7672,9.8572,8.8284,6.2192,3.3876,2.4968,1.27,2.8228,2.6508,2.0892,2.1348,2.3856,4.3756,6.7012,6.4536,4.7488,4.2244,3.5612,2.8024,2.6964,3.2252,2.7052
4.8088,4.218,4.7588,4.3908,3.7808,4.8756,4.8916,4.8396,3.9964,4.932,6.4528,6.062,5.2496,5.582,5.9272,6.7064,6.6408,6.564,6.7344,6.6848,6.6528,6.2008,5.5556,4.892,5.0992,5.9108,6.2768,5.7016,6.236,5.5436,5.15,5.7052,5.4248,7.2,7.62,8.3692,8.2132,7.2768,4.9076,3.7564,3.6636,5.5076,6.8068,8.1792,6.5848,5.4088,6.3764,7.4164,6.2404,5.5232,5.9216,5.7712,5.6368,5.7532,5.6856,4.866,5.5736,4.6608,4.2596,4.4476,4.8832,3.264,2.3032,2.5956,3.6808,5.562,4.726,3.8264,4.4656,3.54,3.192,2.8816,4.3596,5.9636,5.0788,6.3668,7.3052,6.0104,5.6648,4.896,5.3288,5.8668,5.75,5.808,5.2752,7.1288,7.458,5.6636,3.1792,3.6832,5.1816,4.4708,3.9372,6.0836,6.4828,5.728,5.1548,4.876,3.7624,3.7796,4.2308,3.9948,3.1568,3.0204,2.598,2.8788,4.3184,4.6852,4.5432,3.9428,2.7632,4.7748,5.1612,3.9468,3.594,4.072,2.3184,2.1576,2.762,2.2412,3.0356,4.8248
5.862,6.5252,7.564,7.5612,6.9424,6.3196,5.2984,5.3224,6.888,6.0804,6.4556,5.734,5.7608,5.84,7.4684,9.4292,8.7732,6.456,6.242,5.5984,7.0508,7.4416,6.6132,6.818,6.986,6.1092,6.7648,7.39,5.816,5.7112,5.068,5.1636,5.8528,5.4004,6.8504,7.3128,7.5824,7.5276,7.6424,7.3476,6.934,7.0364,6.6824,7.3644,6.7156,5.2096,5.9532,5.8608,5.0052,5.4812,5.2908,4.86,5.9724,5.2084,4.8624,4.1564,4.6568,5.2648,5.2476,5.3144,6.1428,5.452,4.548,5.4256,6.4048,5.9256,4.3128,4.4368,6.4492,7.5376,7.9168,8.674,7.592,6.294,6.0472,5.54,6.6488,7.4696,7.3224,4.898,3.998,4.2468,4.3968,3.9972,4.0288,5.1772,5.252,5.6776,5.6428,5.126,5.164,5.8864,5.5064,4.2624,4.7556,4.4212,3.7952,2.5988,2.8624,4.4768,4.5772,4.4716,5.1308,5.376,5.0188,4.6676,3.7616,4.0276,3.2212,3.132,2.4104,3.5676,2.6932,2.1856,2.8588,2.5668,3.2396,3.392,4.4716,6.0092,6.5764,6.03
4.196,5.1208,6.2448,6.172,6.116,7.1336,7.442,6.9444,6.2,5.966,7.094,6.5088,7.4916,7.8856,7.3504,6.6516,6.968,6.8336,6.9588,6.1056,5.9648,6.194,5.8552,5.2588,6.3544,8.5284,9.074,8.0872,7.4328,6.6808,6.0136,6.9328,6.4728,6.9068,6.0624,6.65,6.8032,7.0944,6.4376,6.8352,7.8724,6.9616,6.7268,6.8092,5.8428,7.1352,6.9092,6.7364,5.7612,4.6352,5.4188,4.5404,3.8284,3.5592,4.1764,4.2984,4.974,4.3128,4.0436,4.3884,4.9528,5.258,4.7516,5.2056,5.5732,7.1364,7.9856,6.644,5.772,5.7984,6.884,6.9468,7.2124,7.116,5.3356,5.2204,5.2848,6.3744,6.2328,5.2084,4.536,4.5272,5.2156,4.7852,3.2288,2.1088,3.8456,5.4848,5.5028,4.0712,5.9892,6.0496,6.1432,5.556,6.7032,6.1576,5.0472,3.1456,4.7028,6.7956,8.0176,6.6292,4.6888,2.8644,2.832,2.714,3.5484,3.1624,2.846,2.2512,1.8408,2.678,3.5928,3.5244,4.0792,4.3436,4.5948,4.1584,3.5128,3.1624,3.678,2.584
5.4092,6.2616,5.774,5.8048,6.4888,6.8036,7.9376,7.0456,6.9632,7.344,7.2944,7.1284,6.6568,6.3512,6.276,5.9496,5.4528,5.912,6.2296,5.6576,6.7204,7.2072,7.8576,8.2908,6.5708,5.5316,4.8144,5.0204,5.3904,5.9824,6.986,7.822,8.8536,7.7472,8.2164,7.4048,7.1776,6.9152,7.2436,6.2984,6.8368,6.5212,6.2464,6.1308,4.9796,7.2024,8.224,6.9888,5.8236,5.8508,6.8272,5.67,4.3424,4.97,6.0208,5.0708,4.0576,3.744,4.232,4.7716,4.5496,5.6464,7.1796,6.4096,6.0248,4.5752,2.8532,4.4156,6.224,6.3956,5.4816,5.924,6.5176,7.438,6.4832,5.9676,6.132,5.5784,4.96,5.6156,5.5044,5.248,5.5008,4.756,4.8504,6.4404,7.2848,7.0592,5.9412,6.0436,5.9944,5.9468,6.7932,8.57,7.388,4.8688,4.658,2.8624,2.9368,2.5284,2.8188,3.6556,5.5176,5.5008,5.1732,4.4668,4.0484,4.0044,2.974,3.302,4.108,4.8592,4.164,4.2184,4.7424,4.4136,4.238,4.2656,4.3208,4.118,3.2756,2.4988
5.608,5.5884,5.76,5.6004,5.0004,4.9224,4.7224,4.4544,3.6788,3.5604,2.7688,3.0212,3.2764,4.7884,6.2612,7.0412,7.0976,7.6896,7.112,6.5964,6.7904,6.654,6.0688,6.5764,7.042,6.5636,6.5832,6.1056,6.0564,5.5564,5.1224,5.712,5.9816,6.0284,6.2188,5.5288,4.834,5.0172,4.656,4.7844,3.2872,3.086,4.056,4.588,4.2824,3.5304,2.4748,2.88,4.1868,6.3476,5.834,5.6104,6.0008,6.8732,6.6452,5.434,5.202,6.5292,6.0012,5.7052,5.2788,5.458,6.2236,5.9944,6.3044,6.5664,6.2364,5.8988,4.992,4.8536,4.8076,5.5428,5.8088,6.2908,5.9272,5.5056,5.5252,4.8648,4.7724,4.346,3.9352,5.4048,7.7292,6.6564,5.9268,5.5064,5.8424,6.4056,6.2432,6.1196,6.4396,5.434,4.8972,5.588,6.0772,4.3412,2.9524,3.232,2.4392,3.4668,3.9968,4.694,6.8784,7.1596,5.5268,3.7308,2.8024,2.5668,3.1228,3.2812,4.0512,4.4564,3.0928,2.8076,1.8944,0.9048,1.9132,3.4344,3.5644,2.5484,2.3928,3.0104
5.85,5.2592,5.1624,5.2492,6.3676,6.4888,6.496,6.2332,6.1396,5.0828,4.6208,5.6772,5.6524,5.3112,5.0284,5.1444,6.234,5.6864,5.6312,6.342,6.8272,7.6788,7.6564,7.3108,6.4192,5.4012,4.96,5.308,5.6936,5.496,5.1068,4.5652,4.4696,5.4104,6.8116,7.4164,6.2716,5.4228,5.2524,5.2644,6.6764,6.5576,5.5756,4.6232,4.842,5.1664,5.1236,5.3284,4.2156,4.4068,4.5632,5.7132,4.9616,5.722,5.6224,4.2732,3.8424,3.3028,3.3008,3.1188,3.5004,3.7384,5.3196,4.922,5.2144,7.1428,6.6216,6.432,6.9928,7.0884,7.5472,5.5884,4.0688,4.7584,6.89,9.1876,7.4512,4.3236,3.2504,4.2096,6.2128,7.1084,6.8092,7.0628,5.3664,4.908,6.3416,7.2272,7.3116,6.1472,4.4776,4.6864,5.0068,5.9408,5.1028,4.1084,5.152,4.3324,3.7328,3.0604,3.5928,3.7684,4.328,4.6316,3.368,3.4492,4.4384,5.356,4.3304,3.4604,2.4636,3.3188,2.7968,3.3508,3.5304,3.0292,3.422,4.9748,5.0336,4.4272,4.666,4.1044
3.8736,3.6828,3.9136,4.5344,5.136,5.6384,5.4884,4.9752,4.9136,4.6624,5.3632,4.88,4.864,5.5884,5.928,5.0164,4.0168,4.0412,4.8976,6.2444,6.576,6.9768,6.668,7.014,7.3964,6.9888,6.568,6.4816,6.818,6.6296,6.1528,5.5004,4.5464,4.8828,4.556,5.2888,6.83,8.4344,6.4724,4.8348,5.5428,6,6.0964,4.48,4.1452,4.4012,5.48,5.8508,4.8036,4.966,3.6208,3.266,4.5888,4.4308,3.71,4.158,4.2744,4.1884,5.0332,5.638,7.0864,7.2076,7.144,7.8204,6.4684,6.4368,7.1868,7.4344,7.1384,6.37,4.9756,4.2148,4.4692,5.4948,6.3256,5.778,5.2736,5.3052,5.8936,5.758,6.2292,4.6324,3.3564,3.0596,3.2444,4.476,4.2968,4.0564,4.062,3.0084,1.986,2.2304,3.5412,3.9588,4.944,5.0272,4.2388,3.4036,2.8364,3.0644,3.0952,3.2672,3.1128,2.952,2.4744,1.3884,1.8348,1.0308,1.9696,0.8184,0.0024011,0.8572,1.2868,2.944,4.5912,3.9568,2.9112,3.688,4.526,4.5784,3.9308,5.0812
6.5412,6.496,6.8868,6.0348,6.9872,5.5232,5.5688,4.9576,4.0092,4.2092,5.3164,4.9644,5.1744,5.8628,6.7952,6.7804,6.0352,5.9928,6.0316,5.7204,6.3076,5.5964,6.1668,4.8104,5.8356,5.688,6.3968,6.2288,6.2504,6.5508,6.8348,5.8708,4.99,4.4452,4.8472,4.5496,5.1732,5.574,5.672,5.4836,5.6368,6.3468,5.9764,5.7596,6.4484,6.6676,4.3956,4.2164,3.8228,4.5384,4.5788,5.6064,5.2576,5.996,6.6288,5.6972,4.9032,4.6336,5.7808,6.5176,5.9048,5.458,6.6384,7.4288,5.9768,6.7664,6.4512,4.708,4.4344,5.062,5.6744,5.3764,4.0884,4.3756,5.3788,5.6624,4.8352,4.5988,4.5568,5.198,5.7632,6.3416,6.5284,6.3608,6.0668,6.8368,7.2196,6.2236,4.672,4.3284,4.4104,4.7264,4.8924,7.084,7.8652,6.748,5.5976,4.5748,4.308,4.68,4.32,4.6116,5.5808,5.7704,5.3508,4.626,3.914,5.058,6.1304,4.8856,4.3508,3.2932,2.3544,2.406,3.2624,2.3876,2.268,2.39,2.0952,1.2056,1.0276,1.2504
6.082,7.1844,7.4116,7.164,6.5472,6.9124,8.2072,7.948,6.8172,7.1264,6.7488,5.9304,5.2948,6.3828,7.2,7.2612,7.6992,6.7032,6.3996,7.4416,9.0492,7.7028,6.8552,4.7844,3.8868,5.0172,5.17,4.9564,6,6.6004,6.02,6.0012,6.448,6.6068,7.2968,7.2856,6.5956,6.8588,6.6952,6.5392,6.7924,7.4348,6.5324,5.0044,5.6456,5.0816,4.4556,3.698,3.35,3.5988,3.7912,4.3556,4.5592,4.0448,4.1028,4.6772,5.1476,5.1984,4.6412,4.818,5.78,6.828,6.5608,6.2608,7.4312,5.9892,6.2664,7.5252,9.498,8.5284,6.8264,5.4956,5.5456,6.45,7.0584,7.9768,6.8388,5.66,4.4668,5.8768,5.3644,6.4128,7.214,5.5576,4.8344,5.3384,4.4864,4.8508,5.2188,5.9544,5.3076,5.4324,5.2924,5.2208,5.7464,6.2316,6.2144,5.444,5.872,5.3892,5.1516,4.2664,3.2672,2.3424,2.1604,0.5472,1.2412,3.2796,4.9476,5.2864,4.7112,4.3944,4.1492,4.0292,3.5372,3.8376,6.5196,7.3172,5.6684,3.7256,2.706,2.6284
4.6248,5.632,6.9188,6.856,4.384,3.9064,5.0712,6.2724,6.946,7.78,8.3212,7.3948,7.8756,8.9116,8.5508,8.0376,7.184,6.274,5.5024,5.97,5.7596,7.3776,7.0748,6.942,7.3644,6.8336,7.47,6.2076,6.292,8.104,7.4716,7.392,6.716,5.1448,4.5788,5.7136,5.1376,6.3168,5.354,4.8488,5.2404,5.0772,4.9348,5.2216,5.556,4.654,4.0096,5.2176,7.0848,6.9056,5.3172,6.1844,6.6588,5.8564,5.5996,6.1984,7.574,6.8664,5.2736,6.328,6.5688,8.0684,7.008,5.1476,4.8856,5.8096,7.7752,7.7764,6.8228,6.0552,4.9404,5.6668,6.8888,5.9312,6.606,4.8116,5.7368,7.092,6.9148,5.8556,6.5712,6.6372,7.2736,6.8344,5.4976,4.5708,5.3124,7.134,6.8432,7.2916,6.466,5.1644,4.0868,3.7588,4.286,3.9648,3.4836,4.524,3.92,3.45,5.8908,7.738,6.2268,5.5044,5.2116,5.6048,4.8408,3.7556,3.7788,4.3948,4.3684,3.386,2.8596,2.656,3.696,4.3512,4.6556,5.3564,3.6892,3.0788,4.042,3.1724
6.1724,6.912,7.3036,7.1852,7.438,7.4468,6.9672,7.5132,6.8908,5.9484,5.8304,5.7676,6.2992,6.0764,5.308,4.2084,4.8784,5.954,6.2632,5.0604,4.8552,5.2148,6.8056,7.2116,8.364,8.9632,8.8904,8.3712,7.716,6.1256,6.046,6.0712,5.3632,5.4236,5.68,4.4504,3.094,3.8116,4.3592,5.8924,5.592,4.9732,5.0424,4.156,4.9916,5.982,5.6384,5.4844,5.578,7.4068,7.032,5.2724,4.7092,6.216,6.2444,5.7356,4.988,5.6016,5.7696,5.9916,6.444,7.1296,6.4644,6.642,6.2292,5.3836,4.3232,5.6392,6.9812,7.364,6.044,5.4044,5.9008,6.3428,5.5936,5.4688,5.9308,6.1944,6.802,5.532,3.6332,3.71,4.6412,4.3552,5.1728,5.658,5.5436,5.9708,6.8676,7.2304,5.8776,4.5468,5.3004,5.5952,4.8992,4.6448,5.5452,6.202,5.4464,5.04,3.7144,5.192,6.4232,6.552,5.306,5.1468,5.4908,6.0584,5.408,5.2012,4.3196,2.062,2.9268,3.632,5.284,5.1488,4.292,4.0304,3.308,1.6496,2.7292,3.0588
7.6436,7.3196,6.8192,6.0424,6.3112,6.218,6.9576,5.7912,4.8488,5.108,6.912,7.1536,7.5016,7.0072,6.814,6.2164,7.228,7.5008,6.2548,4.8044,4.9048,5.444,6.3444,6.5572,5.31,5.2756,6.1856,5.4256,6.6608,7.4652,7.584,5.854,5.1572,4.842,4.82,4.808,3.8328,3.288,2.514,3.3064,5.8608,7.1244,7.32,6.0368,4.7952,4.6376,6.2564,6.246,4.1544,3.674,3.3752,5.7868,6.086,5.7488,5.6376,5.1752,5.3452,4.0468,4.1172,4.5604,7.0516,8.4508,7.4564,6.4392,4.7444,4.0588,4.5,5.2968,5.9188,5.9224,5.5992,3.5176,3.492,4.5972,5.4992,5.922,6.7796,6.0148,3.9096,4.008,3.816,3.8692,4.9596,6.1784,5.4784,5.6148,6.0668,5.4688,5.1372,5.1828,4.6016,4.2912,4.9248,5.3768,5.5864,6.0788,5.3524,4.3652,2.9472,2.6512,3.3884,5.2356,6.8656,3.5972,0.6244,0.872,2.1676,1.9068,1.134,1.4792,1.848,1.5744,0.45,-0.214,0.2284,0.622,1.3176,-0.6788,-0.1268,0.6288,1.4304,2.2512
6.494,7.5908,7.1492,7.3496,8.9788,8.578,8.5244,7.1268,6.2456,4.926,3.9824,5.336,6.216,7.4752,6.7472,6.3544,5.3668,6.3328,5.4896,4.6232,4.114,4.8096,6.376,8.712,9.2508,8.416,7.6216,7.332,7.1276,6.2356,5.664,5.6104,6.7136,7.3352,6.7964,7.0612,7.5084,6.468,5.89,5.5552,6.09,5.1996,5.524,5.1816,4.7108,3.8928,3.5152,3.8376,4.0472,3.8616,6.1064,5.8432,4.8008,5.138,5.0436,4.49,3.946,4.5428,4.8736,4.4008,5.6248,6.7156,6.6576,4.8596,4.7864,5.7568,7.1688,6.7748,5.986,4.836,5.0436,5.172,5.726,5.0324,6.5156,5.994,5.0676,5.0276,5.8632,4.5356,4.6924,5.548,5.83,4.3916,5.0056,5.4296,5.6044,5.0828,4.3992,4.7436,5.7524,6.31,6.4728,5.4816,5.2652,4.122,3.6628,3.8884,4.5592,4.928,6.2708,5.248,4.8372,4.4076,4.4172,4.7912,4.4192,3.3088,2.2704,2.648,2.8448,4.2228,4.0292,3.0588,2.3928,3.1264,3.644,3.344,2.0996,1.596,1.4936,2.5068
3.5932,2.9256,2.9288,3.436,4.3696,6.0468,6.8108,6.936,6.3444,6.6732,6.5932,6.7472,7.1448,7.3316,7.9576,7.628,6.5356,5.7544,5.5316,7.3228,7.3452,6.4936,6.3212,6.9908,6.7748,6.3604,6.5164,5.196,5.632,5.618,4.7412,4.7668,6.3144,6.5932,6.068,6.2968,6.7476,5.3448,4.4576,5.2976,6.3508,6.402,6.904,6.9196,6.0836,5.1456,5.9664,5.1404,6.086,5.7768,7.2688,7.9508,6.0064,5.748,5.5308,5.1064,5.4224,3.5588,2.256,2.9468,4.1324,5.5252,5.4052,4.6464,4.9188,5.4148,6.376,6.4544,5.0196,4.2904,5.7216,6.5776,9.2212,9.6792,7.2684,4.2792,4.5608,4.8912,5.8772,5.8384,5.4588,4.9404,5.7936,4.9716,4.4536,4.0768,3.5692,3.0348,4.1688,4.1892,3.494,4.3132,5.014,3.8348,3.958,3.1228,3.1504,2.1916,3.5252,4.8216,5.4268,6.3232,6.0428,6.0976,5.312,4.0792,3.2016,2.2836,1.8772,1.7556,2.4152,1.6032,2.2856,3.8964,4.54,4.4448,4.2568,4.6512,3.8852,4.1856,3.4916,3.154
5.5424,6.3656,6.0548,6.482,6.414,5.2032,5.3844,4.8356,5.134,6.4252,6.8248,5.8236,4.3104,4.334,4.2836,4.2988,4.7676,4.92,5.5232,6.7936,7.8056,7.414,6.358,6.3588,5.8876,7.0456,5.4352,4.7348,5.284,6.8288,7.9364,7.2508,6.2124,6.8668,7.4092,7.216,6.6,6.8596,8.012,7.1924,6.7212,6.41,6.4824,5.7856,5.2336,4.4428,3.9144,6.2564,6.326,6.0444,5.7552,5.3368,4.5632,4.6028,4.764,4.9344,5.1092,4.5628,6.012,5.5032,5.3208,6.4296,6.8736,6.4656,6.522,6.2504,5.1508,3.47,3.862,3.6116,4.7828,5.5468,4.5328,4.0132,4.7036,5.7904,5.056,4.1628,4.384,4.2008,6.0292,6.1272,5.45,6.304,7.8912,7.7476,8.0588,7.8904,7.2568,6.4596,5.974,5.3992,5.1584,6.082,5.8988,4.9996,3.8584,5.2176,5.3196,5.4068,4.3588,4.0944,5.7656,5.0512,4.8816,4.5904,4.0596,4.214,3.07,2.8652,3.5004,4.9584,5.1632,5.734,6.7832,4.6888,3.2416,2.9512,3.1056,3.8824,3.4832,3.21
7.212,6.4636,6.6096,7.6,6.356,7.108,7.1468,7.4304,7.3432,7.7392,8.6208,7.92,6.632,6.8336,6.9028,6.7632,6.4356,6.7764,5.4676,6.4368,7.5484,7.02,7.0868,7.8028,8.1332,6.794,5.728,5.4036,5.51,5.8428,5.4444,6.1052,5.2436,5.8928,5.2276,5.3396,5.218,5.524,4.9876,3.4992,3.3876,3.378,3.0676,3.2016,3.9724,6.0492,8.418,8.3724,4.6304,3.9152,5.92,7.0016,6.0132,5.7312,6.232,6.3928,5.5716,5.9852,5.288,6.3172,5.4684,4.8424,6.5632,7.0272,6.4156,4.9788,4.1068,4.8128,4.184,3.8244,3.8968,4.496,4.7096,5.484,5.1664,4.0508,3.8752,4.304,5.3388,5.0348,5.8668,5.7584,5.9828,5.4596,5.4928,5.1784,4.0504,3.9068,4.01,4.4856,4.7648,5.1332,5.3984,5.5844,4.7452,3.4276,2.5748,3.1468,4.1316,3.8808,3.1244,1.8476,1.8476,3.3612,3.7656,3.2164,2.8696,2.6,2.64,4.1044,4.8084,3.65,4.7176,5.3532,5.1992,2.0712,3.2752,4.9236,4.8988,4.7644,3.9512,3.904
3.2088,2.9264,3.678,5.6008,5.7484,5.7944,4.8432,5.0788,4.7544,5.3224,6.7724,9.2256,9.0952,8.636,6.5244,5.986,6.3124,6.6468,7.4468,7.47,7.766,6.124,6.2504,6.2716,5.6088,4.5128,6.8652,8.7108,7.75,7.1908,7.1944,6.9692,6.2464,4.4516,6.0328,6.1352,5.2436,4.2016,3.0564,2.4988,4.224,3.6392,3.608,2.904,3.1408,6.0376,6.2888,4.2324,2.6444,3.5108,7.1312,9.1136,9.8744,7.5616,4.7748,6.216,6.9976,6.2424,5.9344,5.2736,4.4964,4.99,5.1756,6.2608,7.7164,6.7424,5.9536,6.0244,6.0404,5.4068,5.69,5.4292,4.258,4.1744,3.6832,4.7672,5.4348,6.9056,7.08,7.8084,5.8628,5.7024,5.1996,6.3204,5.4852,6.0196,5.3576,4.6656,3.7924,4.5596,6.1784,5.6112,3.0192,2.9408,3.3372,4.0004,3.9596,3.576,3.6524,2.9572,3.2112,4.4484,4.7224,5.694,5.5632,4.6952,3.5516,2.7356,3.416,2.9296,3.368,2.682,1.8472,3.0708,4.6876,5.8056,5.808,4.9928,4.0396,3.2084,2.004,1.7768
5.3252,4.7456,5.1848,5.5768,6.5752,5.234,4.676,5.2952,5.1616,4.5,5.0392,6.7112,8.6756,8.7536,7.9364,8.6836,8.2708,7.3984,7.3828,7.338,5.8368,5.2648,5.1604,5.0748,5.8832,6.51,7.1352,7.4516,6.9408,7.62,7.2944,7.5276,7.3156,5.9216,6.1092,6.6592,6.0864,4.4312,4.6828,5.4324,6.102,5.4524,5.2104,5.4872,5.5104,5.2884,4.878,5.3212,6.0976,5.6028,5.1348,4.888,5.7244,5.9848,5.2748,4.7076,4.7692,5.4296,4.0812,3.5328,4.0484,4.454,3.5156,3.704,4.042,4.0696,3.3844,3.7876,4.2364,4.2928,5.6448,5.0864,4.362,4.6432,6.0276,7.9452,7.558,6.8092,5.6048,6.1232,7.0264,6.798,6.3132,5.3596,4.9208,4.6036,3.5376,3.254,5.5048,5.4264,4.2732,3.9704,4.6092,4.15,5.3348,5.8872,7.1736,6.31,5.2012,3.2796,3.02,4.5708,4.706,4.5696,4.5148,5.112,3.8084,3.724,3.3404,4.3724,3.972,3.8196,4.3284,3.3212,3.178,2.9992,2.3784,2.1716,3.768,3.6356,4.348,4.9192
6.7448,6.6868,6.066,6.7352,7.6108,7.7776,7.8324,7.9332,8.6504,8.9444,8.222,8.5692,8.2836,8.7016,7.9872,7.18,7.0056,5.7716,5.374,5.328,5.7316,6.8604,6.4468,5.6524,6.564,7.0252,6.6244,7.55,7.3744,6.2656,5.2516,5.6384,6.7228,6.7456,6.0268,5.704,6.3424,7.7356,8.0256,7.7824,7.9676,6.7552,5.9772,5.9028,6.282,7.832,7.3668,6.648,6.2532,7.8288,7.1196,5.4776,3.6728,4.5284,6.0036,5.994,6.8912,8.094,8.6372,7.2536,6.634,4.8132,6.0068,5.9604,4.8572,5.1908,5.6612,6.5524,6.7548,7.2084,7.6176,7.738,7.6744,7.5032,6.8268,6.1512,6.7304,6.4652,5.2152,4.0492,3.42,5.7588,7.0676,7.694,5.9876,4.546,4.5376,4.0464,4.376,4.2896,3.9756,4.1928,4.2368,4.7516,4.9804,5.2884,5.3544,4.1924,3.7068,4.5012,5.122,5.1716,4.9256,4.6504,4.5688,4.9848,4.3652,3.9356,2.8136,3.5864,3.1432,4.2088,6.1624,7.3456,5.7096,6.264,5.5844,5.0988,5.0476,4.1884,3.0728,2.8428
3.1748,3.59,1.8564,2.6676,2.3068,2.9016,3.7364,3.5824,3.6996,2.6824,2.7732,4.4356,6.0608,5.7944,5.0472,6.116,7.64,8.244,7.7936,7.4476,6.1776,7.1416,7.8796,7.3536,7.1728,7.4444,6.0536,5.6192,5.8932,6.2432,6.9504,7.1732,6.3512,6.4532,7.1624,8.214,7.618,6.048,5.6424,6.388,6.9792,5.9928,5.6532,5.7536,6.4408,5.866,5.2852,5.6204,5.07,5.284,4.482,4.1672,4.5776,5.3588,6.2412,6.612,6.7452,5.2792,3.944,1.9604,1.9828,2.9724,4.5444,5.3076,4.4056,2.434,4.7196,5.084,6.4848,4.9724,3.9732,3.4648,4.3744,4.5776,5.744,6.22,6.4508,6.6512,6.604,6.014,5.502,5.648,4.8496,6.1064,6.1688,5.978,6.2804,4.8584,4.1284,3.9912,5.8512,6.5972,6.6488,5.5128,4.5032,4.678,5.4068,5.8044,5.726,5.29,5.988,7.42,6.6396,6.1292,4.3576,3.144,2.8828,1.5256,1.8512,1.388,1.5544,1.3248,1.2852,2.2632,2.6904,3.8188,3.66,3.7,3.3032,2.1728,1.6892,1.234
5.8292,5.2332,4.3712,4.1556,5.1744,5.7472,5.1628,4.634,5.6924,6.352,5.3768,7.2416,7.8848,7.3988,7.9964,7.718,7.792,7.3248,6.076,6.1084,6.6868,6.7772,6.3984,7.5052,6.5568,6.2604,5.392,6.3448,6.4984,5.5936,5.6432,5.552,6.7528,6.2364,4.9124,5.236,7.1904,6.5328,6.3568,6.2584,6.4792,5.9896,6.6496,7.5092,7.674,5.798,3.702,4.4628,5.1648,5.7956,5.582,5.7288,4.7224,4.8564,4.6628,4.7448,4.7412,4.0012,5.3468,5.2904,5.7544,5.8512,6.5144,6.3752,6.7972,7.4532,5.7264,4.3456,4.5492,5.5376,6.652,5.4068,5.1736,5.9096,6.674,6.2992,6.5088,6.0392,7.3808,8.0292,6.556,6.452,6.3956,5.3976,5.8308,4.6888,4.5392,4.8472,5.6164,5.4756,4.1864,5.016,6.3,6.2424,6.8352,6.4872,7.4464,6.4052,7.632,6.2932,4.6468,4.0424,3.9504,4.9788,5.4656,5.6352,5.3308,5.4388,4.7496,3.3236,3.6752,4.796,4.9572,5.18,4.802,3.9336,3.2124,2.9384,2.8792,3.3056,3.6868,3.2632
6.8544,6.4172,5.9688,7.0736,5.9984,4.9668,3.7968,6.0636,6.682,7.0636,7.2592,6.9168,6.0472,5.4296,6.7144,8.3368,7.8596,8.5512,8.7856,7.6444,7.5716,6.2932,7.0852,6.752,7.4416,7.0832,7.2824,6.9272,5.3356,3.6568,4.1004,5.3084,5.6532,5.7048,5.184,5.3,6.1548,6.0824,6.61,7.4868,9.3772,9.2416,7.918,6.6208,6.64,6.806,6.5948,6.558,6.8172,7.6408,6.2136,5.7424,5.9688,6.9576,6.8136,7.0468,7.026,6.7848,6.3056,6.6832,5.7624,4.9524,5.2968,6.21,7.2324,6.494,6.1204,5.7552,6.4772,7.742,7.6712,6.6932,5.6124,5.1872,4.0436,4.2772,6.1604,6.8524,7.6484,7.3628,5.6452,6.6784,7.09,7.3496,6.678,7,6.3164,6.5252,6.168,6.9896,7.1988,7.0708,7.2428,6.5952,6.6128,7.908,7.5,5.9676,4.7996,5.06,5.3724,5.6348,5.4412,5.0572,5.2108,4.7428,6.0388,5.7204,5.5296,5.2892,4.7496,4.0856,3.9136,3.0064,1.9068,1.848,2.5424,3.114,2.108,1.1764,1.5632,2.1776
5.8268,6.146,7.106,7.0092,6.9668,8.008,8.2132,8.9484,8.3232,6.6084,6.5436,7.0248,6.3824,5.3988,5.4992,5.4376,5.1784,5.7908,5.9656,6.828,7.04,6.804,6.98,6.8764,6.8088,7.8276,7.6592,6.9028,7.6272,7.6196,6.8672,5.5952,5.1416,5.8256,6.5968,6.0964,4.6872,5.3468,5.8696,6.3036,6.1564,5.2356,5.2792,5.9068,6.0604,6.3872,4.7384,6.4284,6.344,6.3752,5.534,6.084,6.9668,5.9244,3.7,3.5796,4.8132,5.2592,6.4136,5.5536,5.846,5.1376,5.2096,5.1928,4.9908,5.276,5.6252,5.6276,6.2564,5.5624,4.8168,3.7348,4.3256,5.7516,5.0896,3.9304,3.9588,5.0192,4.652,3.828,3.4188,4.8568,4.9796,4.7752,5.1828,4.9772,5.1708,4.6764,4.9128,6.7792,7.9868,8.07,8.0292,7.5432,6.1992,4.6432,3.828,4.4132,4.2052,3.7796,3.7392,4.4088,4.574,3.9776,2.4056,4.1064,4.8388,5.9536,6.7704,5.2712,4.366,4.5804,5.5192,6.2032,5.0868,4.1216,4.3712,4.528,4.3816,2.8428,1.4136,0.198
4.5468,6.0588,6.492,5.9316,5.3392,4.118,3.4348,3.586,1.1596,-0.3244,0.9644,3.7156,6.0496,7.2356,7.0204,8.774,8.9716,6.9972,7.2704,7.9884,8.2304,7.5848,7.594,6.4812,7.1824,6.7616,7.3864,7.7036,7.2296,6.664,5.7632,5.1596,5.1416,4.5232,5.3612,4.1676,4.1612,2.7752,2.1792,1.0856,1.6412,2.18,3.8292,5.0528,4.5824,5.7456,5.52,5.9756,6.3968,6.642,6.6364,7.196,6.472,7.26,9.0844,8.5672,6.4556,4.8768,3.6448,4.1976,5.7792,6.4476,5.0984,5.0288,6.2588,7.1572,5.9596,4.8708,3.7952,4.0576,4.1524,3.988,4.8184,4.9088,4.7956,4.05,4.1728,4.0192,4.0788,4.6892,4.3944,4.778,4.0416,3.478,3.6924,4.134,5.22,7.5324,6.9096,5.1484,4.5936,3.9832,3.7512,2.8432,3.1212,3.25,5.0208,4.3576,3.0192,2.4784,1.6288,2.3196,2.5996,3.2104,3.0472,2.9196,3.75,3.4056,5.0188,4.9864,5.36,3.5828,4.1048,3.1884,3.6264,4.1172,5.0968,3.9212,4.8608,5.03,3.856,3.3316
5.7364,5.1132,4.5644,4.4332,4.5908,3.9096,5.7568,6.0912,4.9072,5.7708,5.7416,6.4208,5.0312,3.9744,3.5924,4.2376,5.6016,6.366,6.9332,6.5548,5.3192,6.5696,6.8132,6.2292,6.6672,7.366,7.9108,7.5336,7.732,7.772,7.246,7.4616,7.1596,6.2712,7.2648,7.5876,7.348,6.5408,7.9164,7.4188,7.3484,5.3992,5.8364,5.2712,5.6552,6.476,7.6356,7.7508,7.146,7.2748,7.486,7.8716,8.1344,7.9656,7.5092,6.1908,6.1904,5.9724,6.8676,8.678,8.5628,7.7596,6.134,5.776,5.974,5.95,6.0952,5.6728,5.066,5.3692,6.3092,6.9004,6.472,5.7692,5.2948,5.0932,5.2992,6.5168,6.814,6.2564,6.7744,7.2316,6.2052,5.144,3.2292,3.9336,4.5924,6.4968,8.3676,7.5144,6.4076,6.3056,6.8312,5.6948,5.2356,5.7412,5.846,5.3028,5.9652,5.8004,4.2,2.3388,2.2616,2.766,3.5996,2.7156,3.3852,4.2772,3.0032,1.9852,4.1904,4.3828,4.7496,7.1804,7.9024,8.436,8.3424,7.7304,6.9348,5.7812,4.3972,3.9396
7.5476,6.3756,4.9636,5.0492,4.7564,4.8,5.1048,6.0888,6.5632,5.9172,5.4516,4.9352,4.6576,7.1028,7.9356,6.1456,4.786,6.4684,6.178,6.1896,6.6632,7.512,6.6468,5.4372,6.0952,6.404,7.5176,6.0368,5.8608,5.4744,5.82,6.5184,6.0444,5.5528,5.7788,5.7088,5.6728,5.71,6.8268,7.0856,6.9468,6.996,6.41,5.3416,4.3568,4.1652,3.7524,4.176,3.4132,4.0432,3.5736,3.63,4.2952,5.0024,4.4268,4.5032,3.874,5.4872,5.8652,4.5044,4.4236,5.7832,6.666,5.4984,6.4624,6.3464,5.8812,5.9088,6,6.9112,7.3688,7.1696,6.2316,5.5672,5.2588,4.7848,2.4316,1.7464,1.8256,0.574,0.3952,0.5632,2.5076,5.6248,6.5184,6.4132,6.4356,5.5256,3.7604,2.916,4.0592,4.9856,4.1772,3.1048,3.648,6.2652,4.8496,5.122,6.9304,8.01,6.6956,6.1844,6.482,6.7532,5.63,5.8724,4.7552,4.5088,3.2596,2.082,2.9632,4.1608,4.1392,2.508,2.4924,1.3228,0.568,1.5516,2.1552,2.1848,2.656,2.5988
5.4668,5.1976,4.9424,3.6336,4.1588,4.5916,5.5956,5.952,6.93,7.2524,7.5536,6.6668,5.232,5.7384,6.012,6.6196,7.2476,8.0288,6.5128,6.702,7.5756,8.0052,7.1872,5.6956,5.4348,6.3928,6.3804,4.9308,5.1612,5.3344,5.0972,4.8952,5.3464,5.4616,6.0184,6.714,5.0252,5.3468,5.3084,5.7816,6.2832,6.3728,5.2844,4.554,5.7868,5.582,6.2324,6.344,5.3144,5.1784,4.33,4.964,4.0136,4.2584,4.9856,5.994,5.6856,6.0332,4.9288,3.7964,4.5352,5.4224,7.4232,7.922,7.1856,7.4704,7.0172,7.15,6.758,7.3644,6.436,5.8868,6.8096,7.008,6.2848,6.2812,6.5868,7.0564,5.3996,4.5196,4.3072,4.5512,3.7156,3.7256,5.378,6.5536,5.7232,5.1364,5.7596,6.0384,6.316,6.092,6.062,5.46,5.648,4.8224,4.544,3.9228,3.4668,4.4128,6.3112,7.4556,6.5492,5.1828,4.9868,5.084,4.0052,5.1288,5.088,5.1536,4.7516,4.2624,4.438,5.0864,4.5884,3.7244,3.0908,2.9296,2.0264,0.7332,1.0428,0.6748
4.7728,4.2296,4.1828,4.21,7.2492,8.5476,6.7884,5.2216,5.092,6.5164,7.0152,6.5952,5.9192,5.2932,5.526,5.8244,5.3388,5.5376,7.1096,6.0184,5.4448,6.3992,5.7124,5.7536,5.7644,5.694,4.7456,4.9628,5.264,5.7128,3.302,1.724,1.0328,2.686,3.8192,4.5076,5.7488,5.3544,3.9724,4.6084,7.168,8.4736,7.7812,5.5368,4.5284,5.9232,6.856,6.1932,6.3472,6.3372,5.1396,4.548,5.0444,6.1876,5.9632,6.0452,5.754,4.7412,4.4108,3.7632,4.8324,3.9108,3.8916,4.89,5.122,5.5296,4.85,4.7808,4.7528,5.688,6.5048,4.4968,3.394,4.134,4.6288,4.9888,5.2272,5.9248,6.2636,5.8212,4.51,5.348,6.8596,8.342,8.4532,7.0244,6.5508,7.4668,7.0452,7.0964,6.4156,5.218,5.0592,5.5,5.7624,6.4652,6.1248,5.8064,5.3208,4.3004,3.934,3.7496,3.492,3.1252,4.4728,4.7332,4.538,2.974,3.5164,4.3864,3.87,3.1804,2.4312,0.9088,1.3772,2.3196,3.1052,2.6688,1.6048,-0.176,0.3892,2.8972
6.1236,6.174,5.9896,6.2708,6.4396,6.1532,5.1352,6.2528,5.6732,5.2504,6.9692,7.9496,7.8436,7.6488,6.8076,5.804,6.6276,7.5696,7.4304,7.8256,6.0568,5.6376,6.3628,6.1504,5.0108,4.8132,5.618,6.3688,6.542,6.0868,5.7224,5.674,5.4076,5.1516,5.916,6.7604,6.1508,6.5748,6.4628,5.4796,5.2996,4.7456,3.96,3.5448,4.7128,6.6784,5.9376,6.3568,7.452,6.6196,6.07,5.916,5.6336,3.9872,4.5484,3.7896,4.7284,4.8576,4.7596,4.4532,4.8936,5.026,4.6568,5.5684,4.9752,3.7012,4.434,4.9184,5.3276,4.3424,5.9644,5.9656,5.3236,5.5988,6.028,6.0124,5.2336,5.4736,5.5228,5.8616,5.3784,5.7104,6.1076,6.864,6.0712,5.46,4.9352,4.9428,4.0348,4.3956,4.5816,5.764,5.7932,4.5696,3.7704,4.1896,3.4264,3.5244,3.4904,3.9856,3.1104,4.072,3.9896,4.3788,4.626,4.092,2.9976,3.5556,4.614,4.9072,4.4652,3.7028,2.0732,2.4712,0.9516,2.4876,2.5816,1.9792,2.762,4.3492,7.34,8.6052
5.0272,3.7784,4.3904,5.0588,5.304,5.4952,4.9212,5.082,4.5968,5.4772,5.5644,6.336,6.436,5.6044,4.8288,4.7216,4.2732,4.908,6.1804,6.8644,6.566,6.6952,7.7204,6.4064,6.2704,5.5064,4.944,4.2136,5.4168,5.8508,5.6924,5.04,5.7936,5.5712,5.572,5.1288,5.0664,4.9456,4.1604,4.1288,5.0712,5.6076,4.1144,4.1128,3.22,3.3736,5.5648,6.7472,6.2696,7.1828,7.1204,7.0844,5.71,4.5876,3.634,3.2,3.8228,3.732,5.0652,5.9932,5.7836,4.6544,4.7284,4.3328,4.6552,5.1708,5.6696,5.6856,6.4084,6.9788,7.492,6.8132,5.8264,6.0716,6.7508,7.2788,8.456,7.236,5.248,5.5264,6.2144,7.362,7.1816,7.2072,5.6676,3.5132,3.1372,4.5556,4.7728,6.124,5.432,5.4024,4.8884,4.8936,4.132,5.0412,5.4104,4.4836,4.1692,3.7948,4.3224,4.9444,5.2056,4.2448,3.542,4.1676,4.5864,4.5632,3.2148,2.3632,2.37,2.1844,2.7448,4.1212,3.8668,5.6708,5.3876,4.2408,4.3284,3.512,2.744,1.7216
5.9272,7.0864,7.382,8.5128,8.8952,8.3268,7.67,7.41,6.8288,7.584,8.0288,7.8764,6.6264,5.5848,5.1348,5.676,5.866,7.0108,6.8292,8.224,6.3972,6.6296,7.0516,7.212,7.4524,7.0448,5.3028,6.3108,6.7652,6.2644,6.0552,5.342,3.7208,4.2928,4.02,4.2564,2.8876,4.2972,5.4276,5.3672,4.8768,4.9992,4.1656,4.7564,5.3372,4.7904,4.5096,4.3556,5.3952,6.7316,6.2444,6.3032,5.9204,6.218,6.2156,7.8688,7.2964,4.0456,3.2576,4.6296,5.3136,4.2512,4.0648,4.3736,3.7092,4.9244,5.6572,5.2252,5.4988,6.3,6.3448,6.0288,4.604,4.9248,4.6012,2.6996,1.7992,2.568,3.892,3.942,2.7032,4.3756,6.9384,7.6204,6.178,4.4396,4.7068,5.0308,4.928,5.2328,5.1816,5.7264,5.93,6.046,5.4608,4.9396,5.886,6.6744,5.4444,4.4612,5.8236,5.7912,4.2488,4.5696,4.4852,4.1124,3.5708,2.596,3.2708,2.7104,3.0392,3.4832,3.2548,2.5748,2.7304,2.6908,2.5748,2.9732,3.3232,2.1156,1.3036,1.852
5.0936,6.4664,6.0844,5.5772,4.2376,4.0348,3.7572,3.5064,2.9084,1.9648,3.496,5.9596,8.2104,7.5336,6.6232,5.7336,7.3532,7.296,6.7316,7.2252,6.576,7.1084,6.0612,6.252,6.0392,5.4148,5.9428,6.266,4.8332,5.4716,4.1616,5.228,6.1768,6.0216,5.6376,4.7412,5.1608,4.746,5.1792,6.9724,6.4828,6.0968,5.5072,6.4324,7.4956,7.5552,6.6908,6.0236,5.6272,5.1228,4.2376,2.9876,3.8924,4.6992,5.6232,6.3984,6.2268,7.186,7.6212,5.91,4.57,4.7752,6.1648,8.4584,9.208,7.5308,5.6448,5.4132,5.604,5.7828,6.648,6.4444,6.7844,6.7296,6.876,5.7052,4.7596,5.0716,3.996,3.9248,4.8496,5.2828,4.7856,4.3756,3.7896,3.6968,3.7964,4.4436,3.8904,4.0436,3.4504,2.7184,2.3968,3.1308,3.4372,4.1504,4.7676,4.7056,4,4.5644,5.21,5.1396,5.4848,6.4056,6.4832,6.998,5.772,5.7868,5.316,4.8748,4.7172,3.1856,2.564,1.8316,1.2172,1.4724,1.2728,-0.24,1.2876,0.9016,0.7408,0.075602
5.6924,6.394,6.5292,7.2872,6.9168,6.5432,6.4512,6.2752,6.4456,6.0128,5.6356,5.926,6.732,5.8752,5.704,5.8052,6.1704,5.8556,5.1008,5.8496,5.396,4.766,5.5456,6.4212,7.2764,6.6508,6.9384,6.7964,6.4644,7.0556,7.7112,6.4712,6.6512,6.8796,6.5588,5.71,6.1232,6.6536,7.342,7.2724,5.018,3.8236,4.3168,5.06,3.9424,3.738,3.4808,4.4388,3.9136,4.9548,3.986,5.0004,6.07,6.2416,7.0132,8.3256,8.1316,7.6112,6.866,7.1852,7.8468,6.4832,6.5384,6.8052,7.3372,6.004,5.62,5.0932,4.7428,4.6408,4.0936,3.8708,4.4752,5.3364,7.2856,7.1236,5.4708,4.4012,4.3412,5.8008,5.7532,6.2552,5.7168,5.2052,3.3996,2.882,2.5824,2.9524,2.7664,2.2056,2.568,2.1916,2.4968,3.056,3.6416,2.6728,1.2608,0.694,1.8816,4.4976,5.6456,7.0228,7.368,7.8056,7.2908,5.37,4.1784,4.4532,3.304,4.0144,5.584,7.8848,6.6004,4.788,4.1352,3.4212,2.4348,2.0888,1.9068,2.628,3.6116,4.1084
4.806,5.5992,5.9164,6.6608,7.494,7.1268,7.0336,6.5108,7.0388,6.068,5.7208,5.17,5.6036,5.1472,5.1,4.2556,3.4528,3.478,3.5288,3.5408,5.0368,5.718,5.2616,4.22,3.3068,4.342,5.94,6.5676,7.0636,6.5564,6.684,7.9308,9.1724,8.6892,5.484,4.4288,4.608,5.8336,5.3596,4.8068,4.7064,4.5188,4.2764,5.8604,6.4252,6.0028,6.342,6.0324,6.0092,5.8944,6.34,6.27,4.5488,4.13,5.8916,6.6456,6.6056,6.2996,6.5216,6.1596,6.3364,5.898,6.0744,8.8648,9.0364,6.9556,4.8792,4.3316,3.5392,4.7208,7.0296,6.88,7.5228,7.6984,7.5236,6.276,6.2908,7.0272,5.5688,4.6416,4.9008,6.3648,6.7092,6.7028,4.894,4.2576,3.7708,4.2268,4.9144,5.7992,5.3976,5.8576,5.7188,5.3788,5.228,6.7864,5.6748,4.166,3.2576,3.3028,2.6456,3.1748,4.0476,4.8544,3.63,3.8712,5.5772,5.6108,6.1552,6.8092,8.0328,8.4612,6.8256,6.7888,5.834,5.474,3.8248,1.6768,2.2032,4.212,5.6608,5.2932
3.1848,4.8252,4.4076,4.2312,4.0196,5.334,5.458,5.7536,4.74,5.6412,5.172,5.9844,5.1628,4.9572,5.0544,4.4568,4.1444,3.0536,1.5648,3.01,6.09,8.3924,5.7772,2.3172,2.7896,5.0484,6.128,8.8752,8.8964,7.9676,7.88,6.7856,7.0712,6.2048,5.9232,6.6768,6.5076,5.3608,3.824,5.8048,6.5968,6.224,6.504,6.898,7.1308,7.3788,5.5476,5.5076,5.9784,5.5768,5.212,4.8976,4.4332,3.7772,4,3.7968,4.1688,3.328,3.4264,3.7156,4.74,5.1528,6.8696,6.4252,6.0296,7.2844,7.4672,6.3816,5.9932,4.0044,5.9056,6.43,5.8772,5.0052,3.7468,3.8232,4.006,5.1948,5.084,4.9436,5.1184,4.8164,4.6144,4.2188,4.2496,5.0412,5.6256,4.6976,4.7176,3.9732,4.3296,4.6528,4.2668,6.1496,6.0508,6.0088,6.8264,6.0872,5.2756,5.274,3.9376,3.694,3.3796,3.226,3.6492,3.3728,3.7468,4.7024,4.8048,5.2784,5.2392,5.6784,6.598,7.6092,7.5152,6.6644,5.2492,4.2696,4.4316,4.8772,4.568,3.5464
5.2864,4.1072,4.376,4.074,4.8244,5.098,5.756,6.232,5.478,5.582,6.4484,6.1288,5.1232,6.6528,6.8336,8.0976,7.9928,7.0176,6.0976,6.5252,7.0704,7.5588,6.316,6.6296,7.2756,7.0864,6.8948,6.9636,6.8548,6.7792,5.652,5.6112,7.0172,6.7476,6.7196,6.9428,6.0232,6.744,7.6376,6.7148,5.8076,4.4364,5.7584,5.8724,5.7772,5.578,5.3804,5.766,4.9084,5.282,5.9688,6.6292,6.9504,6.5772,6.0136,5.6048,7.7572,8.7984,7.5752,5.9288,6.1272,5.8484,5.2152,6.4456,7.9512,8.0032,6.8932,6.9872,7.3328,8.582,8.598,7.4664,7.624,6.9628,6.822,6.7472,7.2152,6.0196,5.3472,4.2,5.1852,4.208,4.3484,4.1324,5.2456,4.7692,3.464,3.1796,4.5336,4.1596,3.1508,1.7572,1.4704,2.4512,2.8404,2.416,1.9224,2.498,2.31,2.0924,3.4264,5.638,6.776,5.5944,5.1028,5.1704,5.8664,5.7236,6.4984,5.092,5.1116,4.8168,5.2148,4.5916,4.298,4.8312,3.632,3.0164,3.7064,2.4848,1.88,1.1384
6.4328,5.456,6.488,6.97,8.2452,7.8804,7.8228,6.7228,6.3604,7.3404,7.0672,5.6444,5.1984,4.1952,4.6172,3.8012,4.8872,6.732,6.5224,5.5024,5.036,6.4692,6.0676,6.1588,6.3064,6.708,6.7148,6.8744,6.0808,6.6184,5.8752,6.1644,5.1016,5.87,6.1308,7.032,6.4488,7.4528,6.6672,5.8484,4.4112,5.6672,6.6348,8.2072,8.02,5.8188,6.1368,5.7196,5.5684,5.6208,6.34,5.5328,4.8016,4.1252,5.6372,7.456,6.8708,6.9824,7.3228,6.2964,6.3472,5.0332,5.0496,5.348,6.406,5.9336,5.51,5.9912,7.142,7.0368,6.6508,5.904,5.2328,4.8792,5.258,3.7064,3.614,3.1264,3.6448,2.9504,3.808,3.4988,4.0884,5.7036,5.4912,6.674,6.6748,5.7348,5.024,2.8548,3.8172,3.7896,5.2488,6.5348,6.6416,6.8852,8.3192,7.1564,7.3808,6.9564,5.366,3.79,2.846,1.2856,2.7804,2.2996,2.2376,3.0504,2.768,2.8252,3.6336,4.2232,5.0828,4.7112,4.3732,3.478,2.9712,3.9,4.0976,5.3704,6.2168,7.6176
4.5344,3.0076,3.614,4.3816,3.9136,5.1688,5.3408,4.6804,4.384,4.8512,4.948,6.5844,6.4428,6.2072,5.6528,6.6536,6.8172,6.4052,5.0628,3.8104,4.0796,4.9608,5.7096,5.2508,5.7176,6.462,6.8764,5.5372,5.3152,5.0004,4.526,4.342,4.982,4.9916,4.588,4.3308,5.0648,4.228,4.7524,5.4688,5.428,4.436,3.1008,3.5852,2.6656,4.2712,4.6896,4.686,5.016,4.6188,5.1612,5.8272,6.5512,6.8512,6.6884,5.1936,3.2748,4.0696,5.876,6.3532,4.9268,4.1184,5.558,4.9796,6.5508,6.3288,6.462,4.834,3.4956,3.0592,3.5044,4.7148,6.23,6.158,5.5156,4.8136,3.5856,2.952,2.2512,1.5488,1.1668,2.9724,2.7124,2.9908,4.108,5.4728,6.2268,5.7832,5.5796,5.8484,6.068,4.4384,2.3416,2.63,5.3432,7.032,6.8952,4.8752,4.7824,5.4276,4.3736,3.71,3.2808,3.9144,5.0232,4.6888,4.5964,4.7892,5.2264,5.814,4.0752,1.9328,2.6024,1.7144,2.6292,2.4472,0.8696,1.9796,2.0344,1.0728,0.5084,-0.089999
6.3232,4.5708,2.7464,2.3056,3.3336,4.2816,5.2772,6.5712,6.7908,6.154,5.7816,6.3724,5.4112,6.0596,5.9932,5.3564,7.4628,6.7852,7,7.25,6.2584,5.5752,5.6796,5.0464,5.8528,6.7816,5.462,5.7004,4.7104,5.214,5.6392,5.2172,5.3304,5.9716,6.9468,7.9364,6.7376,5.8276,4.4928,2.512,3.3232,4.2452,6.2376,7.096,6.1544,6.7804,7.0684,7.4672,7.8632,8.488,7.9352,6.7296,5.3968,4.4072,5.0676,4.6784,4.51,3.6688,5.526,5.3256,4.1264,3.2256,4.9084,6.6012,6.9916,6.3276,6.0672,6.7848,7.7296,6.8016,6.6344,5.2208,6.3784,5.9192,4.306,4.1144,3.908,4.9632,4.5504,4.8768,4.6936,5.6156,5.6908,5.812,5.8272,4.8784,5.5812,5.6984,5.7168,5.8396,6.7596,7.5756,7.732,6.7004,5.1472,5.5184,6.272,6.6012,5.838,6.7216,5.9768,4.2564,3.1556,4.0108,5.526,6.784,7.084,6.1096,4.9924,4.0484,4.2168,4.486,4.9976,5.9348,6.1364,5.5308,4.0644,2.7672,2.39,1.6488,1.3572,1.6672
8.0536,7.3908,7.1952,6.9756,6.0844,5.8668,4.4676,4.3732,4.3748,5.2628,5.934,7.5552,7.5724,6.9876,7.0812,6.728,7.7352,7.3224,7.1168,6.934,7.108,7.1676,7.2424,7.978,7.558,6.1996,6.6136,5.6672,5.7816,5.746,6.1828,6.7544,6.4132,5.7516,4.7272,5.2696,5.2144,5.6996,5.9936,5.1492,2.918,3.3188,4.4028,4.6008,5.4084,6.2448,6.3028,6.4524,5.4448,6.1944,7.4752,7.3616,6.7872,6.7104,6.4896,6.12,6.7228,8.0044,7.7084,7.7364,6.6244,5.8668,5.6576,7.1148,6.758,7.7256,7.6856,7.0568,5.8684,5.6184,6.4688,7.4516,6.0888,5.548,4.624,5.1516,4.7232,5.174,5.858,7.1272,6.8356,5.3044,3.2512,2.9988,3.1404,4.8384,4.8872,4.8904,4.6404,6.3592,7.2396,6.4952,6.142,6.9036,7.7544,7.6888,6.052,5.1296,3.4124,4.0344,6.076,5.5384,5.1652,5.2888,4.4272,4.9316,5.7808,4.9024,5.2344,4.9224,4.6852,4.27,3.8168,2.7704,3.0864,2.8064,1.1428,1.4784,0.081203,1.696,3.788,5.2212
5.3332,2.8176,2.7632,3.2676,5.0332,6.842,6.5604,5.15,3.7512,3.1352,4.4804,5.5596,6.7504,6.4776,4.6304,2.73,2.7848,3.1488,5.25,5.9272,7.0592,5.3968,6.0036,7.7676,7.8004,6.584,6.7424,6.7988,6.3772,5.9148,5.1908,6.3272,6.6624,5.7436,4.4484,4.8696,4.2488,5.5728,5.648,5.6792,7.2428,7.7144,5.5972,5.174,6.8584,8.1044,7.1956,7.364,7.796,6.6848,6.0244,6.4736,7.2704,7.2444,7.104,7.2668,6.1796,5.0268,5.1788,7.2284,7.4116,5.714,4.5372,3.632,4.0796,5.3292,4.9908,4.5332,3.9252,3.3048,2.7708,2.5976,2.2484,4.0468,3.6756,5.8184,7.0188,7.0072,7.4764,7.2228,7.2576,7.0288,7.0912,6.4568,5.2104,4.4012,5.5236,5.7688,5.7612,4.796,4.0204,4.2928,4.4684,4.7316,3.5808,3.8588,3.1584,3.8064,4.1204,4.2612,3.9084,3.346,1.9176,1.4332,2.5948,4.0888,5.5144,6.3308,6.494,6.094,6.6236,7.9588,7.1792,4.5408,3.8652,3.632,4.0196,4.624,3.9912,4.054,4.3772,4.408
4.7692,4.2988,3.6556,2.8744,3.2168,4.5172,5.7772,7.2712,5.0068,4.4432,4.5028,4.502,3.5564,4.8508,4.8396,4.7584,5.778,6.108,6.512,6.2516,6.854,7.078,5.9344,5.8056,6.4844,5.6832,6.384,5.8596,6.2304,6.4892,6.9412,5.7428,6.3496,5.6048,6.2228,4.2484,4.4044,5.9524,5.9724,5.2236,3.4748,4.1896,4.6188,5.446,7.0884,5.3568,5.3388,5.6872,6.5468,7.1516,7.6376,7.106,5.4616,4.0508,3.0872,3.884,5.8828,5.8392,5.6648,5.134,6.266,5.7036,5.6628,6.484,6.858,6.6012,4.3608,5.6836,5.7104,5.798,5.2532,5.8044,5.45,4.294,4.5524,4.2756,2.8548,2.8552,3.2356,2.8948,3.5796,5.22,5.3964,5.096,3.9588,3.738,3.7128,3.878,5.9352,6.9808,7.3968,7.4452,6.8776,5.582,4.9684,4.3244,4.9736,6.702,7.3908,5.8756,3.602,3.4436,3.1196,3.068,3.7644,4.53,4.706,4.0192,4.742,6.0636,6.5928,6.172,5.3224,4.528,4.0704,3.4292,2.462,1.5984,-0.3248,-1.7408,-2.0416,-1.0532
