-0.721,-0.6785,-1.0745,-0.77,-0.2235,-0.2095,-0.355,-0.5935,-0.559,-0.269,1.398,2.583,2.5755,2.309,1.9195,2.25,2.636,2.3685,2.967,2.9525,2.5325,2.393,3.298,3.313,2.4885,2.5175,2.029,1.4635,1.274,1.5985,1.667,1.632,1.733,1.549,1.4145,0.6675,0.9855,1.1405,1.656,1.4995,2.2855,2.102,2.341,2.676,2.106,1.9975,1.876,1.693,2.0295,2.945,3.126,2.5575,2.045,1.859,2.0195,2.5735,3.2715,2.3465,2.287,2.611,1.1955,0.8705,1.054,0.5035,0.3535,0.3435,1.0835,1.223,1.2765,1.5155,1.871,2.245,2.146,2.492,2.02,1.931,2.2975,2.035,1.5475,2.0505,1.924,1.3295,1.4065,1.3105,0.8355,0.6475,0.306,-0.0089981,0.6945,1.2095,1.073,1.342,1.723,1.2055,0.707,0.268,0.985,0.8635,0.7165,0.165,-0.162,0.198,0.195,-0.025997,-0.27,-0.3875,-0.587,-0.942,-0.839,-1.3025,-1.292,-1.38,-1.9775,-0.5725,2.1605,2.887,1.7565,0.8945,0.0010017,-0.3835,-0.594,-0.553
1.654,2.1655,1.9265,1.6655,1.6495,1.684,1.619,1.6865,2.125,2.0595,2.036,1.5735,0.5825,0.529,0.5195,0.6655,0.8525,1.186,0.6045,0.535,1.0875,0.8895,1.3515,1.973,1.9415,1.87,1.3115,1.098,0.4885,1.4575,2.5265,2.3115,2.751,2.505,2.5385,1.9745,2.0865,2.096,2.069,1.7225,2.162,2.493,3.0425,2.58,2.4065,2.383,2.149,2.608,1.971,2.2305,1.7085,1.5895,1.718,2.626,3.2485,3.3695,3.239,3.056,2.7025,2.3195,2.095,2.09,2.194,3.1315,3.008,2.9965,3.005,1.864,2.4695,2.804,2.334,1.5125,1.764,1.6295,2.034,2.376,2.51,2.4765,2.6385,2.9655,2.1185,1.5855,1.379,1.141,1.4805,1.3805,0.3505,0.113,1.059,1.185,0.598,0.258,0.096001,0.1835,0.781,0.881,0.573,0.748,0.1885,0.0025017,1.2815,1.37,1.0215,0.4025,0.414,0.911,1.3415,1.3965,1.5935,1.5245,1.185,0.443,0.816,0.22,0.6315,0.6545,0.886,0.7045,0.3595,1.0965,1.5375,1.286
1.3145,1.0185,0.875,1.3335,1.273,2.1165,2.4645,1.975,0.672,0.1025,0.3755,1.7455,0.985,1.6105,1.9765,1.9005,2.1915,1.427,1.6885,1.5405,2.027,2.125,2.076,2.0765,1.5045,1.665,1.301,1.401,1.929,1.8075,1.664,1.489,1.062,1.258,2.561,3.043,2.7765,2.131,1.1195,1.0195,1,1.7205,2.313,3.572,3.669,3.315,3.405,3.0655,2.822,2.7185,2.3995,2.5195,2.362,2.768,2.331,1.7245,2.167,2.8345,3.347,3.9485,2.9555,2.5655,2.335,2.557,2.3995,2.7015,2.5345,2.3215,2.102,2.2895,2.4965,2.7305,2.4045,2.369,1.8395,1.6605,1.4255,1.863,2.034,1.521,0.383,-0.153,0.328,0.373,0.5355,0.3235,0.4845,0.744,0.7905,1.4855,2.774,2.822,2.2985,1.714,1.885,1.6575,1.514,1.9225,1.759,1.3225,0.344,0.2925,0.6425,0.6755,0.4715,0.1665,0.2165,0.8525,1.5665,1.895,1.171,0.098,-1.194,-1.19,-0.6135,-1.814,-2.5435,-2.0985,-1.9815,-1.644,-2.062,-1.541
0.7355,-0.004998,-0.2645,0.0010033,0.576,0.3875,0.2665,1.1095,1.921,2.283,2.345,1.337,2.119,3.5755,3.6405,3.1685,2.3685,1.7665,1.755,1.7135,1.827,1.6815,2.048,1.99,2.301,1.5705,1.7425,2.651,1.911,2.3335,2.786,2.87,2.0025,1.1115,1.1395,1.4625,1.1645,1.2375,1.7715,1.294,0.462,1.4,1.5785,1.453,1.221,1.651,1.9055,1.93,1.4545,2.1355,1.9175,2.309,2.026,2.2325,1.79,2.4335,2.165,1.7845,1.1025,0.938,1.7825,2.2505,0.75,0.1455,1.1815,1.483,0.9965,0.8855,1.7005,2.6485,2.5425,1.78,1.2155,1.1015,1.3395,1.045,2,2.613,2.141,1.7735,1.7755,1.5035,1.7175,2.217,1.26,1,0.9835,0.505,0.1065,-0.1855,0.312,0.6635,0.3285,0.624,0.243,-0.474,-1.049,-0.4525,0.8635,1.132,1.117,1.3525,1.457,1.32,1.1515,0.608,0.473,0.031503,-0.301,-0.8055,-0.8085,-0.966,-0.291,-0.5715,-1.21,-0.6795,0.0080017,0.815,1.0185,0.6975,0.2555,0.031503
0.513,-0.196,0.018502,0.489,2.074,2.413,0.7165,0.3995,0.9885,1.069,1.2785,1.818,2.5875,2.834,2.852,3.218,2.6655,2.08,1.7675,2.5255,2.2115,2.222,2.1745,2.1295,1.8325,1.8685,2.3935,2.2635,2.0135,1.915,1.891,1.2315,0.532,0.4565,1.0805,1.5485,1.333,1.278,0.9025,1.0285,1.1145,0.8465,1.3325,1.276,1.1465,1.4625,1.877,2.504,2.73,1.4845,2.0425,3.0185,3.1905,3.0355,3.5475,3.072,2.9455,2.9485,2.151,2.0685,2.3575,2.1035,1.7135,1.322,2.4505,2.9595,2.532,1.9405,1.382,1.5915,1.0785,0.6565,0.893,1.47,1.1545,0.9155,1.9225,1.921,1.187,0.411,0.5845,1.1405,1.2095,1.3305,1.435,2.1665,2.3195,1.6105,0.3785,0.113,0.3555,0.3545,0.261,0.102,-0.3125,-0.1385,-0.00049896,0.1215,-0.297,-1.017,-1.1605,-0.3915,0.3215,0.018002,0.3215,-0.5015,-1.0085,-1.21,-0.4835,-0.4575,-0.669,-0.851,-0.8945,-0.275,0.7015,0.099,-0.198,-0.7905,-1.5115,-0.26,-0.499,-0.1165
-1.189,-1.2455,-1.569,-1.2005,-0.459,0.2945,-0.314,-0.026498,0.508,0.5805,1.199,1.8705,1.452,0.5785,-0.405,-0.5055,0.5065,0.8715,1.435,1.9535,3.696,5.7125,5.957,3.718,2.4155,2.2395,2.7115,2.847,2.791,2.7485,2.709,2.686,2.182,3.1105,3.512,3.5495,3.1595,3.105,2.74,2.6315,2.607,2.3095,2.1125,2.468,2.6475,2.8955,2.4585,2.1255,2.3925,2.838,2.374,1.688,1.3025,0.655,-0.2625,0.4535,1.079,1.6545,1.1035,0.999,2.592,2.71,0.8285,0.217,1.7695,3.2685,3.5745,3.028,2.704,3.077,2.8045,1.813,1.0095,0.765,1.2415,1.4705,1.7585,1.589,2.501,3.076,3.1995,1.9685,1.1095,1.594,2.3105,2.0555,1.4025,2.053,2.556,1.83,0.6965,0.689,0.4945,0.014502,0.1545,0.6135,0.706,-0.1815,-0.2995,-0.2745,-0.107,-0.072997,0.1675,0.5265,0.481,0.1795,-0.048998,-0.581,-0.948,-0.802,-0.51,-0.531,-0.971,-1.3095,-0.8805,-1.0335,-0.448,-0.629,-0.728,-0.6575,-0.5505,-1.0455
0.5235,0.892,1.7685,2.006,1.2455,1.07,2.3325,4.4485,4.803,3.433,2.7645,2.574,2.5505,2.762,2.2555,2.3085,1.3855,1.1395,1.361,1.2925,1.676,1.2325,-0.071998,0.676,0.8465,0.8605,1.986,3.1375,3.063,1.7445,1.4785,1.4075,2.0035,2.3985,2.7075,4.077,4.6065,4.1375,3.051,2.9075,2.9645,3.141,2.0035,1.845,2.518,2.537,2.1515,1.709,1.426,1.4355,1.5255,-0.035998,-0.1005,0.393,1.162,1.8465,1.642,0.8695,1.188,1.19,1.2135,0.9655,1.6625,2.69,1.727,1.1275,1.563,1.8845,1.5325,1.748,2.339,2.2495,2.386,2.0925,1.9325,2.0045,1.8105,0.75,0.548,0.9045,1.1055,0.842,0.5275,1.1175,1.2385,0.081002,-0.226,-0.385,-1.0535,-1.0385,-0.5,0.693,0.607,0.116,0.296,1.144,2.431,3.7865,2.5235,2.1205,2.613,1.43,0.6325,-0.078498,0.379,0.7035,0.5745,1.012,0.7915,1.2645,1.2855,1.2065,0.4735,0.582,1.759,1.2775,-0.080996,-1.6025,-1.781,0.4495,3.08,3.214
1.833,2.1135,2.9165,2.7975,1.6415,-0.007,-0.766,-0.4715,0.3505,1.0465,0.827,0.696,0.6235,0.7665,0.297,1.189,2.625,2.764,1.9585,1.45,1.2345,0.955,0.871,1.127,1.6245,1.6295,2.0955,2.179,2.506,2.7205,2.558,1.7605,1.524,1.692,2.323,2.0885,2.516,1.56,1.445,1.3835,1.8815,1.9705,1.5965,1.441,1.797,1.487,1.4975,1.658,2.118,2.055,1.641,0.888,1.2695,0.6805,0.225,0.579,0.5045,0.373,-0.671,-0.188,0.237,0.6375,0.643,1.5565,1.6875,1.278,0.3715,0.985,1.084,1.8385,1.742,1.4385,1.336,1.4975,0.571,-0.542,-0.041498,0.722,1.096,1.0695,0.823,1.6085,2.116,1.504,1.7245,0.766,0.185,0.047501,0.65,1.1605,2.173,3.301,3.5555,3.396,2.5945,2.3645,2.92,3.023,2.8755,0.592,0.4505,0.3345,0.509,0.623,0.697,0.703,0.142,-0.1325,0.123,0.691,0.9355,1.7985,1.9445,1.396,1.7065,1.8915,1.266,0.632,0.419,1.641,1.8185,1.997
1.9735,2.6415,1.8065,2.1925,1.9925,2.181,2.175,1.2185,1.221,1.537,1.392,0.818,-0.3845,-0.384,0.61,0.9985,1.253,1.6275,2.599,2.259,1.8815,1.2655,1.2855,1.311,2.5955,3.5445,3.9875,2.4625,2.536,2.4465,2.2475,2.2155,1.697,2.153,3.5675,3.387,2.1775,2.538,2.039,1.597,1.4635,1.696,2.2915,2.1365,1.2265,0.1,-0.3695,-0.3855,-0.5965,-0.022497,1.0405,1.268,1.065,1.109,0.1805,-0.189,-0.324,-0.546,0.3785,0.889,0.8755,1.4715,1.781,1.852,2.6145,3.2275,3.219,2.2105,2.7235,1.819,2.059,1.432,1.538,1.645,1.7405,1.904,1.294,1.7635,2.068,1.576,1.2695,0.9115,0.3775,0.2505,-0.303,-0.073498,0.041003,-0.4195,-0.3145,-1.6775,-1.9195,-0.23,0.763,0.442,0.505,0.4735,0.3295,0.463,0.9285,0.911,0.806,0.5325,0.548,0.524,0.1055,-0.373,-0.5825,-0.9325,-1.115,-0.9595,-1.358,-1.2435,-1.053,-0.941,0.075002,0.618,0.5715,1.3635,2.476,2.293,1.443,0.7235
1.4475,1.072,1.192,1.9975,1.7645,2.154,1.275,0.2275,-0.285,0.382,0.4605,0.9405,1.665,1.3475,0.412,-0.12,0.6945,0.49,0.7805,0.7665,0.6075,0.336,1.769,2.7195,3.399,2.3755,2.69,3.296,2.9105,0.9565,1.209,0.955,0.7055,1.0435,0.6115,1.852,2.348,2.126,3.153,2.831,1.959,1.6825,2.79,3.209,2.439,1.0695,1.35,2.1965,3.05,2.7325,2.7185,3.174,2.388,0.8735,0.6005,1.2895,1.1085,0.4985,0.3995,-0.077999,0.3525,0.6315,1.0195,1.9515,2.339,1.4165,1.2505,0.9335,0.711,-1.141,0.3315,1.3475,0.8505,0.4195,0.3785,0.4375,-0.2985,-0.201,0.4115,1.105,0.921,0.842,1.573,3.7175,3.165,2.075,1.0885,0.7365,0.033001,0.044003,0.15,0.9365,0.798,0.438,0.306,-0.128,-0.526,-1.1035,-1.2795,-1.7715,-1.964,-1.374,-1.0625,0.199,1.8175,1.511,-0.3555,-1.422,-1.713,-1.5545,-1.0985,-0.805,-0.6135,-0.2805,-0.1535,0.1645,0.1655,0.469,0.062002,-0.078498,-1.348,-1.02
0.4785,0.1975,0.3805,0.8335,0.8,0.901,0.201,0.261,-0.059999,-0.633,-0.072498,0.72,0.4005,0.848,1.93,2.9935,2.9975,3.8485,4.1645,4.036,3.6915,2.6505,2.2235,1.7395,1.712,1.7625,1.952,2.09,2.4335,2.567,3.21,3.13,1.3075,0.2155,1.433,1.329,0.634,1.49,2.817,2.955,3.7635,3.146,1.294,0.4685,0.819,1.5185,1.6635,1.838,2.2965,2.138,1.245,1.1615,1.4255,1.942,1.8475,1.9155,1.1675,1.4,0.4615,0.436,1.3985,1.6295,1.9695,1.6415,1.792,1.171,1.1055,1.2835,1.674,1.39,1.5445,1.7725,0.9185,-0.0090004,0.886,0.664,0.9415,0.602,0.559,1.4175,1.276,0.843,0.509,0.9705,1.0455,0.679,0.046,0.2545,0.456,0.8465,0.388,1.1285,2.56,2.9535,1.102,0.432,0.2485,0.065002,0.8175,0.6935,0.421,2.301,3.0485,3.245,2.7285,1.4025,1.066,0.665,0.412,-0.117,-0.9235,-1.421,-2.0705,-1.6965,-0.9545,-0.276,0.6015,1.5445,0.932,0.3405,-1.038,-1.0585
0.245,0.11,0.2695,0.851,1.479,1.6085,0.7665,0.2905,0.92,1.677,2.0225,0.967,0.7745,0.895,0.2705,0.248,-0.391,0.3085,0.912,0.9265,0.346,0.096001,1.5625,2.132,3.502,3.9765,2.687,2.169,1.4065,2.4685,5.5035,4.04,2.4955,1.393,2.6335,4.744,3.7265,2.8065,1.9715,1.323,0.983,1.612,2.3185,2.6135,1.5655,0.687,0.4235,0.9755,2.1525,2.8745,2.019,1.5355,1.8025,2.4105,1.872,1.4775,2.3715,2.7785,2.5745,2.4795,2.0925,2.2085,2.3625,2.305,2.2975,2.503,2.162,2.04,1.749,1.8875,1.14,0.4735,0.4785,1.076,0.9615,1.1595,0.7655,0.24,0.169,0.414,0.341,-0.1935,0.2215,0.071501,0.2915,-0.838,-0.876,-0.179,0.3125,0.075501,0.7255,0.1935,0.839,0.7195,0.7905,1.783,2.3145,2.0685,1.8415,1.597,1.5165,1.1905,0.8895,0.664,0.105,1.2565,2.071,0.9455,-0.8705,-1.5315,-1.059,-0.863,-0.4545,-0.761,-0.965,-0.1765,0.165,-0.259,-1.2005,-1.6935,-1.409,-1.496
0.1395,0.49,0.64,1.42,1.278,0.3485,-0.6785,0.042502,0.642,1.233,0.6065,2.036,2.3735,2.5345,1.38,2.108,2.195,1.4775,0.603,0.2785,0.328,0.2635,1.598,1.6255,0.529,1.1675,1.829,2.1915,2.3435,2.867,1.957,1.573,3.654,3.993,2.8875,1.231,1.2635,2.029,1.382,1.252,1.13,1.102,0.8265,0.6795,0.672,0.3825,0.5795,1.2055,0.454,1,2.1725,1.6275,1.7165,1.14,0.808,0.070004,0.517,0.724,0.4965,0.4405,0.5705,1.1275,0.7865,0.563,0.6835,1.6325,0.926,0.345,1.125,1.0945,1.2665,1.5155,1.013,0.9255,0.3575,0.6935,1.134,1.116,1.3435,1.593,1.1755,0.744,0.403,0.0055,-0.405,-0.627,0.105,0.693,0.052,-0.1085,0.1995,0.562,0.943,0.6275,-0.125,-1.2245,-1.7275,-1.8545,-1.8775,-1.793,-0.1995,0.8155,0.7885,0.1145,-0.342,-0.104,-0.2245,-0.365,-1.378,-2.075,-1.786,-0.5435,0.2755,0.126,-0.75,-0.499,-0.319,-0.279,-0.11,-1.0435,-1.214,-1.7065
1.9075,0.494,0.2575,1.237,2.2095,1.928,2.0545,1.718,1.399,1.6975,1.921,2.576,2.0975,1.947,1.0905,0.66,0.904,0.8385,0.431,1.5435,3.19,4.0515,3.366,2.644,0.9305,1.0995,1.4565,1.6905,2.1365,2.6345,4.078,4.438,4.044,4.7985,4.217,3.5535,3.6505,3.211,3.911,4.223,2.9475,1.985,2.818,2.741,2.431,2.7875,2.9885,2.864,1.787,0.114,1.058,1.8125,2.2375,1.2955,0.896,1.041,0.574,-0.423,0.216,1.287,1.194,1.388,1.354,1.735,2.341,1.7,2.3305,2.394,2.1425,2.0145,2.1865,2.019,1.062,0.287,1.261,1.3535,1.358,0.931,0.4315,0.7825,1.0295,1.2715,0.5535,0.014999,0.432,1.9495,3.127,2.7285,0.045002,-1.118,-0.356,0.1725,0.82251,0.983,2.0225,2.8505,2.927,3.014,1.7485,2.153,3.6745,4.4435,2.995,2.4745,2.2805,1.2835,1.7695,2.6725,2.687,1.719,1.533,0.6375,0.1755,0.2055,0.4675,0.7255,0.73,1.833,2.438,1.403,1.309,1.327
-0.413,0.071002,0.45,0.397,0.343,0.9685,0.6355,1.007,1.017,1.6525,2.2035,2.4985,2.2995,1.366,-0.060497,-0.97,-0.508,1.3075,1.3975,1.4635,1.411,0.711,1.8005,1.2605,0.3425,0.3645,0.3035,0.6535,1.0145,0.721,0.4955,0.875,1.2225,2.0005,2.658,2.747,3.1955,4.4585,3.5935,1.6345,1.125,2.17,3.461,3.0635,1.052,1.17,2.059,2.378,1.163,1.127,0.7605,0.8715,1.221,0.702,1.612,1.9925,1.1465,0.55,0.1005,0.0195,0.001503,0.147,0.5615,0.4625,0.0055016,-0.026998,-0.4245,-0.376,0.685,1.928,2.6465,1.3375,0.802,1.6405,2.7865,3.3735,2.4175,2.81,2.356,1.2685,1.241,0.4115,-0.782,-1.317,-1.2075,-1.171,0.087002,0.552,-0.258,-0.2105,0.7305,-1.03,-1.1835,-1.2125,-0.7195,-0.4025,-0.362,0.2085,-0.508,-0.7275,-0.298,2.511,2.3295,1.6915,1.3825,0.43,-0.279,-0.897,-0.6055,0.081502,2.7315,3.7385,2.1895,0.8635,0.3055,-0.099999,-0.1795,-0.597,-1.6825,-2.379,-2.475,-2.696
-0.89,-0.072497,-0.075499,0.091502,0.491,1.0615,1.1115,2.163,2.975,2.9635,2.245,1.234,0.415,0.0015015,0.55,0.95,2.0595,2.28,1.9025,1.2575,0.7885,0.3305,0.9165,0.32,-0.7285,-0.9805,0.492,2.2595,1.221,1.1535,1.52,3.0165,3.29,3.4245,2.29,3.4415,4.056,3.845,3.386,2.862,2.517,2.2175,1.4325,0.2905,0.3305,0.5355,0.1675,0.167,0.081001,0.37,1.3455,-0.3905,-0.617,-0.2375,1.088,1.2305,0.586,0.753,1.4055,1.6365,1.8005,1.7635,0.209,-0.727,-0.894,0.5445,0.733,0.523,1.3155,1.539,1.86,2.496,3.0465,1.9625,1.6245,0.245,-0.39,0.3815,0.9995,0.5655,0.431,0.598,0.46,0.2935,0.062502,0.173,1.404,0.857,0.7765,1.598,1.2635,0.6625,-0.1645,0.354,-0.2395,-0.033499,0.3065,2.234,2.131,1.502,1.0485,0.794,-0.2895,-0.1935,0.024502,1.2125,1.6155,0.7005,0.5045,-0.575,-0.57,-1.2165,-1.3015,-1.2665,-1.1825,-1.2225,-0.694,-0.869,-1.7195,-1.4275,-1.2945,-1.6515
-0.9155,-1.204,-0.943,-1.0795,-0.381,0.124,0.6035,0.937,2.8705,4.276,3.3165,2.5765,1.6825,0.364,0.673,0.8725,0.4055,0.7295,1.007,0.9915,1.883,1.7625,2.35,2.6555,3.4105,3.867,3.5335,3.4565,3.0205,2.4585,3.127,4.4035,3.6525,2.76,3.9095,3.8505,3.804,2.0465,2.256,2.881,2.609,2.909,2.964,1.826,1.1415,0.848,0.7265,0.2595,-0.3835,-0.218,0.618,1.6675,0.877,1.391,1.906,1.1265,0.4105,-0.028999,0.6465,1.0625,0.625,0.755,1.881,2.026,1.765,1.803,2.337,3.2835,3.433,3.053,2.27,2.849,4,3.381,0.6215,1.1085,2.255,2.734,1.8665,1.729,2.177,1.9585,1.373,2.1505,1.628,1.163,1.1065,2.401,1.662,0.3925,-0.2615,0.6,0.925,0.2235,0.365,0.534,-0.685,-0.4595,0.652,-0.5815,-0.2175,-0.6085,-1.3905,-1.17,-0.8925,-1.2775,-1.5765,-0.058998,1.865,1.674,1.6035,0.8905,1.0245,0.049502,-0.3025,0.2635,0.795,-0.608,-1.8695,-2.066,-1.4535,-0.4525
0.2545,0.3635,1.0055,1.8665,1.9785,2.098,1.479,0.5275,-0.071498,0.111,0.136,0.693,1.0465,1.929,1.804,1.966,2.2935,1.864,2.1625,1.928,1.6395,1.6495,1.6755,1.135,0.8415,0.414,1.046,1.6795,2.3125,2.859,1.654,1.3785,2.185,2.895,2.583,1.6265,1.4875,1.877,2.33,1.8985,1.074,0.7355,-0.2015,-0.1405,2.199,3.445,2.4645,1.8565,1.716,2.6845,4.309,2.647,0.947,1.124,1.285,1.61,2.6705,3.213,4.503,3.026,1.313,1.04,1.8945,1.044,1.589,0.925,0.5565,-0.3865,-1.005,-0.722,-0.3905,0.149,0.355,0.948,2.049,1.0245,1.0645,1.0055,0.621,-0.048499,-0.864,-0.5615,-0.1245,0.818,1.365,2.128,3.013,1.3405,0.929,0.232,-0.2705,-1.1965,-0.2805,0.141,1.012,1.002,1.3955,1.109,0.8705,1.135,0.732,0.3275,0.645,-0.5465,-0.8165,-1.1485,-1.114,-0.937,-1.438,-1.777,-1.534,-0.828,-1.0515,-1.4865,-1.444,-1.1815,-1.543,-1.6575,-1.7595,-2.1675,-2.341,-1.7315
-0.7485,-0.76,-0.3585,-0.024,-0.015998,1.484,2.4245,2.6415,1.8525,1.611,1.9615,2.099,1.991,2.7655,2.341,2.0445,1.526,1.57,2.051,2.455,2.574,2.253,2.037,1.3395,1.503,2.199,1.5265,1.974,3.2645,2.773,3.304,2.5335,2.0535,0.7505,0.903,0.227,0.2105,-0.2605,-0.537,0.3075,1.853,2.151,1.881,1.4175,0.798,1.3095,1.326,0.8275,2.604,4.386,2.1275,0.9755,0.4695,0.354,-0.278,0.31,1.606,1.6185,1.6585,1.4995,1.7655,1.064,0.606,1.257,0.8745,0.9885,1.312,1.8355,2.4245,1.5215,0.5525,0.4315,-0.021999,-0.8445,-0.273,0.2585,-0.5355,-1.4695,-0.7685,-0.2685,-0.338,0.0425,0.1025,0.138,0.4905,-0.3885,-0.2775,-0.4325,-0.081498,0.1985,0.193,1.48,1.025,0.697,-0.202,-0.4835,0.312,2.5185,3.517,2.1535,0.095501,0.511,-0.2775,-0.9575,-0.816,-0.9855,-1.022,-0.8185,-1.007,-0.4635,-0.743,-0.715,-0.4715,-0.7965,-1.4815,-1.831,-1.937,-1.425,-1.3955,-0.2745,-0.1795,-0.1045
-1.9175,-1.626,-0.7375,-0.239,-0.663,-0.2135,0.095502,0.9315,0.5205,0.4335,1.2045,2.2055,2.6735,1.637,1.38,1.8645,2.719,2.3005,3.104,1.8615,1.6555,2.2385,1.957,1.5195,1.066,1.6115,1.517,2.529,3.1765,2.7875,2.649,2.576,4.142,4.9435,3.6455,2.622,1.6755,1.4945,1.998,2.1295,1.2065,0.591,0.079003,-0.085998,0.364,1.0705,0.553,-0.1695,1.2695,2.65,0.772,0.032001,0.5535,2.015,2.3785,1.253,0.6815,2.896,4.1255,2.2525,1.974,1.847,1.0385,1.794,1.8555,1.639,2.244,1.9975,2.225,1.898,1.577,1.374,1.8405,2.607,2.077,1.558,1.189,2.1165,2.1825,0.778,1.64,2.1595,1.3565,1.5335,1.217,1.4215,1.4585,0.2845,-0.6715,-0.9205,-0.115,0.9805,1.776,1.667,1.1755,0.8095,1.137,1.3965,0.458,-0.5185,-0.505,-0.5015,-0.5145,-0.6,-0.6855,-0.784,-0.673,0.471,0.2765,-0.551,-1.314,-1.6215,-0.7585,-1.188,-0.3215,-0.216,0.653,0.5235,0.8795,0.928,0.714,0.611
-0.5735,-0.124,0.4195,-0.5565,-0.367,-0.2425,0.727,0.624,0.8745,0.843,1.531,1.9585,2.7565,3.9685,3.413,3.0735,2.027,1.4825,1.6345,1.4115,1.6615,1.9265,2.0375,0.475,-0.186,0.3195,0.542,0.9115,0.4525,0.785,1.926,2.622,3.8045,3.162,2.348,2.672,3.103,2.8195,3.2855,3.517,3.0565,2.307,2.474,1.794,1.423,1.331,0.9215,1.3235,1.6255,1.6385,1.1615,0.8025,0.439,-0.079,-0.118,0.0070023,0.029001,0.562,1.3465,2.217,2.5775,2.6065,1.887,0.705,0.336,2.5085,3.874,3.7915,2.762,2.014,1.258,1.2865,1.19,0.8195,0.7505,0.415,0.777,1.1045,1.375,1.2735,0.913,1.0435,0.4825,0.452,0.946,0.3325,0.3455,-0.3055,-0.7935,-1.1565,-1.0405,-0.8335,-0.5745,-0.396,-0.578,-0.7655,-0.738,-0.242,-0.699,-1.1755,-0.776,-1.1005,-0.7715,-1.549,-1.271,-0.4475,-0.026998,-0.1575,0.585,0.4865,0.047504,-0.2965,0.268,0.442,0.7115,0.627,0.551,-0.172,-0.502,-0.883,-0.7915,-0.517
0.435,1,1.351,2.2915,3.648,2.5565,1.7205,1.3035,1.534,1.0135,0.2685,0.3905,0.654,0.482,0.52,-0.434,0.041502,0.4565,2.3525,2.7405,2.608,3.156,2.053,1.65,1.914,1.7215,1.2845,0.9685,1.1395,1.112,1.3075,1.032,0.9475,1.162,1.246,0.93,0.8805,1.215,1.4805,1.4175,1.661,2.0145,2.6455,2.551,3.13,2.767,3.2645,3.3465,2.585,3.1965,4.2495,3.585,1.0405,0.2735,0.9035,0.6975,0.5115,0.9855,1.519,0.9425,1.097,1.9385,2.275,2.332,2.172,2.1135,1.559,1.987,2.074,1.7395,2.0025,1.252,1.0215,0.725,0.283,1.712,2.044,1.22,1.136,1.8095,0.959,0.064003,-0.8885,-0.665,-0.45,0.78,2.1415,1.5985,0.363,-1.362,-0.223,0.414,0.1665,-0.109,-0.8155,-0.374,0.0029999,-0.6035,-0.1475,0.899,2.0935,2.337,1.824,1.1405,-0.088998,-0.031,-0.035,-0.6535,-1.1475,-1.4945,-2.042,-1.68,-0.863,0.409,-0.079,-0.264,-1.2645,-2.1425,-2.271,-2.0825,-2.197,-2.5895
2.3785,1.632,0.8325,0.3155,0.7865,0.8475,0.5885,0.766,0.669,1.132,0.1075,1.064,1.5395,1.7185,2.0055,2.3005,2.214,2.0255,1.815,1.2965,0.808,1.5785,1.714,1.0635,1.554,1.1355,1.6085,1.979,1.2715,1.6655,2.1675,3.4425,3.057,2.6305,1.6565,1.181,0.713,1.654,2.938,3.268,2.497,2.038,1.647,1.6,1.734,2.467,1.801,0.9645,0.2625,1.1635,2.289,1.7165,1.975,2.3295,1.767,1.1325,1.836,1.7235,1.8535,1.6045,1.7945,1.9465,1.8925,1.6265,1.668,1.399,0.944,1.26,1.975,1.72,1.364,1.1635,0.3585,0.142,1.1935,1.3325,0.09,0.023502,0.4015,1.4515,3.2545,1.4305,-0.292,0.264,-0.5075,-0.341,0.1525,0.9035,1.9675,2.0345,2.075,1.4945,1.677,1.413,1.322,1.117,2.3345,3.077,2.591,1.885,0.7075,0.638,-0.2705,0.235,0.4405,0.58,0.221,-0.7775,-0.176,-0.372,-0.98,-1.3535,-1.2485,0.5325,1.6265,1.9995,1.491,0.4325,-1.0865,-1.15,-1.423,-1.785
1.5605,2.1105,2.893,2.8395,2.9335,2.3025,2.2975,1.2115,1.7785,2.479,1.913,1.666,1.4335,0.851,1.142,0.816,0.5195,0.4045,0.4725,1.018,1.6265,1.8445,2.9935,3.587,3.629,2.71,3.0375,2.675,1.609,2.087,2.1435,2.4055,0.9555,0.9485,0.355,-0.251,0.6725,-0.068998,-0.2585,0.034002,0.961,1.144,0.745,0.67,1.806,2.627,2.755,2.5045,3.029,2.2515,2.9005,2.352,1.563,0.739,0.702,1.363,2.4195,3.1515,2.9305,2.5895,1.579,1.6575,1.2625,1.54,1.697,1.3615,1.366,1.107,2.039,2.2665,1.517,1.062,1.049,1.1795,0.656,0.4995,-0.1435,-0.089999,-0.452,-0.6535,-0.5555,-1.171,-0.6155,-0.9025,-0.3005,0.024001,0.1215,0.4265,0.8445,1.411,2.603,2.675,2.0415,1.696,0.6145,0.4195,1.2345,1.384,0.889,0.2665,0.437,0.1145,-0.587,-1.4095,-2.083,-2.36,-2.2525,-1.76,-1.0185,-1.2155,-1.923,-2.1055,-0.87,0.078503,1.293,0.315,0.8965,1.1185,1.544,1.615,1.2185,0.5595
-0.6305,-0.4175,-0.554,-0.42,-0.2875,-0.49,-0.13,-0.042999,0.123,-0.875,-0.444,-0.1495,0.8085,0.114,0.356,0.344,0.242,1.508,2.098,1.9665,2.124,1.8505,3.227,4.01,3.5635,1.337,1.4375,2.071,2.2505,1.7025,2.7695,3.841,2.414,0.8245,1.2055,1.767,2.3905,2.7645,2.553,2.393,2.5395,1.42,0.9415,0.4485,1.012,0.824,1.6465,1.5615,1.2285,0.7865,-0.577,0.030004,0.7325,0.6255,0.765,1.351,1.4255,1.703,1.009,0.7355,0.775,-0.1345,-0.627,-0.3795,0.41,0.614,-0.1145,0.477,0.742,0.7455,0.834,0.454,-0.588,-0.41,-0.024998,1.3725,1.2645,2.5115,3.093,2.916,1.0785,0.2715,0.4365,1.41,1.818,1.619,1.3385,1.1475,0.972,0.889,1.034,0.8505,0.8155,0.363,0.3985,1.488,-0.1225,-0.266,-1.339,-1.782,-2.1205,-2.064,-0.9735,0.434,1.0635,0.8275,-0.59,-1.324,-1.5345,-1.235,-0.6545,-1.308,-2.092,-1.889,-2.08,-1.5765,-0.665,-0.723,-1.263,-1.39,-0.9885,-0.465
-0.785,0.2455,1.7295,3.563,3.5995,3.092,3.552,3.1955,1.869,0.893,1.293,1.876,1.6615,2.103,3.153,4.0695,3.444,1.752,1.4935,1.268,1.146,-0.1085,0.0095009,-0.357,-0.8125,-0.181,0.892,0.675,1.3845,1.005,0.8085,1.4285,1.9825,1.808,3.065,3.5105,3.8405,3.5995,4.6985,3.6395,1.7,0.295,-0.1775,1.0345,2.2025,1.287,0.242,0.379,1.1265,0.297,0.4855,0.758,0.6165,0.662,0.3715,0.589,1.258,0.7865,0.505,0.1435,0.167,0.5905,-0.075999,-0.1955,0.057502,0.3605,0.23,1.172,0.978,1.062,1.253,0.649,0.5695,2.1015,2.306,1.6755,1.052,0.648,1.3025,0.4605,0.012502,0.497,0.453,1.3675,0.7605,0.5755,1.1205,1.211,0.757,1.357,2.342,2.103,1.6285,1.305,1.0105,0.7865,1.08,1.534,1.117,0.928,0.8355,0.143,-0.294,-0.2945,-1.0235,-1.104,-1.87,-1.7325,-1.392,-1.3795,-2.0055,-2.136,-0.776,0.308,0.5255,0.558,1.1015,0.588,0.5445,-0.011498,-0.109,-0.041499
2.054,1.726,1.1085,0.786,0.8635,1.5315,2.023,1.1175,0.6075,-0.44,-0.7575,-1.077,-1.079,-0.7725,-0.5105,0.137,0.8505,1.0505,0.9145,1.324,0.9945,1.3135,1.827,2.08,1.629,1.0785,1.4445,3.394,4.314,3.5065,2.8465,2.5815,3.516,3.1285,2.668,3.169,3.363,2.798,2.7,2.7035,2.7845,2.654,2.685,2.056,3.06,2.852,2.0395,2.36,2.4155,2.3725,1.9455,1.741,1.8595,2.842,2.3325,1.194,0.9195,1.12,0.9745,1.2065,1.893,2.0045,1.3305,1.527,1.043,0.958,1.1145,1.232,0.673,0.665,0.974,1.2995,1.6055,1.48,1.28,2.0805,0.7395,1.071,1.3005,2.612,2.8455,1.289,1.411,0.886,-0.0044991,-0.1545,-0.189,-0.053497,1.021,0.5555,0.695,0.743,0.667,-0.0069984,-0.4265,-0.7955,-1.0525,-1.2355,-1.5515,-1.2615,-1.1605,-0.6665,-0.893,-1.377,-0.913,0.031002,0.5475,1.385,1.7165,2.1085,2.405,2.228,2.6,1.6885,0.2535,-0.4915,-0.9785,-0.5295,-0.1035,0.219,0.9385,0.756
2.5985,0.5285,0.027502,0.382,-0.256,-0.094997,0.11,0.3125,-0.067999,0.3245,0.2855,-0.3775,-0.1075,0.5215,1.075,1.1595,1.11,0.7285,1.876,2.845,3.087,3.9295,4.7325,3.1655,1.6875,1.7785,1.1635,1.5735,1.9295,1.947,1.0915,0.606,0.6335,1.44,0.7395,0.954,1.132,2.626,2.5145,1.3245,1.1675,1.7715,1.7965,2.386,2.459,2.1635,1.4075,1.1265,1.5515,0.7925,1.227,1.7205,0.933,0.776,0.8035,0.867,1.7335,0.9435,0.23,-0.9765,-0.286,0.9825,0.5815,0.1385,0.078002,0.9135,0.981,2.0635,2.1675,1.888,2.303,2.6375,2.054,2.022,2.8555,2.1775,1.4235,0.915,0.6,0.8305,0.3145,0.2805,0.531,0.8495,0.0039993,-1.507,-2.515,-1.958,0.2625,0.597,1.3525,0.959,1.5185,1.7555,1.45,1.56,1.806,0.6755,0.6065,-0.2215,0.048002,0.103,1.173,2.1955,1.706,0.661,-0.5575,-0.7545,-0.1955,0.2895,-0.3245,-1.454,-1.0455,0.090002,-0.348,-0.721,-0.7355,-0.724,-0.045499,-0.2045,0.014,0.9075
4.1425,3.881,3.236,3.0815,4.4365,3.5105,3.7515,2.8995,2.7975,1.68,1.445,1.4,1.519,2.602,1.7825,1.1105,1.137,0.744,0.0075012,-1.2115,-1.025,-0.843,-0.5745,1.189,1.4015,1.7055,2.989,2.723,1.794,1.5205,1.357,0.9005,2.085,1.7395,2.1345,2.4955,2.7825,2.3835,2.6325,3.431,3.3575,2.362,3.091,3.0485,3.102,2.9305,2.6045,2.178,1.22,0.267,1.36,3.1035,2.6085,0.5975,0.105,0.874,0.6135,0.6085,0.043001,1.82,2.4205,1.357,-0.326,-0.15,2.4785,2.9085,2.0885,0.1495,-0.375,0.5865,0.1665,0.299,0.2145,0.739,1.6725,2.216,2.2125,1.8345,0.9895,-0.055498,-0.070499,-0.486,-0.5955,-0.8205,-0.5375,-0.2955,0.017503,1.089,1.7685,2.313,1.702,2.269,1.473,1.398,1.6855,2.577,2.9375,1.626,1.1585,0.5795,0.375,-0.467,-1.22,-0.442,-0.2875,-0.6015,-0.2985,-0.377,-0.3235,-0.556,-0.9505,-0.7635,-0.9315,-0.8175,-0.5625,-1.27,-1.5495,-1.1315,-1.0415,-1.0755,-0.664,-1.3655
0.0785,-0.060499,0.545,0.975,1.086,1.5135,2.0415,1.604,3.2505,4.059,2.9805,0.989,-0.8235,-1.363,-1.414,0.41,0.061,-0.582,0.879,2.242,2.5755,2.153,1.993,2.6415,2.2545,2.52,2.5415,2.823,2.294,1.998,1.6685,1.991,1.2325,1.3495,1.3595,1.691,1.5165,1.6245,1.3925,1.9525,2.081,1.526,1.4315,1.0305,1.17,0.642,1.1285,0.6605,0.5365,0.7425,0.834,1.3495,0.9935,0.6775,1.7635,2.494,1.8975,1.2105,1.415,1.632,1.353,1.7415,2.3205,2.2055,1.982,1.733,0.9875,1.776,3.152,1.283,-0.4575,-0.3845,-0.543,-0.2525,0.046001,0.212,-0.028497,-0.074498,-0.398,-0.4345,-1.2915,-1.4265,-1.4325,-0.77,-0.3275,0.0025009,0.554,1.258,1.247,1.3995,1.5235,0.713,1.0765,1.8415,2.7365,2.852,1.9475,1.016,1.1055,0.9695,-0.308,-1.1825,-1.2265,-0.637,1.664,1.8425,0.703,-0.458,-1.419,-2.1675,-1.456,-0.6735,-0.815,-1.3345,-1.421,-2.587,-2.2015,-2.1115,-1.258,0.345,0.4235,-0.353
1.675,1.779,2.059,2.016,1.9295,1.708,2.0765,2.507,3.1675,2.683,0.5855,1.5045,1.811,2.1815,1.5635,1.498,0.6825,0.9805,1.186,0.7605,1.56,2.4355,3.009,2.475,2.076,1.92,0.5755,0.9135,0.4445,0.7785,1.2925,1.6595,1.297,0.397,-0.00049744,0.334,0.627,0.612,1.1655,2.427,1.564,-0.1335,0.6445,1.6005,0.8675,0.341,0.7175,1.524,1.0795,1.471,1.2245,0.941,1.2255,1.2445,1.9925,2.077,0.922,1.0825,1.7695,0.975,0.3135,-0.18,0.776,1.3045,1.296,1.6665,1.1115,0.669,0.619,1.232,1.355,1.2725,0.881,0.2585,-0.9885,-0.5415,2.134,3.4065,1.038,-0.808,-0.9115,0.632,0.3755,0.5725,1.187,1.062,1.16,0.971,1.269,3.1935,3.8445,3.148,2.075,1.371,1.0725,1.394,0.0805,-0.221,-1.212,-1.196,-0.8965,-0.988,-0.4645,-0.090498,-0.075999,-0.517,-0.9225,-1.4155,-0.569,-1.0005,-1.441,-1.8875,-1.342,-1.399,-1.1395,-0.784,-1.282,-1.4145,-1.198,-1.143,-0.8485,-0.4845
0.132,-0.179,-1.139,-1.425,-1.014,-0.223,0.2825,-0.429,1.419,0.473,0.027004,0.6515,0.3225,0.9295,1.2645,3.738,4.7295,4.2115,2.8035,0.633,0.7335,0.3075,0.8865,0.4905,1.3725,2.999,3.4575,2.491,2.2095,2.554,2.3625,2.2625,1.189,0.709,0.4575,0.011503,0.095504,-0.065998,0.633,1.0505,0.972,1.4035,1.8855,2.161,2.4395,1.945,1.723,1.3,1.43,1.38,1.352,0.6445,0.956,1.6535,2.3345,0.9845,0.5125,0.3205,0.9385,1.078,0.904,0.6125,0.6325,0.7715,2.772,3.4615,2.951,2.4665,1.8995,3.1825,4.1455,3.886,2.788,1.995,1.924,2.093,1.254,0.762,0.793,1.376,1.4685,0.7495,-0.4315,-0.6555,-1.306,-1.29,-1.2155,-1.542,-1.668,-0.5595,0.8315,0.454,-0.3625,0.177,0.804,0.874,1.2995,0.5205,-0.5665,-1.026,-1.206,-0.227,0.63,0.3595,0.148,-0.169,-0.8045,-0.9605,-0.6895,0.5335,0.747,0.869,0.965,-0.586,-1.1145,-0.555,0.628,-0.864,-1.0695,-1.9985,-2.1305,-1.4745
0.477,1.4565,1.8405,3.2485,3.907,4.0495,3.854,2.2135,1.283,0.7495,0.7335,1.272,2.2525,1.632,1.076,1.384,2.043,2.9025,3.1215,3.1075,3.461,3.342,3.7235,2.6065,2.574,2.2575,2.6725,3.5195,3.643,3.428,2.9975,3.529,4.9595,3.869,2.451,2.307,2.2555,2.3075,2.313,1.5025,1.6105,2.04,1.494,1.7115,1.4075,1.6815,1.4935,0.959,0.474,0.7095,0.3915,0.049001,0.1165,-0.6595,0.1045,1.7445,1.943,1.992,2.2,2.3745,2.6575,2.012,1.042,2.543,2.636,1.712,2.2765,2.0165,1.898,1.94,1.7345,1.629,1.2045,0.782,1.216,1.2115,1.659,1.466,0.647,0.109,0.078002,1.037,0.9875,1.4285,1.75,2.249,2.4085,2.1615,1.258,1.372,1.39,0.173,-0.3915,-0.1055,-0.1295,-0.126,-0.3505,-1.1185,-0.9405,-0.2635,-0.296,-0.515,-0.038499,-0.0004982,0.485,0.3145,-0.245,-1.052,-0.714,-0.82,-0.794,-0.611,-0.962,-0.9195,0.2015,0.3075,0.7645,0.8205,0.5445,-0.373,-0.4605,-1.048
1.125,1.2045,2.077,3.701,4.112,2.098,0.6555,0.9645,1.1065,1.1005,0.2965,0.062,0.3735,0.0755,0.36,0.562,1.8005,2.2285,1.336,-0.416,-0.128,0.074004,1.4565,2.2935,2.0725,2.2345,2.6255,2.4245,2.5415,3.225,4.199,3.11,2.804,2.8495,3.0405,1.733,1.719,2.112,2.8145,3.424,2.826,2.181,2.2185,2.294,1.1745,1.495,1.9215,1.547,1.582,1.164,1.1385,0.805,1.4685,2.917,3.0425,1.1105,0.297,0.979,0.939,0.68,0.7595,0.6565,0.1075,0.2555,-0.040499,1.1275,1.1895,0.484,0.8295,2.3705,5.218,3.941,2.092,1.7145,1.7325,1.921,3.0635,3.386,2.5445,2.3805,2.1815,1.824,2.274,2.034,1.324,0.7885,-0.334,-0.1035,0.2365,0.2275,-0.623,-1.095,-0.9245,-0.808,-0.526,-0.8575,-0.826,-0.59,-0.2265,-0.2065,0.249,-0.666,-0.5595,0.1495,0.5165,1.0815,0.4755,-0.3305,-0.338,0.092502,0.262,0.5095,0.3415,0.7235,-0.0055,0.059502,-0.425,-0.2715,1.013,2.375,1.8345,0.437
-0.406,-0.9645,-1.506,-0.7865,0.233,0.151,-0.085497,-0.554,-0.2745,0.49,1.103,0.6915,0.6605,1.606,1.931,3.2225,3.7225,3.8085,3.2635,1.934,1.6895,1.641,1.7625,1.2995,1.5645,1.456,1.4535,0.5915,-0.2365,0.1895,0.767,2.5885,2.472,1.3685,1.235,0.9855,-0.050998,-0.5485,-0.033,0.7155,1.3195,2.273,3.145,2.747,3.45,2.5415,2.464,2.181,1.807,2.889,3.492,2.4685,1.8645,1.9925,1.99,1.596,1.9275,2.557,3.445,2.4455,2.6795,1.9735,2.602,2.445,1.747,1.109,1.224,1.5165,1.668,1.4615,1.6515,2.009,2.2495,2.3115,2.3745,1.807,0.8125,1.446,1.657,1.725,1.4195,1.87,2.187,1.856,1.6535,0.89,-0.032,-0.252,0.5045,0.846,1.704,0.4095,0.092001,-0.2945,0.0050011,-0.2025,-0.4815,-0.298,-0.4145,-0.9645,-1.117,-0.2385,0.488,0.81,0.207,-0.288,-0.158,-0.4315,-1.2615,-1.312,-0.279,0.874,0.656,0.1475,0.433,-0.7855,-0.7465,-0.015498,0.676,0.5525,0.6475,0.7815
-1.198,-0.4745,-1.078,-1.3425,0.071002,0.4885,0.266,0.664,0.882,0.778,0.8105,-0.256,0.1105,0.9465,2.488,2.2695,2.564,3.414,3.5035,3.338,2.9375,2.1565,1.45,1.522,1.7865,2.8395,2.7685,3.1585,3.2105,2.599,2.18,3.0015,2.133,2.599,2.305,1.282,0.7025,0.649,0.096001,0.023001,0.531,0.255,1.367,1.858,1.8715,0.256,1.691,2.144,2.4755,3.199,3.4325,3.1735,2.1875,1.0435,1.838,2.056,1.7835,1.684,1.1625,1.622,2.469,2.392,2.354,1.882,1.524,0.529,-0.289,-0.030498,2.1915,1.855,1.0655,0.9995,0.9595,1.4155,1.2375,1.3685,1.311,1.1245,1.401,0.7395,1.529,1.3935,0.9755,0.63,0.705,1.011,0.504,0.6805,0.7145,0.2945,0.2785,0.523,0.8065,1.4405,1.8495,1.5045,0.197,0.1095,0.047001,0.626,1.3855,0.849,0.888,0.494,0.786,0.919,1.318,1.4645,1.2285,1.6145,1.5195,1.109,-0.085,-0.9955,-0.649,0.707,0.683,1.1185,0.7525,-0.5515,-0.7765,-0.501
0.412,1.0495,1.614,2.47,2.1955,1.549,2.1745,3.553,3.3375,2.0575,1.366,2.085,2.956,3.1135,3.5465,3.9245,3.3455,3.28,2.9025,1.8035,1.567,0.943,1.0145,0.689,1.1305,1.3555,1.316,1.58,2.072,2.0335,2.0205,2.6695,2.177,1.8025,1.9225,2.1665,2.0695,1.945,0.8915,0.4675,0.235,0.743,1.752,2.3315,1.6885,0.8595,0.069501,2.0465,4.203,3.1315,1.4695,0.341,0.2345,0.8375,0.3365,0.056001,0.573,0.926,0.9775,0.334,-0.523,-0.056998,1.794,3.674,4.0385,3.8585,1.88,0.845,0.6875,0.872,1.5555,2.7805,2.3095,1.5305,0.855,1.042,0.8865,1.182,1.66,2.733,2.479,1.654,1.356,0.6655,0.7045,0.9965,0.9965,1.3875,1.918,1.574,0.987,0.6705,0.509,1.053,0.279,1.3595,1.5315,1.1725,0.3115,-0.611,-1.6285,-1.7715,-0.047499,2.6065,3.2275,2.0685,0.1405,0.2235,0.046002,0.0345,-0.1125,-0.854,-1.1095,-1.3175,-1.471,-1.608,-1.7105,-1.129,-1.541,-2.18,-2.076,-1.724
1.4055,1.2845,0.69,0.107,0.023501,1.44,2.7525,2.489,2.1705,2.1845,2.03,1.4515,0.7775,1.118,1.1015,1.6345,1.768,0.5755,0.291,0.339,0.9795,0.5205,0.8445,1.2795,0.682,1.303,1.846,2.021,2.6965,2.1595,2.123,1.1965,1.6745,1.686,2.16,2.7335,3.304,2.7115,1.8105,1.4535,1.0625,1.1425,1.4185,1.33,1.316,1.857,2.568,2.2835,1.578,0.252,0.2235,0.5765,0.738,0.747,1.2455,1.6885,0.823,1.3665,0.999,1.7425,2.4695,2.4425,2.4585,3.207,2.4535,1.503,1.973,1.496,1.149,2.144,1.227,1.169,0.883,0.4805,0.3985,0.4705,0.311,0.589,0.631,0.5675,0.895,1.051,0.873,0.8465,0.8125,0.3905,0.188,0.309,0.138,0.3855,-0.1415,0.156,-0.059499,0.006501,0.3275,0.2905,0.5315,0.318,0.204,-0.155,-0.4435,0.1235,-0.023498,-0.2505,-0.3005,0.1725,0.497,-0.067498,-0.028999,-0.4225,-0.7565,-0.79,-0.3365,0.7775,1.123,0.791,0.1505,-0.388,0.4185,0.184,-0.209,-0.422
1.217,1.4925,1.532,1.152,-0.465,-0.554,-0.143,1.0535,1.6935,1.37,0.543,-0.4295,-0.187,0.7895,1.271,2.1835,2.608,2.9555,2.107,2.2655,2.7045,2.837,2.3405,2.3535,2.076,2.411,2.7195,2.886,2.5445,2.1145,1.5615,1.3575,0.679,0.5745,1.1615,1.4035,1.404,1.6205,1.106,1.5065,0.492,0.132,0.803,0.1055,0.733,0.824,1.149,1.8245,1.553,0.444,1.0435,0.806,2.261,2.7335,2.3525,1.8975,1.8315,2.023,1.3525,0.089002,-0.8825,0.153,0.4385,0.0084999,-0.1825,0.288,0.999,1.7665,2.6935,2.788,1.582,0.3455,-1.09,-0.895,-0.4155,0.889,0.759,-0.6295,0.102,0.2985,0.171,0.1645,0.058002,-0.5605,-0.4,-0.107,-1.0145,-0.993,-0.2715,-0.4275,-0.013499,-0.128,-0.3485,-0.5915,-0.4395,0.381,0.082501,-0.201,-0.381,-0.3975,-0.4735,-0.585,-0.2655,-0.1305,0.497,0.993,0.26,-0.636,-0.6555,0.0565,-0.5275,-0.9805,-0.9535,-0.9415,-0.6545,-0.607,-0.6045,-0.824,-0.352,-0.2235,-0.378,-1.0605
0.233,0.6035,1.832,1.4415,2.82,3.5375,3.349,2.275,1.929,1.981,1.6415,2.222,1.763,1.7165,1.6005,1.7235,1.1985,1.259,0.082,-0.1905,0.069001,0.0095024,0.5745,0.7585,0.7165,0.8445,1.0295,1.4985,1.1975,1.7985,2.385,2.4545,1.941,1.643,1.4905,2.5815,2.7875,1.578,1.2265,1.8025,2.16,2.53,2.466,2.6165,2.613,1.195,0.972,1.5245,1.1365,0.449,0.4125,0.5595,0.6885,0.282,0.851,1.218,0.836,-0.448,0.4295,0.5385,1.219,1.2335,1.007,0.481,0.0075005,-0.019498,-0.012998,0.823,1.3915,1.3975,0.868,1.016,0.8275,1.256,0.365,-0.3015,0.914,1.5635,1.3375,1.056,1.3925,1.436,1.603,1.7875,1.788,3.6205,2.735,1.407,1.1895,1.4205,1.3565,0.8775,0.506,0.69,0.814,0.472,-0.099499,-0.138,-0.064497,-0.261,-0.155,0.00050049,0.3835,-0.1825,-0.7125,-1.2795,-1.6985,-1.3635,-0.4945,-0.5805,-0.141,-0.5855,-0.1035,-0.447,-0.3295,-0.111,1.0485,0.616,-0.5155,-0.6795,-1.0805,-0.3775
0.0145,0.2505,0.6605,1.6625,1.3355,1.0215,0.8275,2.068,3.309,3.0525,3.3415,3.8155,3.6515,2.0445,1.667,1.437,1.579,1.6525,1.469,0.9425,1.1075,1.4945,3.217,3.3085,3.3085,3.618,2.669,2.1995,2.05,2.622,1.955,1.3395,0.8515,1.8,1.8175,1.212,1.533,0.798,1.005,2.009,1.4925,1.293,0.8865,1.8915,2.3455,1.8265,2.026,1.5605,3.849,2.57,1.5585,1.8425,2.731,1.1395,1.2615,1.994,2.4875,1.894,0.9655,0.926,1.714,2.445,1.9575,1.2145,2.208,3.6075,1.879,0.9455,0.763,0.691,1.2975,1.7975,1.083,1.0055,0.8285,1.025,0.8165,0.038003,-0.031999,0.579,1.102,0.992,1.4325,1.392,1.429,1.342,0.8315,0.2925,0.053001,-0.6395,-0.2405,-0.5985,-0.46,0.186,2.401,2.9655,1.438,0.4615,0.325,0.023002,-0.047499,-0.2075,0.3695,0.254,0.204,-0.374,0.2865,-0.39,0.0014999,-0.4765,0.4545,1.8805,2.8505,2.554,2.758,1.605,0.262,0.825,0.46,0.7625,0.7035,-0.6735
0.669,0.603,-0.2825,0.43,1.35,1.6755,3.0365,2.9365,3.0665,3.212,1.9795,1.3905,1.1655,2.487,3.7875,3.6145,2.4145,1.255,1.4345,1.416,1.734,1.6265,1.542,1.789,1.6775,1.514,-0.073998,0.3115,1.6245,1.6335,1.7025,0.888,-0.051499,-0.1095,-0.489,-0.2225,-0.1065,0.2275,0.049503,-0.742,-0.346,-0.371,0.2285,-0.2175,-1.0825,0.087502,1.889,3.1215,1.936,0.7405,0.8895,0.5615,0.8955,4.1635,5.312,2.7985,1.473,1.452,1.84,2.3055,1.8575,0.842,0.4105,0.035501,-0.502,0.068502,0.437,0.9695,0.7805,0.4095,-0.3985,-0.162,0.3215,0.1665,0.149,0.7815,0.7735,0.9395,0.8285,1.4955,1.598,0.972,0.496,0.8645,0.5725,0.5205,1.5,1.83,1.0245,0.231,-0.3575,-0.37,0.19,-0.17,-0.3405,0.037502,0.4945,0.9735,0.3645,0.0030022,-0.723,-0.489,-0.805,-0.518,-1.1525,-0.5965,-0.1885,-0.7295,-1.0685,-0.6515,-0.838,-0.1935,0.55,0.5635,0.4125,0.049004,0.9125,1.7655,1.313,1.4955,1.379,0.91
0.9985,0.716,0.602,0.662,0.8495,1.1385,0.4615,0.598,0.315,0.354,1.172,0.775,-0.3165,-0.4635,-0.3165,-0.452,0.864,1.0555,1.0435,0.335,0.9135,0.9185,1.481,1.67,2.335,2.4845,2.34,2.846,2.88,2.6365,2.311,2.549,2.899,3.913,3.9715,2.912,2.8985,2.404,2.6155,2.641,1.7035,1.636,1.2225,0.7985,0.714,2.7955,2.385,2.188,2.022,2.272,1.4355,0.2685,0.4425,1.5555,1.755,0.9285,1.8085,2.044,1.2795,0.797,0.6045,1.4415,1.1025,1.0005,0.9845,1.294,0.8445,0.178,-0.1925,-0.4615,0.4695,0.3955,0.086501,0.999,0.6165,-0.3025,0.91,1.8525,1.6705,1.244,0.9155,0.1925,0.5355,1.873,2.832,2.244,0.8195,0.3415,-0.4485,0.266,0.645,0.9275,1.5,1.246,0.7525,1.105,1.605,1.3105,1.7375,0.8105,0.178,-0.101,-0.67,-1.2415,-1.074,-1.0415,-0.115,-0.297,-0.649,-0.4085,-0.1095,0.141,0.9715,0.0285,-0.3805,0.275,0.4305,0.527,-0.032499,-0.377,-0.384,-0.579
0.5975,1.2745,1.004,0.6785,0.1555,1.2125,3.141,3.157,3.938,3.167,2.1615,1.438,0.68,1.3385,1.102,1.627,2.4155,2.868,1.516,1.1555,0.0565,-0.176,0.548,1.4655,1.289,0.9485,0.6315,1.0655,2.2575,2.727,1.9755,0.8055,0.845,1.023,1.5835,1.778,1.367,1.081,1.0585,1.065,1.4665,1.6095,1.528,2.431,2.319,2.01,2.284,3.2015,2.7995,1.7925,2.448,2.0835,1.816,1.7355,1.835,2.7275,1.8925,1.3705,1.4,2.4935,2.9455,1.9325,1.6175,1.5435,1.3545,1.076,0.7265,0.5375,0.707,1.3895,1.3935,1.762,1.058,1.5235,0.999,0.7645,0.492,0.686,0.5295,0.5695,0.8585,1.3805,0.767,0.573,1.4875,1.443,0.72,0.043002,0.099001,0.7275,0.343,0.7175,0.3915,0.285,0.0445,-0.2925,0.071501,0.2905,0.1575,-0.089498,-0.6355,-0.5435,-1.406,-1.8695,-1.819,-1.821,-0.988,-0.8605,-0.3875,-0.7345,-0.4555,-1.3265,-1.658,-1.1755,-0.9005,-0.818,-0.8595,-0.7485,-1.2685,-2.0455,-2.1135,-1.613
-0.417,-0.245,-0.026998,0.9,1.529,1.691,1.222,0.578,0.645,1.4905,1.3495,1.6765,1.089,0.773,-0.027999,0.2785,0.548,0.755,1.2405,2.9775,1.7805,1.682,1.048,1.416,1.799,1.8335,1.8525,2.5395,0.974,0.717,0.966,0.9205,-0.394,-0.4795,-0.139,-0.58,0.922,0.5655,0.671,0.7155,0.778,1.6145,2.3415,2.81,2.8215,1.732,2.6,3.852,4.251,2.7135,2.6255,3.331,2.8495,2.0175,2.066,1.9055,2.0025,2.953,3.169,2.614,1.26,-0.023999,0.5,1.523,1.7905,1.936,1.032,0.6595,1.6745,2.28,1.529,1.728,1.213,1.0805,0.9155,1.1585,1.106,2.03,2.1565,1.2655,0.0045013,0.721,0.8385,0.632,0.951,0.8365,0.829,0.8765,0.715,0.3845,0.2605,0.159,-0.476,0.8095,1.7425,2.304,1.8525,1.625,1.9145,2.065,0.642,0.2585,0.016002,0.1125,0.3425,-0.1655,-0.637,-0.9985,-0.8,-1.174,-1.4755,-2.0195,-2.267,-2.5215,-1.892,-2.8145,-2.5225,-1.7905,-1.3125,-0.7725,-0.037499,1.647
-0.373,-0.346,0.1205,-0.657,-0.922,0.4565,1.271,1.4475,1.6425,2.915,2.8275,1.449,0.947,1.442,1.8755,2.7695,3.4445,3.465,2.1835,1.6705,1.4355,1.8815,1.4595,1.8185,2.4705,1.627,1.173,0.986,1.09,1.562,1.8165,1.2055,1.616,2.913,2.822,1.565,1.1655,2.5685,3.3615,2.6545,2.0555,1.713,1.0305,0.5615,0.799,2.4535,3.9415,2.6695,1.653,1.1475,1.17,1.8695,0.549,0.036502,-0.5205,0.017501,-0.5605,-1.2005,-0.159,0.8375,1.171,0.5005,0.7605,0.579,0.695,1.735,1.8705,0.789,0.5975,1.271,2.335,1.7405,1.1325,0.532,0.725,0.866,1.267,0.7765,0.63,1.099,1.135,0.9945,0.7655,0.7545,0.7215,0.5465,0.35,0.151,0.093002,0.396,-0.295,-0.276,0.374,0.047001,-0.318,-0.081998,-0.1975,0.0050011,-0.1645,0.5165,1.2895,1.9255,1.819,1.983,1.1615,0.358,-0.1605,0.2585,0.2095,-0.684,-0.69,-0.9065,-1.054,-0.611,0.4265,1.382,1.9955,2.2995,2.365,1.634,-0.163,-0.1615
1.063,1.6245,1.645,1.545,1.8505,4.25,3.612,2.2725,0.8755,0.668,1.4085,1.958,2.7235,3.5815,3.4315,2.1295,1.8505,1.1425,1.097,1.1865,1.362,1.2825,1.778,1.655,1.1245,1.1945,2.014,2.43,2.516,2.671,2.693,1.291,1.0335,1.858,3.39,2.0195,1.1375,1.214,1.2305,1.145,1.749,2.7185,3.158,3.7175,3.3005,3.0555,1.656,1.3595,1.522,1.588,2.5135,2.324,2.119,2.0035,1.4425,1.455,1.2765,1.344,1.6395,1.584,1.0365,1.725,1.84,1.3945,1.2395,0.8165,0.9045,0.1175,0.219,1.212,1.37,1.77,2.061,2.486,1.367,0.8095,1.398,0.9175,0.1615,1.893,2.7055,0.8645,0.8205,1.011,0.7855,0.6935,1.413,2.539,2.1335,1.2245,1.091,1.2915,2.453,2.7555,2.896,1.8225,1.7935,1.8985,2.58,2.5615,1.89,1.558,0.782,-0.197,-0.048499,-0.1955,-0.089999,0.020504,-0.336,0.628,0.4955,-0.3275,-0.748,-1.3075,-1.1325,-0.484,-0.4545,-1.0765,-1.707,-1.728,-1.7825,-1.8425
-0.998,-0.7755,-0.957,0.1895,-0.156,-0.476,0.2845,-0.022998,0.863,1.9935,1.584,1.2225,1.2405,1.9755,2.083,1.2415,0.8175,1.484,1.6575,1.325,1.239,0.5305,0.2695,0.928,0.795,0.8885,1.2315,1.1985,1.483,1.4405,0.7175,0.9455,0.9365,1.479,1.6965,0.825,1.0195,1.144,1.094,1.38,2.5075,2.984,2.551,2.663,2.248,2.9645,2.845,2.6245,3.647,4.5145,3.326,1.43,0.101,1.518,2.374,1.112,0.5605,0.569,0.8035,2.047,1.5055,1.3235,1.07,1.4695,1.6985,0.857,0.6245,0.77,1.1215,0.5525,0.8265,0.862,0.4065,1.554,1.631,0.8605,-0.561,-0.6025,-0.078498,-0.7075,-0.7205,-0.4335,-0.2595,-0.563,-0.357,0.0015015,0.166,0.3995,0.2565,0.927,1.089,1.0595,0.682,1.8015,1.6215,1.489,0.306,0.8205,1.268,0.844,0.179,-1.211,-1.6115,-0.5505,0.1755,0.2155,-1.3575,-1.9735,-1.5225,-0.4795,0.082002,-1.1615,-1.0915,-0.8205,-0.061499,-0.574,-0.878,-0.7875,-0.4975,-0.533,-0.699,-0.7825
1.4435,0.737,0.8955,1.1655,1.7665,0.5195,0.336,0.349,2.011,1.487,-0.152,-0.874,-0.915,-0.2815,1.186,3.192,4.7365,6.2605,5.515,3.3605,2.0065,1.4315,1.9615,1.71,1.024,0.9135,0.526,0.8375,1.429,1.226,0.9715,1.0715,1.069,1.567,1.223,0.8145,-0.1485,0.8195,1.75,1.3765,0.7335,0.817,0.4275,1.1335,2.0635,2.3945,2.841,1.671,1.7235,1.95,1.5915,2.127,2.767,1.3485,1.5895,1.936,3.425,2.329,1.4345,1.435,1.3055,1.025,1.6055,1.0165,1.5765,1.9425,1.8315,1.6785,0.707,0.1625,0.021001,-0.462,-0.4385,-0.492,0.637,0.11,-0.038497,0.2605,0.5545,0.7175,0.6385,1.217,0.89,0.3615,-0.23,-0.849,-1.4275,-1.3365,-0.529,-0.6315,0.244,-0.372,-0.3155,-0.3695,-0.204,-1.5225,-0.309,0.4735,1.02,0.8495,0.5155,0.078001,-0.023499,-0.541,-0.6885,-0.4995,0.1935,-0.324,-0.4345,-0.375,-0.105,-0.2905,-0.2245,-0.1685,-0.911,-0.2865,-0.2365,0.142,-0.444,-1.4935,-2.035,-2.761
0.303,0.413,0.243,-1.0185,-0.8075,-0.2025,-0.0079964,0.775,1.3175,1.766,0.4575,0.603,0.7825,1.3735,3.7385,3.088,3.017,2.2825,3.2015,3.4975,2.847,3.508,3.509,2.1835,1.9025,1.471,1.839,1.1795,1.437,1.007,0.8995,1.418,1.9395,2.004,1.8855,1.308,2.9195,3.39,2.8995,3.0445,3.5965,2.159,1.7085,1.7595,1.297,1.1785,0.6785,1.196,1.187,0.1505,-0.0059975,-0.44,-0.287,0.267,1.5255,2.2915,2.2255,2.0815,1.207,1.985,1.9895,2.9255,1.9035,0.9575,1.1795,1.1045,1.4345,2.0345,1.2,0.161,0.012502,0.344,1.2095,1.759,0.751,-0.1045,-0.14,-0.5245,-0.199,0.56,0.865,0.5955,2.126,2.7485,3.523,3.1535,1.6975,0.096502,-0.593,0.5665,0.963,0.6025,0.644,0.867,-0.080498,-0.15,-0.0084969,0.3,-0.159,0.8925,1.869,2.302,1.931,2.0125,1.161,0.411,0.023002,0.071501,-0.2415,0.138,-0.2855,-0.3555,-0.844,-1.233,-1.22,-0.8225,0.11,0.3005,1.1475,1.3395,0.4435,-0.079997
-1.6105,-1.0725,-0.5925,0.689,2.197,2.8215,3.3415,3.374,3.5125,1.306,0.523,0.022502,-0.748,-1.271,0.554,3.374,1.546,1.418,2.1665,1.7845,1.3,0.8695,1.202,1.984,1.6785,1.961,1.645,1.9925,2.768,3.7855,3.687,3.606,2.3965,2.055,2.0735,2.4105,2.763,2.2345,1.962,1.748,2.0655,2.659,1.7125,1.257,1.4465,0.887,0.5175,0.3085,0.2935,0.8365,0.731,0.454,0.1345,0.349,0.889,0.538,0.501,-0.9175,0.357,1.092,1.9865,1.358,0.77,1.193,0.489,0.742,0.6595,0.1085,0.985,0.5705,1.6365,2.5455,1.741,1.511,0.851,0.8215,0.6125,0.386,0.506,0.2825,0.121,-0.637,-0.868,-0.2935,0.453,2.1125,2.3145,3.2095,3.3005,1.795,1.0675,0.9605,0.611,0.523,-0.5185,-1.176,-0.553,-0.018497,-0.4135,0.194,-0.055999,-0.515,0.081501,0.059,0.5665,1.4605,1.815,2.139,1.9065,1.475,0.888,0.5925,0.43,0.6045,0.41,-0.301,-1.7745,-0.9385,-0.5445,-0.567,0.266,0.746
0.686,1.188,0.8195,0.336,0.415,-0.522,-0.0074974,-0.018501,-0.083499,0.526,1.5785,2.9575,1.7075,1.116,1.1405,1.0385,1.2845,1.247,2.7345,2.684,2.619,2.7415,2.7285,2.3205,1.196,1.493,2.214,1.6595,1.3575,1.0725,1.865,2.0255,1.953,0.877,0.9305,1.4345,1.297,1.512,1.688,0.9225,0.9795,1.488,0.762,0.544,0.728,1.956,2.432,2.642,2.536,3.487,1.6215,1.586,1.4635,1.137,0.947,1.199,0.2755,0.9085,1.763,1.8935,0.888,-0.1865,0.335,0.576,1.3885,1.4105,1.6435,1.6885,1.83,1.9575,1.8895,0.897,1.1245,1.9305,1.0145,-0.309,-0.369,-0.339,0.029502,0.6325,-0.028997,0.409,0.215,-0.307,-0.713,-0.414,0.8555,0.7925,-0.278,-0.539,-0.834,-1.383,0.1615,0.5165,0.811,0.426,0.4905,0.126,-0.8405,-1.595,-0.77,0.563,1.04,0.7595,0.4825,0.8405,0.1365,0.044501,-0.494,0.5585,-0.2245,-0.079,-0.732,-1.1785,-0.953,-0.5735,-0.929,-0.881,-0.963,0.4995,1.0295,1.0055
0.1505,0.627,0.2245,-0.0024986,-0.1005,1.8625,4.159,3.535,2.2145,1.3565,0.423,0.377,0.8935,0.6065,0.2225,0.488,0.4295,0.446,0.5295,0.585,0.083003,1.1285,1.2215,0.737,0.3805,0.4015,0.775,0.432,0.047003,1.1205,2.0295,0.9855,-0.5045,-0.827,-0.6335,-0.4915,-0.059499,1.122,1.8795,2.0975,1.4115,2.124,2.8805,2.361,1.766,1.8395,1.333,1.5175,1.1925,1.673,1.615,1.104,-0.044498,-0.201,0.2925,0.35,0.1045,0.1235,0.266,0.472,0.3295,0.471,0.1565,-0.538,-0.7585,-0.85,-0.061495,0.4965,-0.049496,-0.375,-0.424,1.216,2.0065,0.8905,0.6425,0.98,0.6515,0.018002,0.189,0.285,0.055503,-0.539,-0.7365,-0.851,0.096501,1.7265,1.9185,1.0715,0.31,0.276,1.3415,1.4505,0.869,0.352,-0.069498,0.8255,0.314,0.705,0.3725,0.123,0.098503,-0.458,-1.0005,-1.351,-1.835,-1.407,-0.9215,-1.3965,-1.3895,-1.182,-1.7005,-1.5615,-0.7965,-0.712,0.378,0.201,-0.168,-0.399,0.3515,1.594,1.177,0.4505
-0.483,0.0020004,0.0020004,0.726,1.2345,0.55,0.5225,2.1285,2.4145,2.7965,3.0215,2.488,2.272,2.3005,3.276,3.2665,2.961,2.3485,1.4105,1.2295,1.27,1.2075,1.3475,0.492,-0.137,-0.3605,0.51,0.315,0.371,1.176,1.5825,1.333,1.702,1.9155,1.1605,1.134,1.023,1.6255,2.3705,2.6845,3.1265,2.898,1.926,0.554,0.755,1.589,1.4535,0.504,0.207,0.751,1.344,1.542,1.329,1.701,0.687,-0.305,0.6485,0.3565,0.688,0.7405,0.4375,-0.020498,-0.162,-0.146,0.6815,0.343,0.2345,0.582,0.8995,-0.167,0.0645,1.5775,2.1195,1.0445,1.0255,1.814,1.403,1.395,1.231,0.6095,0.4865,-0.039999,-0.625,0.1775,0.088503,-0.819,-1.071,-1.3715,-0.9805,-0.576,-1.121,-1.2385,-0.438,-0.1515,-0.314,-0.0455,0.2185,-0.2135,0.318,0.212,0.088502,-0.1075,-0.403,-0.1375,0.151,-0.3285,-0.798,-0.776,-0.2915,0.061502,0.219,-0.191,-0.3125,0.5515,0.656,1.0595,0.516,-0.2935,-1.044,-1.0745,-1.447,-1.0825
0.6595,1.236,0.576,0.318,0.451,0.5865,0.7325,0.7115,0.45,0.187,0.5255,1.6975,1.742,1.2375,2.4925,2.9415,1.921,0.6745,1.2595,1.573,1.803,2.141,1.936,1.0395,1.3475,2.487,2.5685,2.5915,2.3395,1.3385,1.5855,1.234,1.6645,1.9195,1.2865,0.7405,0.3725,0.538,0.9595,0.7495,0.2785,0.058003,-0.5335,0.011502,-0.306,-0.6455,0.006002,-0.152,0.782,0.8075,1.58,1.8845,1.4375,1.0025,0.6135,0.191,0.603,0.059003,-0.364,-0.018498,0.1245,-0.077498,0.392,0.3355,1.13,0.9315,2.1485,1.9145,1.877,1.5225,1.691,1.988,2.687,2.1615,1.8325,0.818,0.5065,0.829,0.834,1.1025,0.781,0.516,-0.326,-1.5645,0.8345,3.0575,1.9625,0.1315,-1.095,-1.334,-0.646,-0.767,-0.078497,0.7385,0.813,1.307,1.035,-0.057499,-0.3325,-0.8075,-1.042,-1.4765,-0.672,0.11,0.183,-1.134,-0.923,-0.5695,-0.3395,-0.6505,-1.441,-1.6955,-1.413,-0.6775,-0.749,-0.283,-0.5535,-1.3985,-0.805,-0.5435,-0.8765,-0.5765
-1.6035,-1.0865,-0.845,0.4975,0.922,1.5985,1.902,2.518,2.629,1.6485,2.393,2.1645,1.951,3.2345,3.008,3.129,3.035,3.3265,2.7365,2.659,2.4165,1.854,1.244,1.201,1.416,1.778,2.2355,2.2655,2.1475,1.6755,1.8385,2.2565,2.7615,2.1315,1.7065,1.952,1.893,0.702,1.0615,1.2145,1.532,2.1365,2.3145,1.348,1.4545,2.236,1.627,0.2615,-0.2805,0.447,0.5385,0.096003,0.4795,1.5,2.0525,1.4415,2.27,4.0575,1.762,0.729,0.5595,0.695,1.3535,0.504,-0.038998,-0.4115,-0.126,0.171,0.6365,0.29,0.7225,1.2195,0.9125,0.229,0.292,-0.1365,-0.247,-0.8025,-0.436,0.252,0.2905,-0.885,-1.916,-0.411,1.654,1.569,0.806,1.078,1.2645,1.3135,1.642,1.1195,0.333,0.1345,0.844,0.6035,0.2675,0.054002,-0.229,-0.3565,-0.862,-0.166,-0.198,-0.6345,-0.536,0.1435,0.801,0.4705,0.1545,-0.11,-0.9105,-0.548,0.16,-0.289,-0.421,-0.832,-1.047,-0.61,0.8815,1.472,1.8045,0.598
0.144,0.4185,0.348,-0.1895,0.2425,0.95,1.7545,3.2615,3.41,3.045,3.102,2.099,2.294,3.2665,4.6415,4.31,4.0115,3.048,2.2005,1.922,1.8395,1.2565,0.8645,1,0.7365,0.8585,0.409,0.251,0.3485,0.806,0.484,0.965,0.6415,0.3235,1.54,1.306,0.8175,0.9735,1.031,0.9395,0.2785,-0.039998,-0.012499,-0.466,0.2175,0.9275,2.065,2.2625,1.945,1.433,0.8195,0.171,-0.3765,-0.9405,0.3635,0.1,0.087502,0.303,0.6205,0.9745,1.1805,0.9515,0.669,0.3055,0.755,1.902,2.595,1.9185,1.1605,1.1455,1.4855,2.0655,1.2545,1.391,1.7135,1.3075,1.0065,1.084,0.971,0.5295,-0.166,-0.122,0.1385,0.6785,0.752,0.5815,0.278,-0.1945,-0.834,-0.663,-0.672,-0.848,-1.292,-0.987,-1.388,-1.073,-1.3665,-0.7845,0.7475,1.2165,0.8235,0.4715,-0.125,-0.1955,-0.45,-0.469,-0.4055,-0.649,-0.9665,-0.9255,-0.7855,-0.358,-0.056998,0.2965,0.363,0.4225,1.2115,0.7625,-0.1835,0.925,1.3885,1.5305
-0.885,-0.2945,-1.5675,-1.005,0.982,1.3795,0.7635,0.1595,-0.175,0.142,-0.223,-0.32,-0.544,-0.18,0.7215,1.302,1.311,2.2905,3.4895,3.6315,2.6265,2.1235,2.1665,2.462,2.695,2.5885,2.96,3.234,3.864,4.0725,3.504,3.278,2.3865,2.487,2.658,1.681,0.5815,0.1805,0.5165,1.018,0.7,0.1945,0.1475,-0.332,0.1785,0.668,0.8685,0.7225,0.211,0.032505,0.3245,0.334,0.735,0.229,0.2235,0.6985,1.974,2.4085,2.074,0.948,1.147,2.396,2.4835,2.537,2.0915,1.702,1.78,2.181,1.561,0.811,-0.067497,0.2555,0.396,0.2465,0.5895,0.8875,1.053,0.5555,0.387,0.689,1.1985,0.3765,0.5625,0.4745,0.1045,0.024503,-0.41,-0.692,-0.355,-0.4455,-0.846,-1.225,-1.752,-2.1315,-0.894,-0.3165,0.64,0.4965,-0.6535,-0.4395,-0.0024971,0.83,1.3835,1.453,2.239,3.1855,3.1025,2.8855,1.636,0.404,-0.602,-0.2595,1.2095,2.26,2.9675,1.3245,-0.017496,-0.616,-1.37,-1.5905,-1.1255,-0.7945
3.252,2.874,1.984,1.6295,0.7865,0.447,0.3665,-0.2135,0.1835,1.0155,1.2185,1.016,0.2075,-0.074998,-0.052996,0.6525,-0.2355,-0.6075,-0.7765,-0.4225,0.6135,1.7605,1.4155,1.962,2.6085,3.2995,2.312,1.8975,1.731,1.9595,2.241,2.0375,1.049,1.748,3.2985,2.849,1.3375,1.3305,2.0195,1.6865,1.589,1.475,1.28,1.0245,0.648,0.3835,1.0925,1.9135,1.8785,1.5705,1.9875,3.009,2.5615,1.3765,0.8205,0.8445,0.996,2.5565,2.4465,2.711,2.085,1.431,1.002,-0.284,0.019002,2.015,2.738,3.4225,2.753,1.972,1.958,2.1205,1.6585,1.8135,1.718,1.779,1.3885,0.906,1.8075,2.187,1.025,0.8135,0.4845,0.314,0.345,-0.12,0.078001,0.3535,0.012502,-0.966,-1.0345,0.662,0.998,-0.5015,-1.488,-1.734,-0.289,0.931,0.96451,0.331,-0.027498,0.12,0.6845,0.3685,-0.463,-0.2125,0.974,1.624,1.021,0.855,1.4405,1.8995,1.979,1.3095,1.4445,0.994,1.009,-0.352,-1.1435,-1.5925,-1.97,-1.4
2.2645,2.2785,2.6065,1.337,0.3975,0.16,-0.097498,0.7625,1.044,1.159,1.1005,0.579,1.3875,2.6415,3.4565,3.067,3.189,2.4705,1.5285,0.4565,-0.253,0.3175,2.811,4.115,1.899,0.2845,0.3155,0.835,1.942,2.545,3.643,4.3995,3.208,1.965,1.6905,1.2415,1.427,3.232,3.2765,2.2525,1.864,1.7145,1.969,1.971,2.0155,1.141,1.1015,1.0975,1.433,1.352,1.6715,2.068,1.5785,2.222,2.1755,1.3085,1.4395,1.35,1.32,0.754,1.0225,0.891,1.5945,2.199,2.3335,2.2765,1.3565,1.7165,3.4015,2.7215,1.285,1.0405,0.946,1.3115,1.3445,1.11,0.855,0.68,0.081502,0.3865,0.124,1.118,1.3945,0.599,0.014503,0.065003,0.199,0.5725,0.644,0.8605,1.391,1.109,1.1565,1.655,2.175,1.5505,1.3305,2.128,1.729,1.2255,0.046004,-0.407,0.3995,0.399,0.085003,-0.633,-0.693,-1.031,-1.293,-0.666,-0.356,0.0055031,0.4885,0.954,1.1385,2.242,2.3855,2.341,1.6155,0.905,0.075002,-1.337
0.6115,1.323,1.8375,2.9115,2.33,2.5935,2.5235,3.0005,3.51,2.493,1.9635,2.0895,2.3015,2.9245,2.375,2.3075,2.3975,2.275,1.888,1.445,0.911,0.5255,0.9955,0.687,1.1885,1.7225,1.8955,2.766,3.421,2.5575,1.9555,1.418,1.795,2.4625,2.359,1.9395,1.252,0.161,0.295,1.3905,2.5675,2.4175,1.905,1.3395,1.177,1.09,0.8125,0.2425,0.754,1.0665,0.5955,0.945,1.394,0.6675,1.056,0.9955,0.7405,0.9005,2.072,2.3395,1.148,1.0785,0.3905,-0.027,-0.367,0.838,-0.074997,0.331,0.9115,0.489,0.9895,2.9405,3.2735,2.1185,1.4075,1.153,1.0035,0.447,-0.2315,0.4305,-0.096999,-0.137,-0.032998,-0.4405,-0.619,-0.2145,-0.232,0.109,0.078503,0.063503,-0.413,-0.5575,-0.4685,-0.3925,0.7135,0.757,1.1645,0.5415,-0.00099792,-0.3175,-0.144,-0.5995,-0.324,0.9565,2.5935,2.0635,1.929,1.2625,0.7565,1.248,2.444,2.0905,0.57,0.1495,-0.725,-0.9655,-0.9905,-1.1225,-0.3405,-0.2405,-0.3245,-0.407
1.64,0.7455,0.5315,0.454,1.437,1.3885,0.9125,-0.145,-0.087998,0.361,1.0945,1.043,1.266,1.0135,1.7325,1.0065,-0.030498,0.753,1.1055,1.753,2.147,2.1285,2.0835,1.9805,1.452,1.3475,1.188,1.056,1.8535,2.5635,2.347,1.9835,2.25,1.4955,1.7495,2.911,2.7745,2.4315,2.7295,3.009,3.4775,1.469,1.608,2.1795,2.493,2.8495,3.664,2.9615,1.4155,0.583,1.2005,2.2945,3.074,2.6325,2.145,1.7675,2.445,2.742,2.0525,1.7285,1.1895,0.718,1.0715,1.2155,1.3775,1.551,1.361,1.2155,1.2495,1.3815,0.852,0.357,0.016002,-0.273,-0.5855,-0.6335,0.334,-0.742,-0.708,0.2485,1.1535,0.872,1.1285,0.713,0.254,0.3915,0.338,0.328,0.9205,1.9695,2.1385,0.3865,-0.6055,-0.393,0.7415,0.6255,0.108,-0.35,-0.94,0.5545,1.514,1.7255,0.71,-0.3755,-0.7465,-1.0045,-0.757,-1.236,-1.6285,-1.466,-1.047,-0.755,-1.1885,0.4605,0.732,-0.13,-1.1905,-1.248,-1.804,-2.07,-1.798,-1.702
1.2045,0.070502,-1.34,-0.824,-0.944,0.9465,1.1015,-0.4545,-0.4865,1.3595,1.211,1.4635,3.045,2.993,3.6575,4.386,2.906,2.5095,2.726,3.1965,2.3715,1.3945,0.9165,1.3435,1.5425,2.164,2.555,2.842,2.149,2.131,1.8305,1.659,1.8195,2.668,2.7025,1.4785,1.411,1.556,0.5715,0.439,0.1195,1.9,1.5525,-0.1785,0.243,0.433,2.0925,1.851,1.5985,1.7715,1.313,1.9975,1.794,1.2015,1.4635,3.0895,2.9075,1.761,0.863,1.246,2.0765,2.0375,2.343,2.9895,1.8285,0.589,-0.1985,2.159,2.4455,0.77,-0.044498,-0.295,-0.2775,-0.273,0.5575,1.123,0.5385,0.924,0.5715,-0.821,-0.9875,-0.411,-0.7175,-1.596,-1.047,-0.8235,-0.145,1.065,1.872,0.975,1.442,2.626,1.6325,0.45,0.119,0.875,1.4895,1.1415,0.7555,1.2395,2.2635,2.183,1.0985,0.6635,0.236,0.327,0.2375,-0.086498,-0.417,-0.5095,0.418,1.1215,0.9935,0.128,-0.1745,0.553,-0.266,-0.7935,-0.81,-0.091998,-0.1845,-1.53
1.704,2.3145,2.3235,2.876,2.807,3.2255,3.6785,3.641,3.9775,3.7175,2.4335,2.5225,2.2855,2.0225,1.0975,1.8315,2.9145,1.566,1.677,1.3555,1.1815,1.639,1.0365,1.278,1.5295,1.9105,1.0655,2.034,1.8675,1.5815,1.7015,1.5285,1.961,1.588,0.6335,0.9235,2.063,1.979,1.708,1.2875,0.5,-0.529,-0.075999,1.075,2.3795,2.6895,2.8875,2.7555,1.496,1.107,1.293,1.4905,1.2835,1.367,0.563,1.2365,0.9705,0.5745,0.3455,0.1955,0.6515,0.9815,1.675,2.308,2.209,1.4825,1.0215,0.895,2.0945,2.7465,2.3005,2.1215,1.732,1.4115,2.3285,2.0065,1.4945,0.3635,1.0335,0.583,0.135,0.9105,0.8705,0.2755,1.1025,0.5575,0.5015,0.5985,1.522,1.195,2.1745,2.065,1.874,2.859,3.193,3.229,3.051,2.8075,1.858,2.389,1.8945,1.218,1.4185,1.432,1.1235,0.939,0.839,0.696,1.4655,1.176,0.693,0.243,-0.4935,-0.362,-0.6815,0.4785,-0.0099976,-0.504,-0.7955,-0.475,-0.968,-1.4705
0.7495,0.3275,1.059,1.9525,2.061,2.676,1.387,1.2085,0.5805,0.9265,1.971,2.4995,2.949,2.0125,2.034,1.012,2.5305,2.3435,1.763,1.654,1.215,1.314,1.6285,2.439,2.645,2.343,2.3655,1.458,1.1625,1.436,2.04,1.747,2.2975,2.72,2.0865,1.7525,1.545,1.6765,1.484,2.477,2.0555,1.4495,1.039,0.89851,1.3165,0.9925,1.1885,2.2525,1.959,1.9425,1.221,0.8295,2.127,2.0535,1.7235,1.093,0.9985,1.684,1.531,2.287,2.3375,1.8415,1.0035,2.06,2.373,1.26,1.2005,2.481,1.269,1.8585,1.514,2.648,2.809,2.8175,2.3025,1.538,0.883,0.487,-0.236,0.648,1.56,1.4465,2.7135,1.7205,0.561,0.546,-0.028499,1.8215,1.3255,1.507,1.6655,2.33,2.3285,1.5055,0.801,1.8875,2.7175,4.3935,3.9425,3.17,1.7205,1.634,2.0265,1.963,1.74,1.9745,1.241,0.916,1.1955,0.606,-0.4525,-0.182,0.2525,0.007003,-0.095498,-0.4515,-1.1195,-1.6205,-1.729,-2.1485,-1.7485,-1.7575
1.0545,1.9505,1.9285,1.475,1.074,1.1435,1.599,3.024,3.154,3.025,2.733,2.228,1.1515,1.7685,3.3755,4.738,3.2675,2.4125,1.78,1.307,1.56,1.614,1.2295,1.726,2.2785,2.564,3.083,3.391,2.9955,2.9795,2.164,2.1775,1.3345,2.6,1.8855,1.2365,1.3185,1.1215,1.5405,0.8035,0.3405,1.777,1.6075,1.0585,0.833,0.6485,1.385,1.1005,1.7065,2.186,1.3805,0.9095,2.057,3.2235,3.0245,3.3035,3.4415,2.918,1.46,1.7425,1.6125,2.843,3.1,2.4375,0.064501,-0.089497,-0.367,0.1155,0.1745,0.3815,1.136,0.571,0.443,0.8955,1.02,0.021002,0.4215,0.9805,1.143,0.694,0.396,-0.1915,-0.032998,0.459,1.0125,0.825,0.5625,0.7915,0.267,0.3655,-0.103,-0.2395,-0.416,-0.376,0.575,0.979,0.627,0.259,-0.0845,-1.6045,-1.8365,-1.2685,-0.726,-0.3215,-0.078998,0.4075,1.3335,0.776,-0.506,0.101,-0.8135,-0.3895,0.642,1.7755,2.5,2.571,2.5205,2.7375,2.142,1.053,1.111,0.2605
-0.095496,-0.607,0.768,0.7825,0.8785,1.047,0.732,1.8225,3.147,3.444,2.868,1.6805,0.7975,2.212,2.1405,2.7855,2.865,3.27,2.746,2.5745,2.817,1.81,1.1375,0.214,0.5575,0.299,0.5755,1.23,0.758,0.6785,0.8085,0.3165,0.6705,0.532,0.485,0.461,0.452,1.368,1.7305,1.53,2.1745,1.894,2.4045,1.4375,2.235,3.613,3.7635,3.589,2.4775,1.1205,1.0805,1.7735,3.473,3.369,2.1815,1.1285,0.7615,0.902,2.0825,2.609,2.5945,2.9965,2.6115,1.9275,1.335,2.0295,2.981,2.934,2.477,1.9795,1.3865,1.3375,1.136,0.5275,0.9475,1.549,1.0215,-0.050996,-0.557,-0.4515,0.2585,0.157,-0.105,0.673,0.9295,1.119,0.027502,0.034502,-0.516,-0.623,0.3565,0.753,2.4025,3.9105,3.948,3.6225,2.156,-0.736,-0.00099564,1.774,1.2885,0.5525,0.508,0.531,0.2735,-0.134,-0.799,-1.0605,-1.4885,-1.354,-2.018,-1.252,-1.6405,-1.1435,-1.357,-1.6725,-1.571,-0.6065,-0.095998,0.934,0.622,0.327
