-1.3833,-0.646,-0.84466,0.51534,1.8313,1.9567,1.7927,1.016,2.3227,1.7087,2.5987,2.4333,2.0407,3.3707,3.192,3.614,4.404,3.4473,4.93,5.2827,4.4073,3.8073,4.168,4.1287,2.4107,3.9727,4.1587,3.1193,3.0833,3.6767,3.374,3.618,4.5327,4.2727,2.872,1.7987,3.2827,2.5807,2.81,2.2953,4.074,3.86,4.0827,4.4333,4.0993,2.982,3.278,4.4047,4.3187,4.6333,4.5093,3.0673,2.748,3.4267,3.866,4.5267,5.5747,4.3193,3.0513,2.7073,1.0873,0.25,0.366,-0.32333,0.00066732,-0.49,2.0887,1.65,2.9407,2.858,2.8273,3.06,3.9907,4.168,3.64,2.522,2.742,2.6847,2.94,3.6173,4.1913,2.99,2.6233,2.2987,1.7847,1.336,1.0027,0.49934,0.85534,2.1753,1.9147,0.59134,2.16,1.7627,1.4047,1.284,1.912,1.2273,1.2893,1.054,0.84267,0.38067,0.77,0.022004,-1.182,-1.348,-1.4487,-2.2047,-1.312,-0.32267,0.51,-0.768,-2.4553,-2.5453,-0.182,2.6053,3.062,3.1153,2.0253,1.7567,0.92467,0.75134
3.8127,3.9147,3.3293,4.1793,4.2153,2.9893,3.1773,3.1207,2.1787,3.054,3.406,3.3333,1.3947,1.0973,1.6307,1.738,1.3613,2.396,1.1873,0.814,1.2993,2.484,3.4827,4.5393,4.9987,4.7993,3.9807,3.082,1.77,1.932,3.7127,4.6573,4.578,3.904,4.176,4.196,4.224,4.9867,4.516,4.2453,5.2807,5.936,6.948,5.3993,5.3667,6.0113,4.3853,4.4433,2.66,3.0733,2.3847,2.674,3.46,4.954,5.6353,5.2107,4.884,3.5953,3.2367,3.086,3.1807,3.4167,2.9967,4.292,4.3213,4.76,5.6753,3.5827,4.1953,4.3213,3.058,1.68,1.6047,2.6067,3.8313,4.6607,3.7033,4.0453,4.7433,4.7807,3.42,3.0733,3.2433,2.4453,2.9593,3.4753,1.4827,-0.65533,0.174,0.21133,-0.14933,-0.051997,0.20533,1.07,2.1953,1.7213,1.1027,2.1333,1.926,1.0747,1.292,0.99467,0.73534,-0.097332,0.92467,2.6907,3.6833,3.718,3.26,3.1187,1.604,0.032002,0.836,0.99734,1.384,1.09,1.542,0.0033335,-0.064664,0.614,1.0327,1.3847
1.104,1.182,1.3367,1.136,0.806,2.1513,2.7087,3.6573,2.7133,-0.16133,-0.34133,2.1467,1.7927,1.658,2.6527,3.1567,3.7307,3.4827,3.5213,3.6613,3.6313,3.8353,4.354,3.9267,2.5933,3.136,3.648,3.1613,3.932,4.2407,4.012,3.926,3.172,3.54,5.62,5.1713,4.8713,4.5033,3.52,3.7087,3.6547,4.7687,4.7073,6.9913,6.932,5.8387,6.2447,5.8773,5.858,5.4373,4.868,5.2687,5.828,6.5887,5.4067,4.6033,5.7287,6.0187,6.482,6.534,4.6813,5.548,6.512,5.6773,4.7507,5.478,5.4313,5.2673,5.0147,5.5873,5.6087,4.6233,4.1027,3.91,3.7533,3.55,3.4567,4.074,3.7333,2.8187,0.71,0.27867,1.3547,0.162,-1.3,-0.85333,-0.56266,-0.188,-0.23133,0.99867,2.3507,3.1653,3.5333,3.2153,3.0567,2.9287,2.958,3.3107,3.2707,2.6313,1.4507,1.0527,2.1073,1.9313,1.406,1.8247,1.0627,0.75267,1.3753,1.3953,0.93667,0.47934,-0.80533,-1.1853,-0.9,-2.168,-3.4213,-3.568,-3.1347,-2.0253,-1.7087,-1.9033
2.204,1.67,1.044,0.44334,1.3853,2.6667,3.6067,4.8407,6.34,6.3813,6.6253,5.8107,6.572,6.7507,6.006,4.2593,3.3973,2.7147,3.6033,3.5307,3.2713,2.3533,3.084,3.8827,4.8447,3.6313,3.248,2.668,1.8773,4.146,4.992,4.7753,3.3967,3.172,2.31,3.27,2.8347,2.98,3.9947,3.6827,0.65333,1.3567,3.4173,3.076,1.2367,1.29,2.3527,3.0493,3.3627,4.7267,4.444,5.742,5.7887,6.1447,5.5853,5.478,3.8213,2.578,1.278,1.7507,3.39,4.452,2.7233,0.8,2.4653,3.3913,2.968,2.678,3.5613,4.116,4.292,2.7313,2.304,2.56,1.858,1.0387,3.5667,4.812,3.6173,2.7333,1.912,1.9593,2.3707,3.0607,2.016,0.98467,0.708,-0.38733,0.20134,0.088668,1.232,1.1947,0.416,0.84,0.32333,-0.43,-0.992,0.344,0.43734,0.634,1.234,2.3047,1.2907,1.5907,0.43733,-0.66533,0.14067,-0.95133,-1.5187,-1.4433,-2.6607,-3.7393,-2.9493,-2.618,-2.742,-2.7733,-2.4233,-2.104,-1.4887,-0.422,-1.0873,-2.094
1.7367,0.73467,1.5547,1.782,3.3413,3.9793,1.6493,0.62467,1.0507,2.396,3.278,3.8893,4.5867,4.3353,5.0367,5.348,4.7853,4.16,3.3073,5.026,5.156,5.4473,5.2107,4.4773,3.616,4.3647,4.506,3.924,3.7273,5.1533,4.232,2.8613,2.14,1.8267,1.968,1.442,1.584,2.7173,2.046,2.4973,1.902,1.422,2.0833,2.1187,2.2087,1.8613,2.9267,3.014,4.8487,3.864,4.702,6.256,6.07,4.818,4.974,5.1713,5.2147,4.9187,3.726,3.672,4.8427,4.8967,3.8067,3.008,3.952,3.9867,3.464,3.1287,2.76,3.3707,2.0553,1.6133,2.7207,4.6013,3.128,1.8893,3.0753,2.5407,2.8467,1.466,1.9373,3.128,2.2033,2.8407,1.618,2.6587,3.31,3.1947,1.6087,1.0293,0.552,0.91867,0.46334,-0.31466,-0.53333,0.018001,-0.272,-0.23933,-1.2513,-2.1987,-2.284,-1.3567,0.048002,-0.25733,0.11134,0.142,-0.70467,-0.90733,-0.28133,-0.10133,-0.0073313,0.098669,-0.426,0.012667,0.10533,-0.29,-0.328,-2.506,-3.936,-2.7287,-1.934,-1.26
-1.9853,-2.0907,-2.554,-3.078,-2.064,-0.55467,-0.33,0.278,1.9787,1.42,3.6867,4.812,4.9467,4.88,2.6373,0.438,1.584,2.9187,4.1453,4.5093,6.1107,8.256,9.0913,7.058,4.7147,5.4107,5.842,6.5147,7.0493,6.6893,6.8193,6.6427,5.466,6.6273,6.5887,5.888,6.1133,5.738,4.6387,6.1793,5.44,5.006,4.1693,4.31,4.2053,5.2173,4.9133,4.4307,3.5073,4.5653,4.9133,4.2193,3.5167,1.884,-0.396,-0.090665,2.3827,4.26,3.4113,3.8887,6.0427,5.7047,2.6947,2.002,3.3513,3.9227,4.172,4.3827,4.2033,5.04,5.3587,4.328,3.5613,3.83,4.7067,4.01,3.8633,3.7427,4.3847,4.9947,5.6687,3.8253,3.7653,4.8713,5.0673,3.574,2.1793,2.8687,3.6827,2.4033,-0.314,0.968,1.7287,1.216,1.8147,1.8267,1.44,0.75534,0.302,0.27067,0.50867,0.652,-0.87133,-2.232,-1.886,-2.1973,-1.2233,-0.506,-0.26333,-1.3113,-1.44,-1.7287,-1.796,-1.446,-0.666,-0.662,0.062001,-0.23,-0.71666,-0.16266,-0.99066,-1.7607
0.632,1.0707,2.0107,3.726,3.1067,2.5453,3.7593,5.2913,6.5187,5.658,3.8667,4.27,5.2473,4.776,4.6533,4.944,3.63,3.2233,2,0.57267,2.116,2.294,1.99,2.8627,3.014,1.6967,3.8753,4.866,5.7247,3.692,1.8153,2.738,3.824,4.6947,5.218,6.2007,6.872,7.2147,5.6927,5.31,4.854,4.428,2.5273,2.994,4.1553,2.988,3.268,2.806,3.0247,3.366,3.4853,0.98867,1.4107,0.49533,0.186,1.9153,3.07,3.4207,3.864,3.0473,3.2253,3.0593,4.3847,5.3953,4.8693,3.5467,4.19,3.6927,2.9627,3.394,3.484,4.3927,5.094,4.6107,4.1933,4.1733,3.7947,2.414,1.012,1.8387,1.93,1.0807,-0.069333,1.8667,2.1373,0.58533,0.90267,1.1907,-0.43666,-1.276,-1.0447,1.416,1.5113,1.458,1.29,1.3567,2.7053,4.322,5.3033,4.6353,4.746,3.4447,2.6047,1.184,1.4893,1.6453,2.296,2.5253,1.8873,1.3633,0.93734,1.1533,1.4387,2.16,1.358,0.70734,-0.11266,-0.94733,-2.1813,-1.832,1.0767,1.3193
0.056002,1.026,3.0887,4.674,4.7633,2.936,1.062,1.556,1.4767,2.7213,2.258,3.46,3.266,2.5707,1.4907,2.7727,4.468,4.026,3.5333,3.4473,3.0847,3.474,3.7233,3.2507,3.7093,4.106,5.272,5.19,6.1433,5.3567,4.444,3.6853,3.5253,3.4533,4.8953,4.382,5.3,3.2947,2.4007,3.0133,4.1887,4.4733,4.0507,3.7893,3.6233,3.898,3.57,3.8487,4.1913,4.4573,3.8673,3.5113,3.922,3.27,1.4107,0.942,0.79134,0.74934,-0.15466,1.2253,2.9253,3.8667,3.3633,3.6887,3.2453,2.8,0.72867,2.0993,2.4153,2.5433,1.6547,1.8153,2.1533,2.8713,2.1927,0.81467,1.6293,2.1033,1.2867,1.3247,1.4667,2.3907,2.8967,1.5047,2.7393,0.99134,0.97,1.7867,3.3687,3.6773,4.374,5.72,5.4227,5.38,4.7513,4.686,4.506,4.074,4.364,3.4433,3.59,0.71933,0.558,-1.5833,-2.4453,-3.2087,-3.3153,-2.99,-2.6187,-1.938,-0.11466,0.38333,-0.17533,0.418,0.54933,1.756,1.1747,-0.392,-0.40667,-0.062,0.47734,2.4533
5.06,4.6173,3.5933,4.4713,4.618,4.076,2.9173,2.84,3.746,3.2207,2.6213,2.1553,0.4,-0.39133,0.424,1.7373,2.24,1.708,2.8567,3.2487,1.6353,1.576,1.728,2.3687,4.4493,8.1707,7.4827,5.6687,5.9893,5.0747,4.5493,5.7093,4.0307,4.1153,5.5193,5.23,3.1673,3.9193,4.4467,3.896,4.1987,4.366,4.6193,3.996,2.538,1.7887,1.1873,1.0733,0.82267,3.0747,3.894,4.1353,3.084,3.3253,1.8827,0.734,1.3387,1.8127,0.87134,2.116,2.9047,3.8153,3.3967,3.278,4.1153,3.67,4.2353,3.7027,4.4073,3.32,2.8727,2.7293,3.1753,3.7587,4.0313,4.6613,3.2007,3.6373,3.8267,3.452,2.406,2.5527,2.3147,1.5313,-0.27,1.3347,1.7693,1.946,1.0093,-1.8753,-3.0513,-1.2953,-1.358,-0.436,0.48934,1.5633,1.4813,0.77534,1.842,2.5033,2.222,1.7973,1.434,1.336,0.88734,-0.28133,-1.1347,-2.566,-1.568,-1.202,-2.1047,-2.9053,-2.87,-1.3773,-0.13133,0.11667,-0.582,-0.62067,-0.604,0.65534,-0.51266,-0.78
3.1853,2.916,2.864,2.912,3.6367,2.182,0.726,1.5487,0.362,0.93667,0.81067,1.0727,1.1907,1.504,0.043337,0.35467,1.0327,0.76667,0.35134,1.1873,1.142,0.42,1.5513,4.2473,5.6993,5.2047,4.97,5.2353,4.1993,2.9553,1.4367,1.4507,1.77,2.538,2.0273,3.334,4.444,4.1293,4.082,4.9713,5.0693,4.0107,2.5307,3.4713,3.092,1.7287,1.6207,2.624,3.756,3.8907,3.478,3.1787,2.928,1.796,2.3547,2.9833,2.0467,2.454,1.8513,1.0627,1.1433,0.82533,0.099333,0.184,0.42133,0.062668,0.84734,1.6547,1.0873,-0.32666,0.302,1.0073,2.0133,2.2387,0.70067,0.81267,0.90334,-0.047332,0.864,2.2947,1.366,2.0927,2.6473,3.1773,2.3987,0.75067,0.66333,0.378,0.71267,1.2407,0.76467,1.434,2.068,0.014002,-0.23133,-1.13,-2.2867,-1.7713,-1.724,-2.2973,-2.6633,-2.4953,-2.134,-1.6787,-1.2187,-1.0613,-2.3067,-2.8327,-2.8907,-3.4947,-2.7593,-1.9013,-0.546,-0.718,-1.232,-1.3587,-1.3533,-0.324,-0.93133,-1.232,-3.184,-3.8647
-0.93666,-0.92933,-0.74066,0.16067,1.1747,1.0753,0.124,-0.13467,-0.234,-0.057331,-0.322,-0.094,1.07,1.5033,2.83,3.99,3.7147,3.9327,3.9813,3.9627,4.214,3.7493,3.1207,2.622,3.1427,2.4327,2.9933,4.148,4.1013,4.7473,6.4713,7.0173,3.8013,1.8833,2.6787,2.0027,2.5587,3.9327,4.7987,5.2847,5.3693,5.2153,4.514,2.5147,3.1773,4.7787,3.9413,3.7687,3.6807,4.0013,3.932,2.134,1.4133,2.3413,2.3253,1.9627,1.4987,1.982,0.502,0.84533,2.2267,3.1207,2.6247,1.6807,1.2773,0.32533,0.358,0.61,1.4033,0.57467,1.022,2.3467,0.698,-0.18267,1.3787,2.414,2.1367,1.5367,1.9053,1.948,2.244,1.18,1.4747,1.024,1.7793,0.812,1.3587,1.4247,1.7793,1.7647,0.74067,1.136,1.6447,1.4513,0.29267,-1.018,-1.3467,-0.24467,1.042,0.35667,0.916,2.0927,2.2413,1.7487,2.25,2.464,0.896,0.286,-1.026,-2.07,-2.1833,-2.328,-2.6347,-3.588,-2.5827,-1.758,-0.69667,0.742,-0.12867,-0.94667,-2.8647,-3.1907
1.2013,0.28333,-0.044,0.834,1.8673,1.9133,1.44,0.90333,0.81467,1.0747,1.4547,0.29067,0.50867,0.13,0.30067,-0.14,-1.0593,-1.5773,-1.064,0.49533,-1.1447,-0.53066,1.45,3.2553,4.102,6.8507,6.5187,5.746,5.8587,5.898,6.5667,7.2253,5.604,5.274,5.8847,6.4547,4.5587,3.9307,4.3653,4.8553,3.808,3.156,2.5893,3.1833,3.878,3.3967,4.0293,4.558,5.2567,5.7547,3.4907,3.8293,3.7147,4.5607,3.9473,3.5767,3.198,3.3813,3.2973,3.5013,2.6887,3.312,4.588,4.396,3.748,5.1547,4.334,3.6467,3.6193,4.3613,3.4153,0.79267,-0.010666,-0.011998,0.011336,0.10333,0.059334,0.44533,1.2173,2.098,2.9133,2.5527,2.4727,2.3307,2.2293,2.456,1.7767,1.7653,0.61134,-0.28133,1.3487,1.8187,2.042,1.6767,0.834,1.2607,2.668,3.2187,3.2407,2.934,3.1967,4.1013,3.4127,2.2813,1.3373,1.7993,2.3727,3.1633,0.236,-1.8827,-1.7407,-0.674,0.058669,-1.7613,-1.864,-1.8127,-1.9707,-3.1633,-2.546,-1.0073,-0.07733,-0.60067
0.78,0.63667,1.128,1.85,2.3033,0.53267,0.64267,1.2033,4.188,4.4113,2.4913,2.5233,3.6493,3.8967,2.716,2.6087,2.85,2.1067,1.0653,0.74534,1.8633,1.3947,1.7133,3.7173,3.6213,3.4507,4.59,6.042,6.402,6.4747,4.0053,4.646,6.0807,6.0453,4.4587,2.2953,2.774,3.026,1.7033,0.688,0.83934,0.82267,1.8307,0.336,0.21734,-0.728,-0.47867,-0.52333,-1.834,-2.26,0.024004,0.045336,-0.17,-1.042,1.11,2.05,2.796,2.944,2.0573,2.7267,3.7633,2.806,2.0653,1.336,1.0073,2.1867,2.4313,1.6227,2.156,2.7973,4.02,4.0573,2.0967,1.568,1.2087,1.3293,2.0727,1.9007,0.91,-0.14333,1.2727,1.5347,1.186,1.206,0.84867,0.034,0.918,0.93067,-0.99466,-0.88867,-0.22733,0.434,1.884,2.682,1.43,-0.35133,-0.456,-1.5687,-1.6873,-2.14,-0.77133,0.55133,0.22734,-0.232,-0.442,-1.178,-0.78466,-0.22733,-1.2593,-2.0787,-3.354,-2.8933,-1.098,-0.26333,-2.0173,-1.876,-2.028,-1.8987,-2.3113,-2.87,-3.2473,-3.986
4.5807,2.812,0.89667,1.0733,3.268,3.9907,3.6747,2.7227,1.0927,1.516,1.6993,3.1693,3.884,3.7853,2.5007,0.074667,0.47667,-0.256,-0.70866,-1.926,1.6133,5.854,6.96,4.9313,3.6787,3.7933,3.3667,2.7993,4.232,4.9813,6.1713,6.6933,4.88,5.612,6.4853,6.4367,6.3547,6.3127,6.71,8.2573,5.768,4.0053,4.3733,4.3667,3.6093,4.852,5.3053,3.5493,3.8667,3.5893,3.582,4.686,4.2473,3.132,1.4027,1.3713,3.062,1.916,1.216,2.3487,2.4813,1.0867,0.63267,1.704,1.9453,2.5287,4.452,4.436,4.198,3.2307,2.9933,2.9547,1.3767,0.358,1.7633,2.82,3.2147,2.1733,1.436,1.8167,2.652,2.6853,2.9887,0.80333,0.102,0.4,2.5527,3.246,1.2787,-0.382,1.1033,1.5233,1.8147,1.8747,2.1213,3.5693,3.6273,3.008,2.7467,2.214,3.694,4.4907,3.5333,3.962,4.2747,2.3927,2.846,4.1967,4.86,3.7007,2.376,0.69934,-0.17133,-0.042664,1.7053,1.6447,1.8153,2.8127,3.712,1.8707,1.7307,1.438
-1.188,-1.0733,-0.95666,0.336,1.7987,2.534,2.5027,1.5787,2.7607,2.9393,3.3887,3.6687,1.5653,-0.19733,-1.3133,-2.7487,-0.27667,2.8993,2.9093,2.448,2.18,1.7373,2.5527,1.734,0.642,0.34067,1.038,1.1327,2.2253,1.8567,1.5167,1.368,1.2707,1.6553,3.9493,4.382,4.3993,7.4727,7.998,4.3113,3.096,4.6,5.8693,4.8833,3.0673,1.954,3.7267,4.22,3.0847,2.9113,3.256,2.8167,1.89,1.2553,2.5467,2.738,2.6453,1.156,1.222,1.0427,0.96467,1.2513,1.9573,1.8293,3.042,2.52,2.43,1.7127,1.532,2.2347,2.8447,2.3987,2.7613,3.2793,2.5447,2.4173,1.1733,2.1053,2.4353,2.2667,2.894,1.9287,0.085335,-0.61133,-1.356,-2.0627,-1.2493,1.072,0.81134,0.26067,0.13534,-3.2707,-3.456,-3.3393,-2.194,-0.516,-0.122,0.72867,-0.772,-0.276,-0.54333,1.6227,2.3747,1.6973,1.4427,1.2233,0.338,-0.35333,0.33667,0.70267,1.5033,3.1533,2.1633,1.654,0.024,-1.9693,-1.9033,-2.4013,-3.2327,-4.1847,-3.314,-3.3713
-2.662,-1.1993,-0.09333,2.024,3.456,2.81,2.9133,3.3887,4.618,2.8773,2.5827,2.3533,0.916,0.19267,1.1913,1.7927,2.602,2.5613,1.022,-1.0547,0.81334,1.7487,2.1487,2.5547,1.2687,-1.4673,-0.62733,2.45,2.8747,3.7093,3.988,4.218,3.858,3.928,4.5793,5.4753,5.6567,4.484,4.2207,4.68,3.5353,4.138,3.0673,1.4133,0.81467,1.346,0.95467,0.49867,0.64133,0.17867,2.1773,0.912,-1.502,-1.256,-0.010665,1.208,1.9227,2.52,3.1467,2.9333,3.45,3.8053,1.3627,-1.9873,-1.6113,0.704,0.54067,1.0967,2.1967,3.468,3.01,2.3993,4.0993,2.6733,1.426,0.93867,0.604,1.4627,2.1933,2.0373,2.1893,2.7827,2.5973,1.2427,0.78934,1.4987,0.986,1.0187,0.77934,1.456,1.1313,0.15467,-1.258,-0.18,-0.47,-0.10067,-0.39533,1.1713,1.3847,1.0773,-0.118,-0.56066,-1.5493,-2.4793,-2.4533,-2.2853,-0.764,-1.2693,-1.06,-1.466,-1.6193,-3.048,-3.8493,-2.892,-2.7393,-3.2153,-2.7613,-2.4253,-1.9533,-2.5347,-3.3707,-1.9647
-2.194,-2.5127,-1.714,-2.2193,-0.528,1.2273,0.802,0.89134,2.5153,4.482,4.95,4.5147,3.26,1.0213,1.41,1.502,0.76267,1.3867,1.7667,2.4813,3.922,4.4753,4.8527,5.5073,6.392,6.556,6.86,6.416,6.0967,5.4887,6.678,6.7673,6.2053,5.0187,5.9467,7.376,5.206,0.70867,2.3407,3.2173,4.9967,3.668,3.8067,1.89,0.32667,-0.43666,0.28334,-1.6973,-1.278,-1.2487,-1.1287,0.16467,0.38533,1.8033,2.5307,1.484,-0.89933,-2.1867,0.019999,0.98067,0.586,1.1847,4.4813,5.1713,5.3427,5.4987,5.3607,5.3287,5.994,4.4753,4.114,4.8793,5.3487,5.0187,1.9887,1.6493,3.5973,3.6567,1.8853,2.242,3.9593,4.3767,3.386,4.7527,3.34,2.558,2.4827,3.7367,2.5573,0.918,0.726,-0.43133,-0.43333,-0.95467,-0.27667,-0.82667,-3.2847,-2.6727,0.416,0.49067,0.66333,-0.35,-1.0333,0.08867,0.27667,-0.442,-1.3827,-2.1087,1.6727,2.2527,1.976,1.916,1.5687,0.96067,1.0933,1.2507,-0.21467,-1.9527,-2.3213,-3.5907,-3.0993,-2.6633
0.25067,0.092669,0.958,1.5327,2.256,2.306,2.7153,2.4193,1.7033,1.6193,0.51467,0.95734,1.6507,2.666,2.3213,2.0067,1.8127,2.6213,3.28,2.7513,2.626,3.356,4.154,3.4053,3.5367,3.018,3.8687,4.2567,5,5.1873,3.2267,3.4253,3.3293,3.6487,3.1007,1.928,2.2107,3.24,4.9127,4.7467,3.6987,3.124,2.3167,2.99,5.3713,6.6627,5.614,3.9247,2.804,3.098,5.0167,4.4693,3.4933,3.4113,2.9607,4.088,4.9867,4.9967,6.026,4.276,3.0907,2.9467,3.8947,2.7647,2.3787,2.2567,0.698,-0.808,-1.622,-2.2767,-2.3447,-3.0507,-4.1913,-4.15,-1.7833,-0.906,0.090667,-0.051998,-0.366,-0.918,-3.26,-1.7407,0.64467,2.0187,1.3353,0.33867,0.808,-0.56933,0.60267,0.95867,0.592,-0.944,-0.99067,-0.076,0.96733,0.698,0.792,0.786,-0.099331,-0.496,0.36,0.69067,-0.36933,-1.5127,-1.4073,-1.7793,-1.6413,-2.596,-2.0307,-1.2333,-0.89867,-1.632,-2.1227,-1.2813,-2.61,-2.7627,-3.5507,-3.8947,-3.7553,-3.4627,-3.7327,-2.3647
-1.2713,-1.492,-1.0733,-0.95333,-1.31,-0.97533,0.13534,2.048,2.826,3.2353,2.852,2.8927,3.202,4.642,3.8653,4.4587,3.9493,3.744,3.878,4.9693,4.308,3.686,3.5367,3.7967,4.1893,4.8933,3.468,4.226,4.1033,3.7567,4.178,3.146,1.8933,0.51733,1.3207,1.338,0.92533,-0.944,-1.8127,-3.14,-1.3113,0.386,1.7,1.8173,2.6333,3.3513,2.83,1.9093,2.8327,5.104,4.8973,3.4427,1.758,3.1513,3.03,4.002,4.0493,3.2633,3.7967,2.8973,2.9587,2.486,1.572,1.118,2.1467,2.162,2.4433,3.048,3.1413,2.4267,1.2593,0.88733,0.79267,-0.77333,-0.36533,0.030668,-1.554,-2.8,-2.708,-1.5193,-1.1807,-0.97666,-0.78666,-0.79333,-0.22067,-0.066666,-0.0026662,1.066,1.3653,0.92,1.5227,3.112,1.966,2.0773,1.9027,1.0913,-0.26933,0.72533,1.6007,1.3787,-0.063331,1.0373,0.066667,-0.84333,-0.75333,-1.0593,-2.358,-3.0927,-3.1227,-2.334,-2.9033,-3.6607,-3.4613,-2.3347,-2.3113,-2.4653,-2.516,-2.5867,-2.5227,0.396,0.456,-1.0087
-2.816,-2.1673,-0.818,0.47133,0.30533,0.43067,0.023337,0.95067,0.19733,1.6007,2.8673,2.94,3.4887,2.374,1.7373,2.164,2.8293,3.5713,5.9413,5.4433,3.9487,5.378,4.1913,4.0567,1.5587,3.654,4.9687,6.814,6.5773,6.278,5.0673,4.3567,5.8867,5.0287,4.1633,3.1253,3.444,2.896,4.1247,3.7233,2.1153,1.5367,0.758,0.3,1.1847,2.208,1.6193,0.25333,1.1613,4.0547,3.318,0.432,2.0273,3.9807,4.6607,4.3347,4.322,4.9133,5.788,4.6033,5.416,5.014,3.6967,4.214,5.0427,4.5253,4.7787,3.864,3.0913,3.472,3.424,3.236,3.5807,4.528,4.2613,2.116,2.5773,4.9587,4.7833,3.5973,3.652,3.946,3.092,2.902,2.774,2.7487,3.3793,2.2887,1.8953,0.91733,0.778,1.646,2.354,1.7653,1.6753,2.0953,1.1033,0.43133,-0.20467,-1.9813,-2.0467,-0.46467,0.46867,1.198,2.032,1.1547,0.39533,1.6487,1.662,0.14267,-0.91266,-0.37267,-0.19933,-1.7813,-1.2927,-0.834,-0.214,0.45467,1.8233,1.5573,0.874,0.48
-0.488,0.80733,1.4227,0.58467,0.29134,0.63067,0.17267,0.944,1.2067,0.18934,1.75,3.694,4.0287,5.458,7.4147,7.1307,4.724,3.7247,3.0833,2.746,3.288,4.4647,3.6627,2.914,1.6373,0.99534,1.4093,2.0833,1.6327,2.6733,4.2693,2.516,4.9027,5.1093,4.5813,3.9387,5.0233,4.7467,5.7753,6.3167,5.7427,4.904,3.9433,2.974,3.056,3.15,2.8567,2.9613,2.472,2.6467,2.4033,1.536,2.534,2.0553,1.76,1.38,1.5533,2.26,4.1287,4.1093,3.2927,3.7387,3.7447,2.9673,1.864,3.61,4.9993,5.4087,4.9987,3.7833,2.502,3.4407,3.4167,3.0973,1.664,2.612,2.4593,2.2573,2.704,3.4207,3.256,3.4507,2.486,2.1527,1.866,1.63,1.5907,0.75334,0.25867,-1.6493,-2.1793,-1.0927,-0.97866,-0.39533,0.656,0.16667,0.366,0.272,-1.124,-0.059999,-0.027999,-0.16866,1.1247,0.19,-0.31067,1.7,1.7933,1.8393,1.8613,0.84133,-0.276,-1.8953,-2.2493,-2.202,-2.7433,-2.612,-1.8613,-2.2693,-2.3033,-3.0927,-3.5287,-2.6767
1.1987,3.1613,2.554,3.2573,4.0473,1.7333,0.59533,1.6287,1.0133,0.090001,0.97,0.82934,0.24067,0.53667,0.404,-0.37733,1.4827,1.794,2.1333,2.1853,2.716,3.6187,2.8047,1.9933,1.1767,2.03,1.5487,0.51267,0.80467,0.28867,1.9693,1.2907,1.932,2.218,2.8553,3.2733,3.1613,2.482,1.8447,3.5567,3.8427,4.7947,3.4007,2.928,3.332,3.2927,4.7307,5.6073,5.4927,5.986,6.3867,4.9947,3.8187,3.1787,4.402,3.7147,3.2173,4.0193,4.6553,4.0053,4.2307,4.6413,4.584,5.002,4.4513,4.026,3.0193,3.8333,3.362,2.8013,3.014,1.7893,0.66067,1.18,1.3253,0.53333,0.29867,-0.77867,-1.0933,-0.22933,-0.546,-0.40533,-1.9693,-2.7253,-3.2327,-2.9747,-1.0373,-0.075997,-0.66333,-3.7013,-3.226,-1.1773,0.31534,0.97867,0.78667,0.946,0.80667,0.61867,0.786,-0.27533,-0.46133,0.72134,0.47467,0.095337,-1.3747,-1.4947,-1.892,-1.9687,-2.7867,-2.9207,-2.3687,-2.2247,-2.466,-2.5307,-2.5807,-3.412,-2.788,-3.832,-4.1267,-3.4753,-3.2913,-3.2927
6.38,5.992,3.524,2.1627,2.14,1.874,1.4387,1.5267,1.8773,3.464,1.5287,-0.076665,1.5033,2.3313,2.6387,2.1567,1.0673,1.26,2.0273,1.5053,0.48067,1.5727,2.316,1.496,-0.08933,0.16,0.31267,2.94,3.642,4.2233,4.2913,4.736,4.3313,4.532,3.9147,2.994,2.8607,3.574,4.6433,3.946,3.4827,2.7707,3.1627,2.116,2.922,4.1073,3.16,2.394,1.6833,2.024,3.0453,3.3333,3.172,3.178,2.0567,1.7007,3.546,3.2287,2.012,2.8847,4.01,4.238,3.8167,3.422,3.8053,2.6947,3.164,2.44,3.45,3.2707,2.9833,1.302,1.044,1.6233,2.5093,3.1493,3.1253,2.494,2.0667,3.0267,4.358,4.2107,1.9267,0.758,-0.92733,0.055333,0.65467,1.3913,2.2607,2.012,1.7853,1.8867,2.622,2.8687,3.0393,2.0373,2.5687,2.202,2.5713,2.8087,3.664,2.224,0.88134,0.28,-0.24267,0.224,0.42,-1.0893,-1.632,-1.628,-1.2627,-1.564,-1.7487,-2.822,-1.706,0.428,1.14,-0.16533,-2.788,-3.0613,-2.4707,-3.004
4.7567,5.3527,6.584,6.988,5.26,4.5667,2.5627,2.7553,2.5687,3.84,3.27,2.7287,2.6433,2.2907,2.672,2.0093,2.484,1.0467,2.254,3.1493,3.828,4.7347,4.456,4.186,3.4373,2.8047,2.5267,3.2513,2.748,2.2687,2.832,2.584,1.358,0.60867,-0.11933,-0.059332,-0.392,-0.86733,-0.0059998,-0.29533,1.6233,1.9013,1.6513,1.5827,3.454,4.002,4.4053,3.462,3.9687,3.622,4.5287,3.606,1.6747,1.7327,2.292,3.5233,4.704,4.2567,3.7613,3.492,2.714,2.326,2.4567,3.078,2.6873,2.0233,1.6633,1.672,3.78,4.77,3.3347,1.7593,0.89133,1.688,1.876,0.73934,0.62867,-0.59866,-0.17267,-0.73267,-0.78533,-0.79933,-0.87867,-1.2873,-1.2293,-1.4427,0.58,0.95867,0.96467,1.1373,0.77867,0.83534,0.83534,1.3733,-0.74533,-0.40867,0.81,1.196,0.86133,-0.244,-1.6267,-1.274,-1.9087,-2.8447,-4.1067,-4.292,-4.9647,-5.1547,-4.9767,-4.5407,-4.5413,-4.162,-2.8687,-1.3593,-0.23133,-0.356,-1.7527,-1.5927,0.32867,0.45934,-0.30666,-1.2547
-1.6233,-0.051998,0.538,-0.618,-0.78066,-0.99667,0.12467,0.334,-0.326,-1.8647,-0.55933,-0.96067,0.21,-0.174,1.8413,1.1587,0.504,2.194,3.3293,2.5933,2.9693,3.3887,4.68,5.9527,6.32,4.5567,4.2927,4.1633,5.0413,5.786,6.35,5.7673,5.7527,3.91,5.32,4.8927,5.206,4.922,4.062,4.4727,4.3167,3.974,3.2093,2.7507,1.3753,1.6927,3.3633,2.912,1.886,0.912,0.74733,0.78867,1.6087,1.9333,2.3513,3.942,4.03,2.9067,2.0367,1.848,1.136,-0.414,-1.046,0.25334,0.884,1.9287,1.0347,1.8493,1.904,0.58667,0.64067,0.23,-1.1573,-0.812,0.72134,0.80533,1.5747,2.9393,2.2547,2.6373,0.86467,0.464,-0.31266,0.29333,0.33067,0.434,0.94067,0.66934,-0.023332,0.34867,-0.39933,-0.472,0.23267,0.14467,0.82067,1.4293,-0.646,-0.94133,-1.596,-1.6313,-1.524,-1.958,-1.192,-0.436,0.11333,0.063335,-1.532,-3.2653,-4.084,-4.5067,-3.3307,-3.0413,-4.3133,-4.572,-5.2687,-4.2693,-2.3647,-1.8567,-3.546,-4.3733,-3.4547,-2.83
-3.0967,-3.738,-2.456,0.43734,1.3827,3.8467,4.672,6.1493,7.7213,5.696,4.9553,5.4667,5.32,5.3447,6.0673,6.508,5.5707,3.468,3.2793,3.52,3.19,1.178,-0.56667,-1.1973,-1.276,-0.42533,0.15933,0.58,0.96067,0.686,1.1533,2.8313,2.282,2.9033,5.9,5.9787,6.4947,6.8427,7.4847,5.658,4.3333,3.7293,2.5287,3.8953,5.4267,4.734,3.8447,2.7573,4.5207,3.7967,1.5347,1.076,0.366,1.48,0.60867,1.1013,2.5313,1.588,1.2887,-0.071998,0.47533,1.7567,1.2187,1.0687,0.97667,1.3267,2.4113,3.78,2.34,2.2647,2.302,1.9667,2.3867,4.384,3.654,1.8913,2.3053,0.98333,2.236,1.5773,0.666,1.678,1.7787,1.9093,0.53867,1.5927,3.5547,4.3333,3.1487,2.8067,1.704,2.2807,2.8273,2.1653,0.85667,0.95067,1.356,1.026,0.33533,0.262,0.31667,0.77467,0.073334,-0.76533,-0.85533,-1.9593,-2.6187,-3.448,-2.998,-3.1047,-2.676,-2.5073,-1.9807,-1.1853,-0.65067,-0.38067,-0.33866,-2.5807,-1.8247,-2.816,-2.6127,-2.2847
4.3567,3.5593,1.9087,0.91733,1.1027,1.6433,1.1813,1.3247,0.027335,-1.0873,-0.87267,-0.64267,-0.496,-1.764,-1.7753,0.43534,2.652,2.8673,2.8893,2.3313,1.87,0.978,2.4313,2.8893,2.394,1.3427,1.7353,2.1987,4.8273,5.7253,4.924,4.6247,5.208,4.648,3.718,4.0107,4.682,3.88,3.468,4.7053,4.3213,4.4247,5.1087,3.826,4.5313,3.486,1.8967,2.7553,3.2607,3.4153,3.4287,2.2027,1.458,3.4207,3.314,2.3593,1.2313,1.158,0.74134,1.934,3.146,3.9593,1.7707,0.16134,0.72534,2.3153,2.7553,3.6587,2.8847,3.0753,3.35,3.6927,5.0207,4.87,4.632,4.9393,3.3747,2.6607,2.9067,3.47,3.1707,1.2267,2.394,2.2913,1.5487,0.99267,1.034,0.748,2.1987,1.4827,1.628,1.4853,1.2787,0.69467,-1.2953,-1.5213,-1.7593,-1.5847,-1.0987,-0.136,1.052,1.1773,1.422,-0.54533,-2.1607,-3.108,-3.618,-2.2773,0.53867,2.3213,1.6793,-0.027334,0.978,1.2647,-0.532,-1.2127,-1.8307,-1.5093,-0.99333,-0.33,0.17267,-0.34533
2.9247,1.9367,2.7287,2.4247,1.776,1.1933,1.76,1.58,0.74733,2.062,1.4593,-0.696,-0.436,0.76067,1.498,2.2333,2.24,1.8827,3.548,4.6807,4.648,5.2753,5.288,4.1127,3.5793,4.792,4.426,3.808,4.0853,4.1553,3.3327,2.214,1.518,3.112,2.984,3.1093,2.9667,5.2687,4.876,2.7633,0.58267,2.112,2.118,2.746,3.256,3.3107,3.2133,2.126,1.2613,0.55733,-0.033332,0.752,-0.204,0.020001,-0.12533,0.0060018,-0.644,0.54867,1.266,0.97934,-0.020664,0.942,1.124,0.32333,0.62867,0.86534,0.73733,1.8093,3.5507,2.9513,3.042,3.9813,2.7993,3.788,4.352,3.026,2.658,1.8387,2.2147,2.496,1.4093,1.2187,1.328,1.196,0.25267,-1.5353,-2.614,-1.5007,1.0553,0.91333,0.50934,-0.033999,1.628,1.5847,1.5133,1.924,2.7673,2.5727,2.282,0.94667,1.1147,-0.3,-0.75133,0.696,0.39333,-0.68666,-1.1733,-0.938,-2.494,-3.5753,-3.5387,-4.882,-4.18,-2.652,-3.224,-3.1667,-3.3153,-2.314,-1.8727,-2.3113,-2.0667,-1.6067
4.952,4.3973,4.918,3.58,4.642,4.4367,3.1313,2.3387,2.5927,1.4487,1.2167,1.186,2.158,3.7167,2.9247,2.5847,1.678,2.3493,1.388,0.0093363,0.404,0.17933,-0.15667,1.9367,1.2387,1.5427,3.3673,3.7073,2.848,1.4487,1.716,0.998,2.3733,1.9593,1.9687,2.0433,4.0573,4.7087,4.216,6.6507,5.8093,4.5033,4.844,4.5533,4.844,4.4293,4.856,4.3693,3.586,3.8333,3.9107,3.502,3.5213,1.728,1.0833,2.19,2.98,2.486,1.4847,2.1213,2.426,2.6513,0.95134,0.25867,1.7467,2.3447,1.3447,-0.27733,-1.3513,0.0080017,0.86934,1.586,2.178,1.89,2.0913,1.6293,1.8447,2.3167,1.05,0.95333,1.0427,-0.53066,-0.70467,-1.0307,-0.34133,0.80934,1.2447,1.3293,1.6507,0.972,2.168,3.6993,3.1233,4.4073,4.1967,3.9647,5.3033,3.8827,2.9253,2.8507,2.586,2.5067,0.21467,0.48267,0.054002,0.592,0.218,0.19267,-1.1227,-1.428,-3.1453,-2.1413,-2.2887,-2.478,-0.82133,-1.912,-1.828,-1.94,-1.8947,-3.0227,-3.544,-3.7
-0.592,-1.0053,-0.69533,0.64733,1.4647,2.802,2.2513,1.9267,1.6387,4.9487,5.6007,5.7267,2.2993,0.11933,-1.2427,-1.26,-2.3513,-1.48,-0.10333,0.80267,2.114,3.4,4.1387,4.618,4.224,3.8787,4.0453,4.07,5.0613,4.4387,3.9953,4.3607,3.6733,3.262,3.6573,3.392,3.094,2.3433,2.9487,2.4707,2.4313,2.0213,1.4327,1.872,2.3653,3.1907,3.194,1.7307,1.404,0.62667,0.95,1.8607,1.4707,1.3073,2.3307,1.9433,1.5393,0.58467,2.048,2.528,1.498,0.95067,2.176,3.1473,4.1107,4.4547,3.4107,3.2527,3.7,2.9033,1.094,-1.1267,-1.3807,-0.422,0.46933,0.074669,-0.536,-0.74467,-0.83933,0.77267,0.62933,0.446,0.93534,2.106,2.3467,1.3807,2.4753,2.486,2.6927,3.7293,3.9553,2.0293,1.576,1.4447,2.212,2.6753,3.8213,2.5353,2.9953,2.8073,2.0907,1.272,-0.75667,-0.78666,0.65534,-0.15866,-0.204,-1.0253,-2.5967,-3.3967,-1.8527,-1.592,-1.4713,-1.4513,-2.222,-4.1413,-4.9387,-5.3393,-4.3853,-2.7147,-1.73,-1.8
2.386,2.7273,3.6773,4.4433,3.618,2.9447,2.3093,3.2253,3.9073,4.4933,2.598,1.1233,1.1887,4.1633,4.5107,3.6527,4.5487,4.454,4.2773,3.0247,4.3507,5.7967,5.338,4.8453,4.6093,3.7793,2.8833,2.9307,2.8013,3.2387,2.3373,4.0253,3.0773,1.8313,0.81267,1.548,1.7967,2.0773,2.1973,4.1767,3.1213,1.5167,0.088,0.556,-0.029332,-1.2067,-0.91,2.2873,2.67,1.6087,1.7687,1.8513,3.2167,2.5567,2.7893,2.7667,2.664,2.0447,3.6447,3.5313,1.9147,1.802,1.9507,2.808,1.7153,2.99,2.8727,2.1867,2.7613,3.266,3.424,3.432,2.8753,2.7673,0.97533,1.774,2.5153,5.2193,4.4027,1.6133,1.456,2.472,3.1127,3.332,3.6693,3.504,3.2853,3.2587,4.3527,3.726,4.1153,3.978,3.496,3.6487,3.344,2.7307,0.94733,0.46667,0.24934,-0.146,-0.112,-0.18466,0.892,1.6673,1.1447,0.29933,1.034,-1.342,-1.3333,-1.6453,-2.654,-1.8207,-1.7193,-1.4473,-0.148,-1.0707,-1.9347,-3.562,-1.9133,-1.89,-1.6773,-1.1153
-1.2433,-1.0247,-1.726,-0.91067,-2.3587,-1.5633,-0.63533,-0.29533,1.5553,0.032669,0.40734,1.7307,1.2193,0.844,0.96933,2.4467,6.336,8.5647,7.0593,1.9433,2.7313,3.594,3.692,3.342,3.074,4.8433,5.1193,5.386,4.754,4.9753,5.452,4.7333,3.9433,2.9867,2.3573,1.9067,1.5607,1.446,1.9307,2.242,2.4447,2.672,3.0907,2.7167,2.3053,1.7653,1.5727,2.352,2.29,1.7107,1.898,-0.047998,-0.39133,0.89267,1.3967,0.78734,0.95934,2.004,2.456,1.6987,1.4213,2.0627,2.1513,2.908,4.6867,5.5913,5.8133,5.296,4.384,5.228,5.4367,4.8013,3.5213,2.4527,3.198,4.078,2.8553,1.8133,1.4607,3.116,3.7247,1.8553,0.97467,0.74667,-0.89,-2.0413,-1.9753,-2.4633,-3.0227,-3.7073,-2.6613,-2.3793,-3.5847,-2.3207,-0.53,0.37334,0.994,1.502,-0.35667,-1.6833,-3.088,-2.7487,-2.742,-2.4233,-1.3873,-2.7173,-3.654,-3.9753,-5.15,-3.9327,-3.0813,-0.86133,0.254,0.43134,-1.0973,-1.272,-0.892,-1.3493,-2.142,-2.0747,-3.2193,-1.9393
0.198,0.848,2.888,2.988,3.5527,3.7467,2.9473,1.5907,1.038,-0.21266,0.13,0.62667,2.0307,1.8493,1.2827,1.9347,3.2487,3.9153,4.23,4.3467,4.9267,4.0587,3.9907,5.6707,5.386,4.7387,5.032,5.2633,5.7813,5.5793,5.024,4.4893,5.784,5.268,4.402,4.0653,3.7573,4.5653,3.568,2.732,1.524,2.092,3.4447,3.368,2.9127,2.6167,2.8693,1.3853,1.5007,1.3947,1.0133,2.42,0.59,-0.078665,0.50867,2.6933,3.5433,3.81,3.6553,2.7787,3.004,2.7707,2.5193,4.7853,3.3593,2.5253,3.748,4.2427,3.5347,3.616,3.75,2.7493,2.2553,2.14,3.2313,2.7047,2.4267,2.198,0.77734,0.808,-0.070667,0.74667,2.272,2.1927,2.6253,2.9553,2.8287,3.702,3.142,1.6987,1.4787,-0.784,-0.75333,-0.13133,0.434,0.378,-1.722,-2.268,-0.65067,1.1733,1.07,1.7407,0.59733,0.80734,0.27134,-0.192,-0.25067,-0.57266,-0.87266,-2.034,-2.64,-2.184,-4.022,-4.8047,-3.9013,-2.2027,-0.65666,-0.0059998,0.81933,0.14334,-0.52933,-1.9347
0.60067,-0.114,0.69467,2.4287,2.8747,2.0853,1.134,1.378,2.2427,1.128,0.66867,0.70333,0.72667,-0.16667,0.93534,1.0227,2.3593,1.8307,0.16067,-0.618,0.72733,1.1407,3.0607,4.06,2.8573,2.096,3.604,5.112,3.7807,5.7093,7.1453,5.102,3.7807,4.0713,5.072,4.1673,2.868,3.0233,3.7393,4.0347,4.3507,3.1307,3.3133,2.92,2.5833,1.9607,1.9947,1.116,0.97267,0.43267,0.87867,0.96733,0.968,2.2733,3.3613,0.99,0.066668,0.45,1.168,0.95133,1.5507,2.0947,1.8707,2.306,1.708,2.7273,1.816,0.92267,1.498,2.6187,4.846,4.568,2.9513,3.342,3.0627,3.4233,3.9633,4.6967,4.0567,4.5553,4.4993,3.6307,3.7187,5.062,3.2767,0.60933,-0.878,-1.0133,-0.754,-0.057999,-0.80067,-0.82667,-1.8633,-1.892,-1.198,-1.2147,-1.8747,-2.68,-0.62933,-1.4187,-1.5607,-1.2127,-2.8013,-3.5433,-2.5047,-0.684,-0.36133,-1.116,-1.7473,-1.7813,-2.3,-1.6487,-2.534,-2.2473,-1.158,-0.97533,-0.86267,0.034668,1.128,2.2687,2.54,1.934
0.162,-0.33333,-0.24267,1.1073,1.9293,1.888,1.28,0.057333,-1.482,0.14733,1.0393,1.8907,2.4873,3.3227,3.2207,5.1007,6.632,5.9847,4.7173,2.7407,0.988,0.35267,1.598,1.8847,1.0127,0.206,0.846,0.792,0.13867,0.15933,0.73267,3.1247,3.332,2.6887,1.786,0.77467,0.83867,0.226,0.33,1.4473,2.618,3.428,3.0347,3.788,4.5413,4.0373,4.8773,4.0933,4.146,5.656,6.154,3.9947,1.76,1.8173,2.9207,3.714,4.5773,5.4533,6.286,4.418,5.1207,4.1333,4.3433,4.3667,2.9953,1.9273,2.4587,3.7467,3.4987,3.5773,4.038,4.6533,4.8207,4.074,3.7413,3.2633,2.6133,2.8447,2.3507,3.1607,3.79,3.3473,2.6307,3.2207,4.0393,2.5733,0.714,0.53934,1.896,2.584,1.6007,0.17267,-0.69067,-1.6173,-0.912,-0.47267,-0.642,-0.096664,0.77267,-0.432,-0.92866,0.10267,0.592,0.64667,-0.83933,-1.3027,-1.4407,-1.7493,-3.508,-4.2427,-3.3353,-2.0387,-1.42,-1.7253,-1.3173,-3.3173,-2.7153,-0.81467,0.39,0.024003,-0.404,-0.344
-2.5033,-0.63733,-0.31933,-1.75,-0.39266,0.77467,0.84533,0.28667,1.38,0.638,1.1687,0.68134,0.66867,0.438,3.4247,2.866,3.272,3.5767,3.948,4.352,3.6147,3.6013,3.324,3.984,4.5927,3.5107,2.8993,3.8967,3.8453,4.1753,3.902,5.106,4.628,4.0673,3.722,3.732,3.0027,1.8147,0.99667,0.794,0.95067,0.214,1.0207,1.9267,2.3933,0.037336,2.314,4.5233,5.6687,5.0027,4.4627,4.678,3.4147,2.1453,1.9427,2.7473,3.4033,2.742,2.518,3.102,3.7887,3.6473,4.062,3.3747,2.9593,2.1947,1.742,1.6607,3.3107,6.1333,7.304,2.8427,2.2133,2.5373,2.0553,1.0247,1.6347,1.4253,0.966,0.95933,1.7547,1.0853,0.49067,1.4933,1.4033,1.2187,1.0407,0.24467,-0.47533,-0.90333,-0.33333,-0.37933,-0.011998,0.866,1.6693,1.9673,0.56267,0.32933,1.884,2.8087,2.1293,1.2013,1.906,1.0587,1.1787,1.5993,2.0473,1.8387,0.72134,0.15734,1.2807,0.596,-0.192,-0.918,-1.1333,-0.11133,-1.4807,-1.054,-0.66133,-1.6047,-1.5427,-0.56667
1.2807,2.7567,5.8253,5.5433,3.934,2.6513,2.6447,4.5827,4.0313,2.808,2.6927,4.6367,5.0513,4.9593,5.1893,6.422,5.6067,4.5373,4.0433,3.094,2.5393,2.3127,3.1233,2.3987,3.402,3.8593,3.7547,3.3073,3.0833,3.3287,3.464,3.194,2.5453,1.908,2.1033,2.2007,2.3987,2.2067,1.34,0.33867,0.434,1.2193,1.942,1.76,3.1027,2.0113,1.8493,2.854,4.2607,4.4893,2.6393,0.10533,0.80934,0.98534,0.728,0.19134,1.5213,2.3,2.8747,1.996,-0.65733,0.404,2.424,2.844,3.878,4.2207,3.03,2.724,2.8047,2.6933,2.7573,3.8827,2.8693,2.2653,1.5347,2.3873,2.22,2.4987,2.1093,2.6133,2.2527,1.8973,1.1927,0.83533,1.36,1.0647,1.4787,1.9073,2.0447,2.1613,2.3013,1.5813,1.4213,2.264,1.5067,0.70067,-0.938,-0.62467,-1.094,-0.78333,-2.4987,-2.8153,-0.44467,1.1413,1.6887,0.75067,-0.086668,-1.366,-2.0393,-0.77333,-1.668,-2.596,-4.0373,-4.502,-4.7347,-5.572,-4.4453,-4.01,-4.0607,-4.8993,-5.3667,-5.4233
2.9627,1.6907,1.2653,1.0307,1.0613,2.848,3.874,3.046,3.8693,3.8947,3.1027,1.8053,1.1513,1.7087,1.298,1.88,2.238,0.82267,2.022,2.442,1.7533,1.8027,1.6527,2.444,2.628,2.344,3.0333,4.062,4.022,4.0653,3.982,2.9053,2.706,3.0427,4.166,4.35,4.578,3.4913,2.996,2.0173,1.246,1.402,0.016668,2.538,3.174,2.704,3.9087,3.16,2.5633,0.93134,-0.15,0.116,-0.18267,0.71067,2.51,3.206,1.5793,0.89533,1.2407,3.8553,4.2053,4.4793,4.3567,4.5373,4.1773,1.7113,3.5067,4.002,3.1973,2.64,1.5967,1.9327,1.1667,0.78533,0.39934,0.072001,0.958,1.342,0.99933,0.26667,0.17267,-0.041331,-0.0039978,-0.87533,-0.234,-0.12333,0.14067,0.768,1.3913,1.0167,-0.65467,-0.43067,0.26533,-0.33933,-0.069997,1.0447,1.2627,2.0713,1.71,-0.678,-0.778,0.58667,0.20467,-0.33666,-0.38867,0.45067,-0.035331,-0.658,-1.2093,-1.8193,-1.1487,-1.9093,-2.0487,-1.6707,-0.80933,-0.752,-2.5747,-4.13,-2.394,-2.3893,-2.1007,-2.3927
0.36467,1.742,4.2267,4.254,1.148,-1.2167,-1.3833,1.064,4.13,4.6373,3.9167,1.4953,-0.878,0.512,0.502,1.57,3.6413,4.8633,5.41,4.4393,4.4487,4.7307,3.7013,4.2293,3.384,3.6473,5.4327,6.5847,5.6593,4.9847,3.1407,0.774,-0.27533,-0.954,0.93067,0.434,0.65267,0.88267,0.79134,0.94533,0.95267,1.0367,1.496,0.84134,1.144,1.4253,2.2247,2.6393,3.1213,1.8727,1.9353,1.62,2.5987,3.004,2.316,2.3333,2.6247,3.2487,1.9213,0.090001,-0.70933,1.164,2.432,0.44533,0.43,2.108,2.8333,2.612,3.0013,4.5307,3.9053,2.9293,1.3327,1.0727,0.98467,2.008,0.594,-1.6813,0.39467,0.104,-0.077332,0.19333,-0.66067,-2.0013,-1.8973,-0.90733,-1.284,-1.8493,-1.0747,-2.1607,-2.2453,-2.986,-2.9847,-2.422,-1.886,0.30934,-0.043332,-1.176,-2.1993,-0.82133,0.060003,-0.56667,-0.548,-0.60267,-0.49533,1.1633,0.69267,-1.6833,-2.414,-2.3393,-3.4633,-3.8393,-3.91,-2.5607,-1.3893,-1.822,-2.07,-3.0753,-3.2973,-4.1807,-4.1007,-4.7007
0.31067,1.3973,3.4547,5.9847,7.6847,8.8527,8.41,6.228,6.8953,6.06,5.8087,4.9427,4.41,2.9807,2.376,1.282,0.98333,1.166,0.23067,0.22733,0.608,-0.13333,-0.63867,-1.7873,-1.042,0.12267,0.902,3.1107,4.0613,3.0507,3.4713,3.466,3.1567,3.1693,2.962,4.19,4.3007,3.354,2.988,3.6973,4.002,3.9827,3.8367,4.7793,4.3347,1.9947,1.8547,2.8833,2.098,1.4473,0.966,0.17134,0.70067,0.464,1.0747,2.6053,2.0473,-0.67866,-1.4553,-0.57133,0.916,0.978,0.67267,-0.078,-0.47467,-0.722,-1.486,-1.0827,-0.019998,0.56533,-0.22533,0.53933,1.47,2.1513,0.57934,-0.33666,-0.039998,0.72867,1.1253,2.0873,2.2027,2.8987,2.1127,2.798,3.53,4.1327,3.4327,2.1293,1.6207,1.4853,2.022,1.3,0.684,0.57267,1.9573,0.46134,0.038668,-0.90733,-0.198,-0.19866,1.1093,1.1287,1.7853,1.152,-1.7273,-2.61,-4.1507,-5.0787,-4.6227,-4.6167,-3.8647,-3.852,-3.1167,-2.4593,-2.0727,-1.7073,-0.80733,-0.51333,-1.918,-3.65,-5.216,-3.3147
-0.55333,-0.15467,-0.59467,1.2827,0.27467,-0.158,-0.582,-0.061332,1.186,2.678,1.7653,2.584,1.8367,1.5273,2.5293,2.0347,2.2307,3.502,2.4253,1.2447,2.3053,3.7767,4.528,4.2,4.4887,6.2393,5.516,4.146,3.6473,3.4887,2.8767,1.5247,1.1713,1.762,1.9607,2.2287,1.4987,0.52333,0.292,1.7127,1.092,1.624,2.53,4.318,4.1793,3.4753,4.1153,4.1693,4.9947,3.9907,2.4533,3.6447,3.4047,2.418,1.9587,2.3113,2.9467,3.3033,2.284,2.8473,3.2833,3.848,3.1227,1.4433,1.9013,2.6487,1.9307,0.846,-0.040665,1.8953,2.8793,3.2107,1.3327,0.29267,0.70667,1.668,1.2433,1.636,1.6327,1.8147,1.216,0.72067,0.73533,0.13267,0.81734,1.328,1.398,0.28,-1.2313,-0.83333,-0.24067,-0.33733,-1.386,-1.3187,-0.064664,1.916,1.2747,-1.1927,-1.7787,-1.3887,-0.047332,-1.172,-2.4427,-2.078,-2.9207,-3.6353,-2.822,-2.902,-0.77467,-1.194,0.40333,1.7507,1.464,0.858,1.3987,-0.071333,-0.11133,-0.81866,-0.93333,0.214,0.60333,-1.38
3.7493,2.7133,1.2347,0.44267,-0.37,1.6573,2.9087,3.2147,4.0447,4.4747,3.128,2.552,3.2467,4.9813,5.9787,4.262,2.3493,2.198,2.1693,3.8813,4.312,2.8853,2.046,2.8427,3.7633,3.4887,1.6653,1.454,1.9247,1.0993,0.79467,0.11,-0.070665,-1.118,-1.6153,-2.034,-1.8613,-1.656,-2.046,-1.6027,-2.6693,-1.84,-0.075333,-0.17467,-0.73933,-0.352,1.914,3.7893,4.1367,3.0173,3.0047,3.194,2.8533,4.7013,4.9033,3.666,3.004,2.486,2.2127,3.2987,2.1133,2.8333,3.4233,2.0433,0.39067,1.036,1.9593,1.2747,0.032001,0.89533,-0.30733,0.29933,0.89534,1.9007,2.458,2.6147,2.184,2.452,1.5033,1.1747,1.188,0.342,0.25667,1.3253,0.88667,0.69867,2.304,2.694,0.78533,-0.13867,-0.34733,-0.85267,-1.486,-2.9087,-3.5247,-2.4807,-1.2027,0.46467,-0.31067,0.23067,-0.66867,-0.808,-1.1133,-0.594,-1.4093,-0.42133,-0.76733,-2.6213,-2.564,-2.1753,-2.9673,-3.0187,-2.638,-2.9633,-2.7313,-3.1673,-2.33,0.92334,0.88067,0.23734,-0.81867,-1.1413
1.558,0.38533,-1.3907,-1.106,-0.099999,1.06,1.2793,1.2533,0.99133,1.3967,1.676,0.089335,-0.47,-1.16,-1.6247,-1.6147,-0.27,0.64733,1.3073,2.024,1.8073,2.2307,3.432,3.864,3.782,2.934,3.1593,2.6573,2.898,3.1307,4.5587,4.468,4.1487,4.8293,4.4427,2.8407,2.786,3.0687,3.862,4.1493,3.03,3.1013,2.0613,1.8947,1.9393,3.852,4.1353,3.6187,3.326,3.4627,2.8453,1.4967,1.2613,1.874,1.4047,1.236,1.7573,2.09,1.3427,-0.442,0.62867,2.1873,2.336,0.45867,-0.0013346,0.23733,2.1907,1.1447,-0.23,-0.508,0.342,0.294,0.998,2.774,3.0627,2.0793,1.682,1.9607,2.082,2.024,2.3513,2.9507,3.0667,2.4247,3.2153,3.014,1.6147,0.13867,0.29067,1.2807,2.552,1.6707,3.1267,2.572,2.2627,2.2813,1.808,1.9673,1.9547,0.346,-0.548,-0.364,-0.812,-1.964,-1.2667,-0.926,-1.8267,-2.662,-2.0873,-1.136,-0.146,-0.86733,-0.90866,-2.176,-1.89,-1.5233,-1.0853,-1.3993,-0.96867,-1.4653,-0.77133,-0.086666
-3.098,-2.7193,-1.6647,-0.144,-0.93,-1.072,0.73134,2.3307,1.486,1.5,2.3933,1.232,-0.342,-0.43667,-0.065997,1.3173,3.0553,3.4813,2.5687,1.296,-0.044,-1.5647,-0.916,-0.065332,0.444,0.426,0.68334,0.216,0.52267,0.64933,0.516,-0.39333,0.13267,1.138,2.3407,3.314,2.8853,2.65,2.054,2.2027,1.5433,2.1587,3.656,4.856,3.4493,2.7887,3.2707,4.0847,3.2867,2.0873,3.4593,4.406,4.4827,4.3867,4.5707,5.586,4.0893,2.524,2.2147,3.312,2.5493,1.766,1.1493,1.4813,1.2493,1.2493,1.19,0.16733,1.1493,2.9493,3.6567,3.6167,2.6453,2.756,2.9187,3.1893,2.166,1.6207,2.3267,1.0947,1.4493,2.914,2.764,1.6,1.404,2.0993,0.92,0.97467,-0.048,0.326,0.452,0.204,0.418,-0.51,-0.99867,-1.6607,-1.5433,-0.746,-0.92267,-1.2933,-1.4153,-0.95867,-1.9953,-2.1327,-2.9067,-3.4567,-3.5153,-1.648,-0.28,0.18933,0.00066732,-2.068,-2.6067,-2.0513,-1.3013,-2.3387,-2.818,-2.2807,-3.5047,-4.8893,-5.4647,-4.9093
-1.5147,-2.098,-0.28,-0.432,1.314,2.506,2.5847,3.3693,2.796,2.204,-0.083333,-0.71666,-1.0007,0.027336,-0.045331,0.394,0.586,1.6733,2.338,3.1753,2.6647,1.4327,0.46267,1.4107,1.8687,2.5453,3.3507,4.328,2.4933,0.63333,0.57533,0.21867,-0.318,0.052669,-0.99733,-1.3407,1.102,1.1347,0.93933,0.88933,0.36867,1.1207,0.60667,2.5707,3.8773,4.1327,4.0867,5.27,4.832,3.8633,4.2087,4.8453,4.8713,3.7493,4.0627,4.4927,3.79,3.3013,3.4887,3.2027,3.26,2.5793,1.5487,2.002,2.2647,0.83667,-0.66867,-2.5047,-2.11,0.75067,0.584,1.0887,2.5993,3.078,2.9833,3.9013,3.0767,3.696,3.926,2.368,0.528,1.3953,1.1373,0.70333,0.97,1.308,1.2813,1.9967,2.412,0.934,0.14467,0.266,-0.44267,0.2,2.4267,2.4473,1.7433,1.1893,1.4827,1.9413,0.152,0.17667,-1.1047,-1.5027,-1.346,-0.668,-1.1607,-1.3787,-1.5607,-2.1773,-2.466,-3.546,-4.832,-5.0713,-4.4593,-4.472,-4.658,-5.0207,-4.7813,-3.7473,-3.7227,-1.3767
0.616,0.26667,0.93333,1.0593,-0.974,-0.89,1.5087,2.404,1.228,1.2727,2.88,1.636,2.2653,2.314,3.954,4.4907,3.9707,3.808,3.6033,2.4353,1.8407,1.0593,1.8707,2.5867,3.2987,2.74,0.89933,1.08,1.83,1.056,1.5073,0.96467,1.0893,2.726,4.0973,3.618,2.858,4.4287,4.8427,4.2847,2.9867,2.696,1.1407,0.662,2.082,1.9153,3.7127,1.8687,1.2427,0.013333,0.22,2.0793,2.0407,1.398,0.43467,0.77,-0.18067,-0.23267,0.152,2.0133,2.54,0.982,0.31933,-0.19,0.13467,1.3827,1.552,-0.44933,-0.022665,1.7273,4.0547,4.6427,3.7367,3.3607,2.4967,2.3047,2.2607,1.3687,-0.39466,-0.039998,1.462,1.0727,1.6013,2.66,3.106,3.0833,1.0847,0.48867,-0.21333,-0.62267,-0.73,-0.97467,-0.036667,-0.238,-0.85133,-1.4367,0.34133,0.012668,0.93,0.82534,0.44334,1.5227,1.22,1.3527,0.664,-0.47733,-2.6487,-3.0607,-2.3827,-3.796,-3.83,-4.0213,-2.9973,-3.1553,-2.272,-0.492,0.14134,-0.882,-0.38866,-1.5287,-3.0127,-4.05
0.087334,1.812,2.222,0.38867,2.0273,4.5887,7.9673,6.2413,2.6593,1.372,3.3227,5.1827,5.4827,4.056,3.0093,1.8887,1.9,0.91467,1.3427,2.5233,2.788,1.946,1.4953,1.8967,1.3247,1.3567,3.526,4.3973,4.7213,4.5673,5.2613,4.4073,3.6527,3.5967,4.1247,2.2113,1.7247,3.3833,3.34,3.2667,4.5187,5.6233,6.3473,5.3967,4.9933,4.846,4.0153,3.938,3.546,3.3853,5.03,4.368,3.6573,2.9807,2.254,1.7533,2.4947,2.724,2.54,3.334,2.4713,1.002,3.012,4.2267,2.5627,1.044,0.45867,-0.404,-0.39133,1.2173,2.774,2.7073,2.6367,2.8533,1.2107,0.16667,2.2867,2.2467,1.2247,1.7907,2.6373,1.6367,0.93667,0.77867,1.272,0.87133,2.2833,3.0067,4.0713,3.4147,2.5187,2.4127,3.98,4.422,5.6467,4.754,2.8513,1.298,0.99533,1.4573,1.3293,0.25134,-1.1353,-2.534,-1.3153,-1.3247,-1.4967,-1.618,-1.3647,0.010004,-0.946,-1.1187,-2.6953,-3.5053,-3.128,-1.5373,-0.079332,-0.98933,-2.3767,-2.4687,-3.2687,-3.7073
-2.0473,-2.7907,-2.6953,-1.6253,-0.882,-0.21333,0.42734,0.25467,2.0367,2.98,1.104,1.6547,1.47,2.4653,2.4793,2.584,1.8667,3.118,2.9847,2.5473,1.758,0.64867,-0.75,0.172,-0.28067,-0.089998,1.4627,-0.065997,-0.25067,0.65133,1.9773,1.87,2.54,1.7907,2.4333,0.91867,1.0867,2.234,1.688,2.954,4.07,5.2233,5.212,4.7287,4.568,5.2093,5.238,5.468,5.6453,7.2353,5.9193,4.0653,1.2373,0.48134,1.9393,1.42,1.2673,0.55134,-0.018667,1.4027,1.4413,2.024,0.87867,1.298,1.6233,-0.434,-0.234,0.16734,2.1193,1.514,-0.41933,-0.57467,-2.1553,0.023335,1.4427,1.3667,-0.32467,-0.78133,-0.35667,-1.638,-1.6273,-0.17666,-0.046665,-0.51133,0.092667,-0.017333,0.88534,1.0907,1.44,2.2733,3.084,1.7207,0.93667,0.97867,1.2833,1.13,1.8173,1.084,1.3513,1.2907,-0.818,-2.2013,-3.062,-2.9987,-2.304,-3.778,-4.012,-3.8247,-2.914,-2.238,-1.8167,-2.9073,-2.4267,-1.83,-1.8787,-1.7913,-1.6073,-1.2913,-0.998,-0.94,-1.4627,-1.956
0.039334,-1.7787,-2.0673,-0.77467,0.50533,0.92467,1.5327,1.3147,3.7567,4.424,3.05,-0.99867,-1.2367,-0.10866,0.978,3.1033,6.5453,9.0987,5.8727,4.2993,2.4787,1.6373,1.2247,0.34067,-0.24,0.55067,0.87867,1.198,1.796,2.6807,2.614,1.816,1.2807,0.29733,0.99667,1.3573,-0.74867,-0.78933,-1.1187,0.384,-0.276,1.2407,1.392,1.5487,3.7213,3.2827,3.6647,2.5787,1.7367,3.354,3.4913,3.6887,4.036,2.138,1.92,1.9487,2.974,2.0687,1.756,2.564,2.7513,3.2433,3.208,2.318,1.726,1.8107,1.6927,2.124,0.40867,1.308,1.3387,1.1933,0.51334,0.276,1.038,0.35267,-0.89467,-1.6393,-1.4813,-0.84066,-0.906,-1.062,-0.972,-1.4873,-2.7253,-2.5007,-3.216,-3.494,-2.7847,-1.8927,-0.41733,-1.346,-1.5313,-2.3993,-2.5613,-4.0533,-3.4467,-2.53,-1.7207,-1.9707,-2.0987,-1.892,-2.6067,-2.898,-1.316,-0.586,1.032,1.3453,0.70133,1.1833,0.336,-0.47933,0.824,-0.476,-1.1913,-0.82333,-1.4647,-1.4167,-2.5253,-2.7327,-2.5787,-4.0107
2.2267,2.666,0.70667,0.04667,-1.0487,-0.69067,0.58067,-1.078,1.4433,1.442,-1.6093,-0.013331,-0.38666,-0.31666,2.486,4.766,4.7167,2.4587,4.4607,6.736,6.3713,5.324,4.5627,3.7653,3.566,3.0967,4.532,3.9273,3.3947,2.0987,1.3547,3.3267,3.3147,3.3127,3.9367,3.7353,5.716,5.7067,4.8007,4.5987,4.2133,3.592,2.416,2.364,2.5167,1.8933,0.62867,1.8767,2.3607,1.3713,0.924,0.29,0.892,1.8847,1.8347,2.1067,4.562,3.696,3.6107,3.8667,3.6727,4.1067,3.5733,3.222,4.182,4.342,3.982,3.8707,3.8067,1.7707,0.98534,2.2487,2.5553,3.146,2.166,1.3567,1.4007,0.934,1.638,2.654,3.1373,1.8387,2.7507,3.664,5.17,3.1847,1.5747,0.914,0.71467,1.746,1.0693,0.534,-0.75333,-0.020663,-0.69266,-1.5393,-0.66933,-0.23933,-1.0787,-1.388,-1.7773,-0.28067,-0.047333,-0.087997,0.014668,-1.9933,-1.36,0.454,0.264,0.31267,0.045334,-0.648,-1.4653,-0.89933,-1.4367,-1.1233,-0.42933,-0.40867,-0.208,0.14933,0.326,0.040667
-4.644,-2.8073,-2.7473,-0.57133,1.876,4.1647,5.0393,5.626,5.7127,2.0573,2.512,1.6913,-0.46533,-0.93466,-1.772,0.58867,0.80467,0.92467,0.88534,0.83,1.532,0.99533,2.3213,2.2547,1.078,1.7527,2.444,2.5513,3.3447,4.7827,3.3513,5.2227,4.6987,3.394,3.2593,4.4,4.438,4.3127,3.408,2.7933,2.7793,3.804,2.442,0.11534,1.1407,0.42,-0.56333,-0.962,-2.5027,-0.88,-0.22867,-1.206,-1.8033,-1.1193,-0.96533,0.012668,-0.37933,-0.31533,0.79667,0.65867,1.352,0.75667,-1.362,-0.94133,-1.704,-0.19867,-0.43667,-0.254,-0.812,-0.38333,1.2447,2.504,1.0127,0.68266,-0.14533,-0.62667,-1.238,-0.92533,-0.60733,-1.0393,-0.24933,-2.0713,-2.902,-3.2853,-2.586,-1.0487,0.13667,1.7887,1.358,0.762,-0.344,1.402,0.28333,0.46134,-0.582,-0.67533,-2.9907,-2.4227,-3.434,-2.85,-2.9707,-1.8033,-0.96,-0.61667,-1.558,-0.708,0.31734,0.23,-0.23666,-1.166,-0.80467,-0.592,-0.954,-1.3067,-1.5293,-2.134,-3.152,-4.0007,-3.3587,-3.6827,-2.5093,-0.18733
1.5567,1.3767,1.2307,1.5267,0.578,-0.34933,-0.017999,-0.52667,0.13134,1.378,2.8473,3.5827,3.836,3.4467,2.788,3.9527,3.72,2.3053,2.8393,4.2553,4.1627,3.744,3.4027,3.7207,0.69867,1.2253,1.952,1.776,1.732,1.644,1.3907,2.5093,2.4307,1.7767,1.2507,1.9847,2.136,-0.338,-1.168,-1.1553,0.924,2.5387,2.0193,1.566,3.0833,2.642,3.6127,5.1667,4.08,5.7227,4.14,3.4007,2.8133,1.7547,1.2447,2.2587,1.444,1.652,1.826,0.972,0.53734,0.83067,1.7547,1.3693,2.5473,2.222,2.5933,2.978,2.8433,3.0513,2.7867,-0.095997,0.46267,2.7433,1.9527,-0.19,-1.804,-1.9147,-2.4,-1.096,-0.24733,0.36867,1.2313,-0.76467,-1.748,0.035335,2.362,1.8807,-1.0753,-1.648,-1.3267,-1.8173,0.232,1.7887,1.5693,0.94267,1.238,1.6353,0.496,-1.978,-2.9793,-1.1947,-0.552,-0.51533,-0.62933,-0.60866,-0.72866,0.60133,0.29,1.2713,0.55,-1.1053,-2.4353,-3.4127,-3.0613,-3.306,-5.11,-4.514,-4.186,-2.2187,-1.8307,0.66867
-1.3027,-0.24867,-0.48133,-0.48933,0.39334,2.3687,3.2307,1.6293,0.98,0.38,-0.50933,0.051335,1.6433,0.66,-0.69933,0.73934,0.89667,0.86734,1.7987,-0.063996,-0.264,0.41267,0.31734,0.16667,-0.13133,0.28067,1.18,1.4393,-0.40467,1.3287,3.3253,1.7693,0.065335,-1.286,-0.094665,-0.11867,1.07,2.602,3.6713,3.6787,3.182,3.3273,3.54,3.2787,1.2893,1.354,2.3487,2.954,1.8747,1.2,0.39467,-0.22333,-2.084,-2.1947,-0.516,-0.36066,-1.1873,-0.12067,0.32133,-0.402,-0.59533,-0.162,-0.484,-2.1773,-2.256,-4.0973,-3.4827,-0.81666,-1.6127,-0.086664,1.0533,1.8733,1.2753,-0.26866,-1.158,-0.24,0.60667,-1.642,0.648,1.5113,1.0533,-0.208,-0.098667,-0.22933,-0.48466,1.3207,2.9367,2.3553,2.5033,2.5207,2.188,2.93,2.1753,1.386,1.1027,1.1093,-0.16933,-0.338,0.254,-1.0093,-0.81733,-1.1993,-1.054,-0.86533,-2.5107,-3.5547,-3.024,-3.154,-3.4873,-3.7787,-3.212,-3.4433,-2.7433,-3.1673,-2.1293,-0.99933,-0.63733,-1.4253,-2.5113,-0.0093302,0.68667,2.7567
-0.47533,-0.50667,-0.206,1.2867,2.5687,0.484,1.0493,3.4133,3.3087,4.464,2.9447,3.832,4.3213,3.5867,4.4427,4.2993,4.1233,3.0547,2.2493,1.778,1.4773,1.9247,2.4607,1.4313,0.518,0.144,1.5813,0.99534,1.738,3.002,1.5207,1.7747,2.602,4.514,3.9233,3.362,2.9507,3.9953,4.1973,4.348,5.3513,6.5247,4.3247,1.304,0.45133,1.772,2.6153,0.902,0.26534,-0.426,0.778,1.668,2.1233,2.9873,1.2473,-0.28466,-0.24333,0.382,0.674,0.246,0.21334,-0.28333,-2.1267,1.27,2.4573,-0.10133,-0.59866,-0.89533,-0.78733,-1.9567,-1.138,1.736,3.806,2.1453,1.9347,2.4933,2.5213,1.6707,2.1213,1.8847,1.8753,0.67,-0.27067,1.1467,1.248,-1.226,-2.326,-1.9227,-1.6953,-0.035332,-1.4807,-2.0327,-1.344,-1.1333,-1.1773,-1.1447,-0.49666,-1.208,-0.656,-0.56666,-1.0747,-1.4267,-1.3727,-1.7653,-1.1587,-0.516,-3.2927,-2.172,-2.172,-2.8387,-2.6793,-2.5307,-2.8707,-1.8993,-1.2413,-0.39667,0.18134,0.052002,-0.11533,-2.324,-3.99,-3.6533
-1.3907,-1.2447,-1.8807,-1.922,-1.7513,-0.43266,-0.25733,0.14134,0.94,0.26867,0.018669,0.92534,0.9,1.478,2.826,3.8893,2.202,2.0533,2.256,2.0653,1.406,1.426,1.122,0.616,0.6,1.4133,0.47267,-0.47133,-0.61733,-0.71533,0.93867,1.3373,1.0747,1.342,1.0847,0.156,0.59267,1.3927,2.1147,1.272,0.75134,1.4647,0.99467,0.57934,-0.082663,-1.0867,0.28267,-0.22533,0.858,0.518,2.3333,3.286,2.9153,2.196,-0.27333,0.024668,-0.065333,-1.414,-1.7827,-1.258,-1.8893,-1.958,-1.4593,-1.1013,-0.065999,0.636,2.308,2.5373,2.3747,2.9907,3.3093,3.9527,4.0467,3.6813,2.3207,0.37134,0.154,0.92267,0.60534,0.75467,-0.11066,0.36867,-0.76067,-1.6467,-1.1913,-0.432,0.57334,0.236,-1.7633,-2.7147,-2.7853,-2.6607,-2.4667,-1.49,-0.946,-0.562,0.092003,-0.25067,-1.0013,-1.0247,-2.0447,-1.6947,-1.8987,-2.2013,-1.8813,-2.686,-3.3,-2.6587,-1.434,-1.3907,-2.532,-2.5513,-3.256,-1.6867,-2.6993,-1.5987,-1.23,-1.9667,-3.0387,-2.0853,-1.9253,-1.6833
-2.988,-1.248,-1.4073,0.55267,1.7513,1.8467,2.4287,2.5073,1.3227,-0.29333,0.84333,0.76067,0.162,0.83134,2.296,2.0467,3.6833,4.39,3.4467,3.296,3.074,2.0907,1.9927,1.342,1.368,2.062,2.788,2.4033,2.5787,2.8573,3.284,2.828,2.5587,3.6507,4.268,4.7653,4.478,2.012,2.542,3.9987,2.69,4.3733,2.3607,1.7907,2.614,3.582,2.5127,0.89534,-0.39,1.0467,0.874,0.28134,0.97533,2.7127,3.0007,2.8073,3.1647,5.2947,2.8167,0.14067,0.28533,1.716,1.374,0.72334,-0.13733,-0.59133,-0.41,-0.77466,-0.05933,-0.536,0.17667,1.332,0.61467,0.15334,0.36667,-0.021998,-0.55067,-1.0033,-1.0833,1.058,0.72534,0.466,-0.68666,0.93667,1.788,1.5113,1.0653,2.5313,3.0987,2.4273,2.0933,0.832,0.374,1.2553,1.0273,0.88067,-0.49467,-0.41,-0.61266,-2.412,-2.9367,-0.95,-0.96733,-0.482,0.35067,0.866,0.55267,-0.12266,-0.072664,-0.35133,-2.3087,-3.104,-2.438,-1.96,-2.338,-1.992,-1.9507,-3.096,-1.872,-1.7093,-1.692,-3.506
-2.8567,-1.7213,-0.812,-0.083331,-0.21533,0.59667,2.1353,5.012,4.606,3.674,6.064,5.9967,6.54,6.102,5.124,3.7247,3.704,3.2633,2.8493,2.9113,1.7687,0.816,0.11734,0.748,0.918,0.73134,0.33533,0.41,-0.23333,0.54534,0.24467,0.532,-0.73333,-0.70333,0.29734,-0.61067,-0.78333,0.44667,0.32,-0.24866,-0.88333,-0.37866,-0.418,-0.57133,0.31,1.1133,2.1233,1.3467,2.882,1.898,1.4287,0.22267,-0.44067,-1.122,0.16734,0.83134,1.4107,1.0687,1.3267,0.56067,0.0053365,1.0367,1.9227,1.152,1.9167,2.1407,3.1367,3.7453,2.0413,2.4753,2.1733,1.7227,2.33,2.7273,2.5987,2.1967,2.2173,2.6533,1.8387,0.41,0.92734,1.2967,0.924,-0.50933,-1.072,-1.7327,-1.2147,-2.7493,-3.1127,-2.1053,-1.1013,-1.418,-2.336,-1.44,-3.344,-3.404,-2.4393,-1.3633,-1.0867,-0.156,0.45,0.08667,0.12,-0.49,-1.0167,-1.8593,-2.188,-1.146,-2.0493,-2.6153,-2.1033,-2.5793,-3.028,-3.4407,-2.9753,-2.1753,0.26,1.3553,-0.41266,-0.14533,0.58734,1.2307
-2.4187,-1.756,-2.1153,-1.264,-0.54266,0.054669,-0.15866,-0.58067,0.42534,1.4,0.99333,0.055335,-0.708,0.067336,0.88867,0.83867,0.55534,1.9867,3.3713,3.2227,3.4413,3.938,2.958,3.82,4.2113,5.4447,6.0007,5.582,6.5167,6.012,5.822,4.7313,5.3007,4.39,4.072,2.9787,0.812,1.0073,1.624,1.678,1.5387,-0.484,0.41467,-0.61133,-1.8573,-1.9927,-1.2,-1.782,-1.1707,-1.46,-0.06733,0.55534,2.0447,1.7873,1.926,1.8073,2.022,3.0213,2.9253,1.4453,2.222,2.586,2.6727,2.1987,2.7467,2.4107,2.8073,4.0073,4.118,3.0387,1.2693,1.074,1.636,0.638,0.562,2.654,3.894,2.096,0.96734,1.268,1.8287,0.0033335,-0.11666,-0.676,-1.314,-0.63733,-1.1867,-2.422,-2.7327,-2.8353,-2.9173,-3.0267,-2.5007,-3.406,-3.9053,-3.632,-1.488,-1.3373,-1.9173,-2.1687,-0.72266,0.050005,0.52734,1.072,2.6927,3.5213,3.2027,3.7793,1.812,0.79934,-0.508,0.31934,-1.492,-0.65466,0.03667,-0.102,-1.0847,-2.0327,-2.6593,-3.3907,-3.2113,-1.952
5.6867,4.3467,2.8387,2.0093,-0.0073313,-0.22933,-0.30533,-0.87333,-0.80933,0.042669,0.94267,1.8593,0.89,-0.30066,-0.025332,-0.22533,-1.6993,-2.704,-3.0567,-2.8867,-0.059331,0.95134,1.7033,1.0087,3.1847,2.5307,2.882,3.842,2.7473,3.3653,3.5293,2.424,1.6113,1.536,3.5147,3.89,2.2307,2.3113,2.716,3.1193,3.5973,2.6387,1.6353,2.342,2.06,1.658,3.0033,3.8853,4.644,3.884,3.0147,3.952,2.6273,1.448,0.81734,1.2067,1.9987,3.1113,2.6707,3.2273,3.89,2.8833,3.3153,2.48,2.172,2.8713,3.1313,3.6493,3.616,2.5747,2.7833,3.4433,2.0187,3.226,2.6553,2.6967,1.4067,2.52,3.2267,2.7313,0.74667,-0.474,-0.055997,0.032003,-0.61066,-0.31333,0.31867,-0.35933,1.1933,0.222,-1.4133,-2.346,-0.76533,-1.2927,-3.544,-5.008,-5.2573,-4.8447,-3.4113,-2.5147,-2.8353,-3.4193,-1.8447,-0.914,-0.724,0.41067,0.49267,3.536,2.8153,1.3407,2.8733,4.4907,3.6267,2.5453,2.9367,3.8693,3.52,0.94333,0.36467,-0.38066,-1.138,-1.0273
1.1453,4,4.984,5.1593,3.4533,1.754,-0.292,-0.85666,0.30067,-0.015995,-0.492,-0.88,0.78334,2.0933,2.8233,5.1113,6.678,6.118,3.1547,1.858,0.944,-0.77067,1.732,3.7353,3.04,1.6747,1.542,3.3707,4.018,3.32,3.2627,3.2273,3.1367,2.162,1.462,1.5447,2.2493,3.822,2.6313,2.126,2.4307,1.8527,2.176,3.1307,3.5773,1.1527,1.6487,1.176,1.192,0.23534,1.296,2.4947,1.1213,0.846,0.97667,-0.28933,0.80067,0.022003,-0.099997,0.50867,1.128,0.71267,1.4467,2.326,1.964,3.1033,2.9953,3.1227,3.1833,2.746,1.988,1.526,1.0633,1.3173,1.9213,1.0233,-0.18467,0.12134,1.0133,1.5833,-0.74466,0.19667,1.6673,1.2393,0.10534,-0.94,-0.17,-0.64066,-1.182,-0.47,0.30734,1.254,1.036,1.8733,3.2307,1.1107,0.81334,2.148,1.1247,-0.452,-2.9033,-2.842,-2.1333,-0.93133,-0.46866,-1.16,-2.136,-1.7213,-1.1547,-0.03933,-0.0039968,0.172,0.22867,0.45734,1.49,1.8273,0.80667,0.76934,-0.011328,-1.8187,-1.6267,-1.91
-0.20133,0.084005,2.7453,6.8047,6.8587,5.7827,4.792,3.6673,4.4747,3.0687,3.9173,3.736,3.5673,4.3513,4.0687,3.856,3.2767,3.17,2.7387,1.852,0.14333,0.87867,1.1793,1.066,1.7693,2.9353,3.376,4.3473,4.106,2.892,2.0193,1.584,1.396,2.3027,2.31,1.9767,1.498,0.79267,0.90267,1.8393,2.344,2.6207,2.3347,1.2427,0.31533,0.34067,0.62534,-0.10733,0.37267,1.2967,-0.077331,-0.54933,0.112,-0.32667,-0.384,0.83534,1.436,2.0167,2.762,3.2513,2.0413,1.6547,0.46334,0.42667,0.254,1.1167,0.308,1.23,1.8687,1.7207,1.22,2.6113,2.8887,1.954,1.3953,0.664,-0.32667,-0.49333,-1.466,-0.836,-1.3187,-1.174,-0.65133,-1.394,-2.65,-3.068,-3.2113,-3.048,-3.116,-3.154,-2.366,-2.7133,-3.662,-4.6093,-3.3653,-2.9993,-1.6473,-0.41,-1.446,-1.474,-2.092,-2.3227,-1.7233,0.34934,1.4187,1.4527,1.2227,0.63867,0.047335,0.42,0.178,0.37267,-0.87267,-1.49,-2.108,-1.8867,-1.806,-2.0767,-1.3893,-1.2947,-0.89867,-1.4907
3.442,2.784,1.1247,2.53,3.0333,1.592,1.0367,-0.039997,-0.54866,0.16267,1.334,1.2967,0.61667,1.2793,1.3747,1.1873,-0.622,1.094,2.1753,4.0913,3.5267,2.58,2.816,2.5867,2.328,2.0367,2.164,1.914,2.3847,2.7527,3.0053,2.828,2.6,2.0853,1.834,3.012,2.6227,2.456,3.4427,4.888,5.89,3.8847,5.016,6.372,6.2333,4.7593,4.628,4.846,2.1967,2.2427,3.1733,3.382,3.6447,3.7293,3.3913,3.228,4.5067,5.5213,4.0927,3.4507,2.6587,2.8127,1.42,1.3427,2.6947,2.0427,2.5013,1.8993,1.3027,2.3927,3.12,2.4387,1.9867,0.842,-1.254,-1.0393,-0.10933,-0.76866,-1.2107,-2.0027,-1.5393,-1.2793,-0.32266,1.0867,1.2193,0.93334,1.1207,1.654,2.4373,2.1787,2.3387,1.0953,-0.51733,-0.37133,0.8,0.49733,1.1973,0.73667,0.74867,-0.43733,-0.73733,0.44933,0.478,0.20067,-1.3207,-1.648,-1.9627,-2.2813,-2.3667,-1.9753,-2.4233,-3.21,-4.3333,-3.0253,-1.0613,-0.676,-0.84067,-1.0487,-1.6853,-2.004,-2.306,-1.4587
5.6513,2.6327,0.384,-0.564,0.75133,3.6673,3.688,0.75733,-1.1087,-0.13666,-0.10133,0.822,2.8527,5.0693,6.148,4.7,2.882,1.466,-0.018666,0.14134,0.62933,0.378,1.5653,3.1427,2.438,1.7673,2.55,4.206,4.072,3.9073,3.424,3.8127,3.158,2.6033,3.6933,1.9667,2.1067,1.0247,-0.097996,-1.3487,-1.842,0.766,2.2453,1.348,0.43134,0.444,2.8267,3.1007,3.2707,2.8007,0.802,2.3293,1.7867,2.978,4.2473,3.5733,4.736,4.4053,3.0667,3.588,2.6833,1.8047,2.0213,2.3053,2.2413,1.1827,0.053337,2.4787,2.988,0.82934,0.21933,-0.53067,0.16134,-0.38466,-0.69733,0.50467,-0.126,0.44267,0.13134,-1.218,-2.872,-2.2793,-2.032,-2.7153,-0.62,0.41334,-0.31666,0.59534,0.818,0.71334,1.8173,4.614,2.484,0.97267,1.738,2.686,1.676,1.9347,0.95267,1.856,1.7173,1.5713,0.888,0.876,-0.326,-0.65666,0.62667,0.26534,0.013334,-0.53533,-0.88067,0.88134,1.0633,-1.3207,-1.23,-0.772,-1.4567,-3.1113,-2.38,-1.4287,-0.756,-0.86467
2.792,3.3427,3.0233,2.594,2.1767,2.8307,3.8533,2.6973,3.524,4.1313,4.3733,4.8513,5.0353,4.496,5.3353,4.4447,3.9313,3.5853,2.6327,3.2713,2.7733,1.4873,1.07,1.7567,3.6373,3.74,2.232,3.24,2.6093,2.5953,2.9587,3.3627,3.872,3.73,1.6893,2.3393,2.3707,2.8933,2.4727,1.3313,-0.498,0.264,0.27933,2.324,3.6187,4.6187,5.1033,4.9747,2.442,2.896,3.888,3.67,2.9473,2.6373,0.96067,1.866,1.642,1.5887,0.97867,1.404,1.388,2.7553,3.5727,4.302,3.302,1.7827,1.5847,1.3747,2.304,2.4907,2.2653,1.6927,1.9353,3.4033,2.574,1.6473,1.3427,2.5407,2.6913,3.2247,-0.47533,0.54134,-0.54866,-1.9847,-0.035331,0.19133,0.194,1.4687,2.726,2.4387,3.91,4.04,4.1247,3.5387,3.1893,2.4147,2.7593,3.284,2.3053,2.9387,4.1073,3.394,1.762,1.4333,1.6673,1.0053,1.1947,1.268,2.1547,1.8607,0.76,0.69134,-0.516,-0.39133,-0.74933,-0.47866,-0.026,-0.029999,-0.288,-0.15933,-1.3827,-2.1987
2.298,1.8467,2.1947,2.0293,2.4407,2.8307,2.9427,2.1847,3.412,3.444,3.472,3.8967,4.0653,2.578,1.1513,1.5033,3.0667,4.2147,2.7827,3.1707,3.2567,2.406,2.7287,3.5747,3.3133,2.996,2.5907,2.2707,2.1753,1.7127,3.432,2.9587,3.028,2.6393,2.7113,1.964,3.148,2.9313,1.7507,0.97267,2.076,2.178,0.814,0.93467,0.69934,0.50067,-0.29933,2.2873,2.374,2.7873,2.2387,1.8233,2.1873,2.8913,2.1467,1.9253,1.1407,1.3927,2.2267,3.4493,3.5953,2.8013,1.552,4.0007,4.02,3.476,1.78,2.8333,2.5293,4.3927,4.4887,3.2233,1.134,0.50867,0.84667,1.1913,0.65,2.064,1.2633,1.7233,2.2253,1.8733,2.4567,0.92601,-0.16733,-0.13133,1.5133,3.3307,3.5173,2.4573,2.3913,1.9033,2.004,1.8467,2.2513,2.8947,4.2467,3.656,3.226,2.5727,1.9673,2.406,2.884,2.042,2.2027,1.57,1.182,1.124,1.2793,-0.81733,-2.3307,-2.284,-1.1253,-0.29266,-0.26466,-1.1267,-1.1593,-1.6713,-2.814,-4.3767,-3.9393,-2.7987
1.438,4.0687,3.326,2.8107,0.58134,-0.294,1.6687,3.286,4.5027,4.1467,3.9713,4.802,4.5733,4.0633,3.6093,4.0247,4.1753,3.9133,2.5073,3.2467,2.188,3.192,3.4107,3.8253,4.5853,4.83,4.6013,5.06,5.686,5.244,4.8867,3.5793,2.3587,3.1173,1.918,1.4167,1.8127,1.928,2.4647,0.82134,1.4433,2.4827,1.942,0.73334,0.86267,1.176,3.5947,3.1747,3.376,4.2267,3.204,3.8553,4.178,4.538,5.0913,5.704,4.8707,3.9333,2.8767,4.846,3.988,2.992,3.4227,3.0147,1.47,1.2027,1.5333,2.8173,1.65,1.1587,1.452,1.9493,1.562,1.0647,2.0333,1.5953,2.4833,2.8487,1.296,1.444,0.38667,0.85334,0.76534,-0.72133,0.13934,0.538,0.794,0.42067,-0.37333,-1.0293,-2.218,-2.4787,-1.8647,-2.52,-1.4293,0.15267,0.40067,0.77334,0.85667,-0.81533,-2.5387,-1.998,-1.2033,-0.94533,-1.448,-2.0307,-0.28266,-0.90666,-1.5893,-1.4153,-2.1873,-0.62866,0.194,1.3467,1.41,1.2907,2.704,4.004,3.4853,3.4333,2.6447,-0.097333
1.328,0.74533,2.1433,2.114,2.3687,2.432,3.1793,4.538,5.8173,6.8413,7.3013,6.4773,3.8767,3.7207,4.1513,5.1227,4.4553,4.9027,4.5427,3.0413,2.7893,1.8927,0.59334,-0.07933,1.0053,0.616,-0.444,-0.98067,0.40867,0.57,0.66667,-0.16466,0.43534,0.822,0.75467,0.498,0.57667,2.1073,2.434,2.8613,3.1967,3.916,4.2413,4.03,3.622,4.296,5.6733,5.032,5.2087,5.0387,3.774,4.1613,4.8627,4.0647,3.7613,2.4487,2.308,2.134,3.904,4.4613,4.1587,5.222,3.9107,4.172,5.2373,5.4287,4.3833,3.4493,3.754,3.1593,2.0267,2.4293,3.2807,1.3933,1.5067,1.002,1.66,0.12334,-2.2347,-2.4613,-2.8587,-2.388,-2.3607,-2.0947,-0.34133,-0.091333,-0.62467,-0.81133,-0.81333,-1.3133,-1.1673,0.59667,2.442,3.3747,3.2147,2.2987,1.8893,0.37467,0.54534,1.0227,0.51934,-0.15466,0.518,-0.19,-0.60933,-0.562,0.328,-0.38533,-1.0693,-0.99266,-1.7153,-1.424,-2.1707,-1.948,-1.6453,-3.4227,-4.3313,-3.7513,-4.098,-2.754,-0.56333,-0.18267
