0.96467,1.6387,1.768,0.72533,0.085336,-0.41,-0.97666,-0.61333,-0.81133,0.071335,-0.512,0.058668,-0.24,0.646,1.3807,1.4853,1.568,1.84,2.296,2.0833,1.972,1.0853,1.026,0.752,1.0273,2.022,1.774,1.4433,0.94667,0.78133,1.5387,2.732,3.4033,3.1047,2.7293,1.834,1.2847,0.94867,1.972,2.5707,3.8813,4.1407,4.344,4.096,3.2547,3.0933,3.4433,2.6993,2.008,1.0847,1.776,1.956,2.3847,2.4553,2.512,2.4747,2.9093,1.4373,1.8347,3.7847,4.0487,4.3427,4.546,3.54,3.1367,3.2113,2.4953,2.9247,2.658,2.5573,2.5987,2.8307,2.162,0.868,0.39534,0.22,0.54733,1.1207,2.2147,2.51,1.2173,0.97133,1.5107,0.784,0.21667,0.45067,0.694,0.18467,0.44667,1.0627,1.2327,1.6047,1.3967,1.338,0.3,-0.672,-0.039332,0.54134,1.048,0.5,0.66267,0.85467,1.2113,1.3567,1.2833,1.016,0.398,-0.274,0.23267,-0.22667,-0.96867,-1.2093,-1.656,-1.1187,-0.33667,0.75467,0.68933,0.28267,-0.43,-1.1127,-1.5047,-0.74733
1.732,2.1487,0.496,0.022669,0.668,0.54933,-0.45133,-1.29,-2.3233,-1.7167,-0.52533,0.013334,-0.372,-0.37133,0.39734,0.86534,1.084,1.0913,0.60533,0.642,0.37667,-0.30266,0.232,0.92534,0.81267,1.1227,1.7573,1.0313,0.99934,2.438,2.7607,2.3093,3.032,3.4,3.1947,3.034,4.0527,3.648,3.5367,3.7147,3.6313,3.594,3.5247,2.6087,2.076,0.80133,0.58533,1.7627,2.4293,3.0673,2.844,3.0693,2.9413,3.194,3.5027,3.7087,3.44,3.186,2.898,3.2547,2.9707,2.1407,1.3167,1.938,3.3247,3.99,3.616,3.1147,3.286,3.4647,3.1027,2.8113,2.4547,2.4853,2.4533,2.8747,3.4573,3.5113,3.1093,2.6793,2.178,1.6733,1.3727,1.8647,2.6007,2.4507,1.7347,1.2193,1.4127,2.3713,2.5827,1.676,1.2287,1.782,2.0433,1.598,1.0387,0.646,0.44467,-0.08333,-0.093999,0.59933,1.1613,1.2507,1.4027,1.058,-0.20333,-0.46667,-0.0093323,0.444,0.47934,0.0073364,0.43667,0.68933,0.68067,0.72134,0.70667,0.85067,0.80267,1.2867,2.352,1.8533
-0.070665,0.99867,1.0107,0.69334,0.97933,2.4747,2.3587,1.134,-1.804,-2.1993,0.16733,1.77,0.89933,2.1093,2.388,1.7573,2.0147,2.6073,3.1487,3.3787,3.4353,3.4933,2.8013,2.1693,1.7987,1.892,1.91,2.6107,3.2,2.7413,2.3347,2.7313,3.3607,3.562,3.7267,3.0747,2.444,1.198,0.742,1.228,0.952,1.5053,2.684,3.4987,2.8513,2.9413,3.1373,2.9273,2.9833,3.318,3.5807,2.804,1.712,1.6253,1.1687,0.098,-0.89,-0.84733,-0.057332,-0.386,0.45867,2.522,2.8607,3.0133,3.2473,2.8107,2.0413,1.138,1.4587,2.57,2.6387,2.6793,2.4813,2.7513,2.4953,2.5953,2.26,2.9287,3.0213,2.946,2.548,2.102,1.948,1.752,1.6407,1.5633,1.6793,1.5327,1.4593,1.2867,0.908,1.3307,1.0713,0.568,0.33734,0.40867,0.56667,0.87067,0.53534,0.45267,-0.21667,0.00066833,-0.18267,-0.85933,-1.522,-1.1213,-0.80933,-0.54133,0.34467,1.4627,0.68467,0.144,-0.54466,0.37334,0.35267,-1.02,-1.8587,-1.0127,-0.582,-1.3227,-2.2393,-2.316
-0.50667,-1.54,-0.92466,-1.1373,-0.608,-0.80933,-0.82,0.48734,1.3487,0.714,0.244,1.0247,2.1453,1.6747,2.6187,2.8293,1.972,1.3153,0.84334,0.892,1.054,0.90267,2.0653,2.3047,1.8567,1.064,1.35,2.444,3.5133,3.936,3.6613,3.788,3.77,3.0313,2.504,2.2373,2.746,2.486,2.294,2.2987,2.046,2.6007,2.834,2.7953,2.6453,3.0873,3.3787,3.262,3.2113,2.374,1.298,1.2067,0.97667,0.35067,-0.15533,-0.091998,1.2193,2.1787,2.0033,1.9373,2.5053,2.432,1.8887,2.1867,1.9267,1.666,1.6907,0.202,-0.488,-0.18466,1.5713,1.6767,1.688,1.9573,1.822,1.8053,2.3627,2.0233,1.8573,2.4373,2.9013,2.8487,2.8753,3.2187,3.0933,3.234,3.2647,2.5473,1.9733,1.7367,1.4787,1.424,1.398,1.0573,0.50733,0.23734,0.036667,0.254,0.0060038,0.55067,0.48667,1.022,0.86667,1.0627,1.6147,1.3107,1.8573,2.07,2.0947,1.4367,1.5813,1.3307,1.3593,0.50734,0.248,-0.322,0.696,1.5407,1.782,1.7773,1.526,0.38134
0.98267,0.49134,0.22534,0.11134,0.62867,0.84467,-0.46467,-0.324,0.104,0.11,0.53334,0.88733,1.5513,2.048,2.1693,2.4213,2.424,2.5033,1.8907,2.0567,2.4633,2.5927,2.2207,1.9567,1.724,1.0527,1.664,2.482,3.0013,2.728,2.0093,1.7467,0.746,0.874,1.048,2.1933,3.028,2.784,3.1367,3.8533,3.3407,3.1793,3.282,3.222,2.3073,1.5273,0.65133,0.84667,1.0273,0.818,0.63467,1.2093,1.73,1.4267,1.5233,1.3707,1.6593,1.6647,1.93,2.1973,2.8187,2.3247,1.1847,0.19333,1.262,2.9253,2.228,2.028,1.8373,2.5393,2.1867,1.2907,0.75734,0.644,-0.13866,0.79133,1.4347,2.0973,1.5327,0.35867,0.42533,0.98534,1.308,1.3947,1.964,2.3467,2.7987,2.4453,1.858,1.598,1.106,0.78333,0.85467,1.0073,0.91933,0.95733,1.0507,0.49267,0.76867,0.45667,0.092003,-0.63267,-0.20867,0.274,0.646,0.53667,0.63267,1.1153,0.652,0.922,0.822,1.092,0.68467,0.018,0.58867,1.2613,1.9953,2.194,0.65134,-0.17733,-0.76267,-0.46133
0.043335,0.49067,0.041335,0.316,0.454,0.14467,0.75867,1.296,1.5107,1.226,0.81667,0.65533,0.0053345,-0.75,-0.75333,-0.28266,0.65933,1.358,0.53734,-0.48,-0.53267,1.262,2.882,3.1467,2.8147,3.9887,4.4747,3.8313,3.4847,2.4533,2.9787,3.362,3.7633,3.5173,3.5587,2.556,2.7073,3.4033,2.9813,3.2813,3.504,2.4567,1.5833,2.1013,2.1453,1.87,2.0647,2.148,2.5947,2.8113,3.168,2.7727,2.2793,2.0287,1.2673,2.1767,2.2667,2.188,0.88134,0.072001,0.92667,1.602,0.39267,-0.87133,-0.18333,0.48867,2.3047,2.9787,2.8993,2.014,1.5267,1.0893,-0.34666,0.070002,0.13867,-0.20133,-0.18133,0.54667,1.4547,2.2587,2.7707,2.3067,1.7993,1.6533,1.2573,2.0247,2.2413,2.1613,2.294,1.9347,2.1793,1.9567,1.25,0.86733,1.076,1.6793,2.0193,1.1667,0.668,1.0367,0.33267,-0.18866,0.36867,1.3753,1.712,2.4087,2.9247,1.09,0.078671,0.056001,0.744,1.066,1.214,0.27067,-0.031999,-0.22066,-0.84333,-0.994,-1.0013,-0.64133,-0.83733,-0.582
1.5273,1.4813,1.2873,2.0113,1.4907,0.61067,-0.60467,0.24,2.5373,3.168,3.2393,3.5353,3.48,2.9533,2.4847,1.858,1.3507,0.95,0.92867,1.9093,1.7873,1.9613,2.0827,1.8793,1.3167,0.81,0.92133,2.0807,2.902,3.2433,3.134,2.7187,1.804,1.1447,0.30267,0.056002,1.1093,1.762,1.672,1.698,2.016,2.5553,2.5553,2.33,1.9273,2.9093,2.3533,3.0107,3.2447,3.0487,2.6847,1.9353,2.2473,2.592,3.2973,3.576,3.496,2.6807,2.496,2.0893,2.4327,2.7387,2.1913,1.4233,1.0367,0.85334,0.826,0.876,1.0533,0.506,1.7173,2.37,3.1767,3.4727,2.844,1.9793,1.6673,1.616,2.3933,2.7553,2.354,2.968,3.064,3.324,3.4813,2.926,2.42,1.7433,0.258,-0.23266,-0.29733,0.246,0.26067,-0.216,-0.558,-0.56,-0.358,1.7153,2.1193,0.53333,2.02,2.658,1.882,1.3033,1.416,0.85,0.21934,-0.516,-1.0253,-0.328,0.80134,1.2807,0.32667,-0.24933,1.058,2.8313,1.8173,-0.32466,-1.842,-1.932,0.55467,2.2647
0.80067,0.98,0.68334,0.226,0.012669,-0.18933,0.019334,0.98534,1.508,2.2593,2.6167,2.626,2.2527,0.962,0.27267,0.45,0.84467,1.6307,1.9507,1.7693,1.6173,1.1853,1.226,0.89133,1.0333,1.7313,1.6573,1.3807,1.1173,2.0447,3.0247,3.7873,3.8933,3.7893,3.7487,3.2053,3.102,2.5433,2.4113,2.1433,2.0067,1.8747,2.0013,2.7527,3.0013,3.3447,3.3613,3.6973,3.3233,2.7327,1.9327,1.7127,2.2033,2.8933,3.252,2.7533,2.66,2.9387,2.65,2.4193,2.676,2.6,1.3527,1.572,1.894,2.2467,2.816,2.326,2.1333,2.5247,2.5473,2.4833,2.5053,2.484,2.2827,1.8547,2.176,2.0873,2.3667,2.4673,2.0993,1.836,1.852,1.392,1.5193,1.4347,0.56267,-0.028,-0.298,-0.72,-0.069999,1.2113,2.4933,3.0947,1.948,0.44867,1.1587,2.102,2.1907,0.76134,-0.11666,-0.204,0.059336,1.3053,2.0207,2.2573,1.8713,1.596,0.82533,0.32733,-0.284,-0.12733,0.33734,-0.53333,-0.092666,1.294,0.96734,0.066669,0.23267,0.57667,0.69933,-0.50933
1.9233,2.5653,3.1827,3.73,3.7373,3.5967,2.8673,1.0927,1.0387,0.56867,0.30867,0.89,1.0293,1.462,2.098,2.6853,2.018,2.5793,3.3347,3.1013,2.8487,1.9593,1.7127,2.4193,0.936,1.1973,2.8687,2.4153,2.446,2.118,2.496,1.7313,0.324,-0.032662,0.432,2.17,2.1273,1.5,0.91867,1.4807,1.6807,1.6167,1.7353,3.2393,3.1993,1.466,0.71534,1.654,1.6013,2.0913,2.2447,2.226,1.8667,2.264,2.0813,1.5827,1.524,1.3433,1.0673,1.2047,1.1333,0.916,0.698,-0.144,-0.72,-0.29133,2.1953,1.5567,1.288,1.28,2.478,2.3753,2.186,2.3067,1.8033,1.8087,1.0687,1.706,2.2427,2.3613,2.3533,2.0773,2.206,2.2493,2.2033,2.3253,2.086,1.9787,2.0293,0.18067,-0.662,0.27067,0.50933,1.16,1.0893,0.88467,0.66267,1.0973,1.5807,1.674,1.5267,0.51333,0.49667,0.95067,0.88334,0.7,1.2513,1.1867,0.36533,-0.6,-1.4707,-0.50933,-0.44,-1.5327,-2.0027,-2.1533,-2.1767,-1.3213,0.027333,1.368,1.0973,0.46334
1.97,0.98667,-0.77266,-0.572,0.476,1.4613,1.7927,1.31,0.44,0.54134,0.906,1.0327,1.646,1.5433,0.73134,0.43467,1.4487,1.4667,1.138,1.3553,0.536,0.12733,0.64134,1.0227,2.0847,1.7553,2.1033,1.76,2.2133,2.046,1.22,1.5973,0.48,-0.035332,-0.37133,1.2573,1.652,1.3593,1.4233,2.782,2.1247,1.5247,1.046,0.80333,1.2913,1.6293,2.7867,2.9233,2.3167,2.0393,1.6093,3.2827,2.758,1.6107,1.5207,1.1933,1.5093,1.8807,1.724,2.2307,2.0287,0.18,-0.768,-0.031332,1.9233,2.3133,2.034,2.1947,0.7,-0.72666,-0.464,1.0347,1.4387,1.1827,0.75067,0.56934,0.74,0.666,1.646,0.88734,-0.254,-1.1013,-1.3833,0.68867,2.6167,1.99,1.184,0.57134,0.048668,-0.68933,-0.632,-0.059997,0.36267,0.126,1.6553,1.3367,1.478,0.782,0.46133,-0.538,-1.2587,-1.706,-2.9913,-2.3853,-1.1387,1.1513,1.9593,0.29,-0.376,0.061336,-0.35933,-0.522,-1.0207,-0.218,-0.14733,-0.31466,-0.208,0.45067,1.2513,1.0967,0.27067,-0.41533
-2.1693,-1.5473,0.45267,0.86534,1.0687,1.3113,-0.028666,-0.68333,-0.098665,-0.17933,-0.23667,0.76,-0.288,-0.394,0.246,0.80667,0.57333,0.88667,2.312,3.7907,2.8833,2.0933,2.1913,1.338,1.558,2.2213,2.234,2.1547,1.154,0.57667,0.80333,1.1613,0.924,0.356,0.99534,1.03,1.1827,1.2207,1.5793,-0.54467,1.6893,2.3627,1,1.0253,1.7007,1.41,0.688,0.22067,0.97067,1.6427,1.2853,1.1693,1.8673,1.9233,2.5087,3.3113,2.4807,1.8353,1.6767,1.744,1.692,1.82,1.5327,2.1733,2.14,3.0293,2.974,2.1693,1.4953,1.4673,1.9353,2.286,1.888,1.5393,0.996,1.0293,0.77467,-0.53533,-1.2147,0.098668,1.106,1.4127,0.4,1.098,0.686,1.0227,0.574,0.28267,-0.66666,-1.1453,-1.7233,-1.608,0.248,1.6387,1.8107,1.752,1.876,2.1407,1.8047,0.322,-1.5247,-0.57,1.1687,2.4867,2.3627,1.4427,0.87467,1.7813,1.97,1.8847,1.3087,-0.15866,-0.87333,-1.8673,-1.5647,-1.396,-0.222,1.108,1.2173,0.19333,-0.89733,-1.18
1.2453,1.3687,0.89933,1.2853,2.5133,2.3427,2.0087,1.2147,2.012,1.7927,2.1487,2.1347,2.094,2.438,1.6593,1.462,0.63,0.55933,0.59467,1.3273,0.61667,1.3467,1.02,1.4213,1.9487,3.4913,2.102,1.0367,0.14667,-0.496,3.626,4.0247,2.606,0.44333,0.122,2.4267,2.9673,2.428,1.9927,1.2993,-0.15067,1.2107,1.6967,2.5353,1.5553,1.024,1.3733,0.66467,1.958,1.8567,1.6107,0.64067,0.112,0.82267,0.99533,1.2947,1.5747,1.5553,1.794,1.62,2.216,1.6867,2.1507,1.938,1.3353,0.77733,1.254,1.6713,1.6213,0.914,0.99933,1.1907,0.64534,1.434,1.746,2.5853,2.78,2.4973,2.338,1.132,0.45934,0.48,-0.068666,-0.48267,-0.16067,0.052669,-0.22333,-1.3953,-0.876,-0.36667,-0.26933,-1.1007,0.054668,-0.055332,0.226,0.19267,1.5367,2.066,1.382,1.3993,0.25933,-0.26866,-0.65133,-0.96667,-1.6853,-0.040665,2.2967,2.8347,1.8547,1.152,1.0467,1.7167,1.9113,0.788,-0.14933,-0.328,-0.772,-0.358,-0.512,-0.70667,-1.4487,-1.8167
-0.067333,0.122,0.49267,1.0013,0.59867,0.75067,0.79533,0.48667,0.44667,0.67867,0.91667,2.476,2.9773,2.752,1.914,1.202,1.012,0.49534,0.19667,-0.236,-0.672,-0.846,0.22667,1.374,1.6653,1.6553,0.30733,0.82467,1.8907,1.6853,0.85533,0.214,0.778,3.8947,3.736,2.4493,2.4267,2.9813,3.518,3.812,3.1907,3.284,2.5553,2.608,2.4627,1.862,3.026,3.4213,2.5273,2.2053,1.9,1.816,1.2507,1.1773,1.064,0.028002,-0.25866,0.54667,0.662,1.3053,1.6387,1.3733,0.56667,0.49934,0.48,1.6767,2.3373,1.788,2.1067,0.74533,0.31867,1.9273,2.352,1.7807,0.672,0.636,0.234,0.14333,1.1213,1.64,1.8987,2.3453,1.4827,1.256,0.81267,0.776,1.064,1.9653,2.032,2.0627,2.2413,3.1407,3.156,2.5813,1.9907,1.0933,0.17133,-0.041996,-0.18333,-1.284,-1.042,0.054001,1.1307,1.052,1.4093,1.92,1.9827,1.6187,0.38067,-0.66067,-0.48267,-0.11133,0.116,0.20733,-0.39333,-0.51133,-1.4033,-1.1427,-0.03,-0.1,-1.6033,-1.958
0.844,0.39733,1.06,1.1533,1.7933,2.2933,1.758,1.7533,0.978,0.89867,2.4047,2.7913,2.966,2.4173,2.308,1.8127,1.8207,0.76067,0.71934,0.41267,1.2373,2.712,2.7393,3.086,2.7607,2.0253,1.786,1.1853,1.188,1.8933,0.788,-0.016667,0.866,1.3247,1.6953,1.802,2.9453,2.804,2.65,3.3233,2.554,1.716,3.1467,3.8593,2.3927,1.4853,1.0467,2.1587,1.566,-0.41666,0.31133,-0.15267,0.986,1.5633,2.002,1.7487,1.2667,1.2293,2.0047,2.092,1.7827,1.576,2.08,1.8287,2.3247,1.9013,1.9313,2.324,2.4407,2.4593,3.1567,2.642,1.1827,0.948,0.95467,2.0433,1.722,1.3867,0.093335,0.85333,1.892,1.1793,0.46,-0.24267,-0.81067,0.26867,2.2213,2.5227,0.886,0.438,0.94133,1.164,0.604,0.646,0.66467,0.87533,1.0853,1.1533,0.78467,0.55467,1.1853,2.158,2.3147,1.8047,0.83133,-0.51733,-0.41733,-0.36466,-0.42,-0.264,0.09,0.28867,0.26,-0.52066,-0.982,-0.84133,-0.72067,0.099333,0.618,-0.22,-1.126,-1.61
0.924,1.6127,0.89933,-0.45067,-0.48133,-0.582,-0.059331,0.9,2.572,3.024,3.2667,3.2893,2.684,2.028,0.168,-0.21533,0.46134,1.5227,1.4167,1.408,1.578,1.6887,1.8967,1.5167,1.372,2.3333,2.7113,2.0967,1.7253,0.798,0.13533,0.838,1.35,0.92733,1.6707,1.5607,1.35,1.866,2.078,1.4613,0.28867,-0.24333,1.6467,2.4553,1.3787,0.568,2.6153,4.038,2.716,1.8447,-0.25933,-0.538,0.60933,1.484,2.8227,3.4773,3.06,2.6153,1.4707,1.0333,1.362,1.8253,2.5313,1.724,0.79734,0.29733,0.448,0.25,0.060669,0.63867,1.984,1.2507,-0.28866,-0.59066,0.48467,1.6907,1.91,2.9513,3.4353,3.3733,2.8867,2.068,1.4313,0.80267,0.049334,0.23067,0.73067,1.054,0.93267,1.3187,0.69267,-0.084,-0.39066,-0.77667,-0.78066,-0.28867,0.096001,0.118,-0.58467,-0.45467,-0.954,-0.24134,1.582,1.5993,1.498,0.71267,0.244,-0.26933,-1.414,-2.49,-0.42667,2.0927,2.4707,1.13,-0.77266,-0.17867,1.398,1.7273,-0.54933,-1.6787,-2.2133,-1.9433
0.646,-0.23866,0.40067,0.86067,0.99467,0.59334,0.89534,1.214,1.8367,2.91,3.794,2.904,2.202,2.4093,2.8207,1.7393,2.3193,2.7273,2.6093,2.1353,1.354,1.808,2.5453,1.9967,0.852,-0.548,0.38533,2.8513,1.79,2.594,2.394,1.9447,2.3547,2.2833,0.80934,0.58867,1.9573,3.2853,3.0227,2.578,4.0993,4.214,3.0327,2.286,1.952,1.9633,2.2933,2.2907,2.7447,3.8593,3.662,1.314,0.48133,0.516,1.7427,2.1713,1.5833,0.67467,0.866,1.2033,1.388,2.2827,1.5567,1.4333,1.086,1.0953,1.3367,1.8967,1.9433,1.6147,0.96067,1.138,2.1227,2.1227,1.7167,1.316,0.52267,0.93867,1.3307,1.1167,1.202,0.75667,0.99867,0.68667,0.238,-0.26,-0.040665,-0.35067,-0.274,1.4573,2.1107,2.02,2.052,1.5553,1.004,0.070001,-1.388,0.10933,2.0927,2.402,1.89,1.086,0.624,-0.76733,-0.872,0.21933,2.0953,2.154,1.1567,0.42867,0.758,-0.0053335,-0.39333,-0.91467,-0.58267,-0.24133,0.27333,-0.0046651,-1.8593,-2.0193,-0.20733,-0.302
0.156,-0.13667,-0.44533,-0.46266,-0.13667,-0.166,0.078002,-0.93133,-0.30467,1.0687,1.544,1.9553,2.0307,1.072,0.70667,1.0267,0.45733,0.74933,0.66,-0.039999,0.124,0.382,1.2587,1.2553,1.6193,2.1207,2.05,3.6347,3.306,2.3833,2.748,2.6853,3.172,2.2727,2.0713,2.804,4.0833,3.5247,3.6073,4.072,3.258,3.11,2.6307,2.0733,2.0507,2.1287,2.1773,1.3407,1.204,0.40333,0.31267,1.468,2.2733,2.7527,3.0993,2.9853,2.4153,2.6773,2.772,2.5587,2.192,1.7307,2.2687,2.9627,2.2973,1.0907,0.10467,0.206,1.0933,1.746,1.9727,0.61734,1.7193,3.5333,2.482,2.0693,2.7973,2.9313,2.1553,1.546,1.9927,2.6173,2.162,1.8007,1.514,1.544,1.0193,2.476,2.006,1.5727,1.1087,1.5347,1.9493,1.766,1.7613,1.626,1.0487,1.1753,1.5647,0.50667,-0.092666,0.21867,0.404,0.69667,0.90667,0.63467,0.10733,0.80467,1.022,1.4773,1.3953,0.88067,0.38267,0.25,-0.44266,-2.1167,-0.308,0.738,-1.3993,-1.68,-1.8447,-1.1447
0.89667,1.1333,0.85067,1.8167,1.3893,1.3093,0.32333,0.063335,0.023335,-0.10666,0.10867,0.15867,0.744,1.4927,2.3447,2.178,1.8967,1.3447,1.7027,1.4527,2.722,2.684,2.2907,1.7747,1.3153,0.92933,1.346,2.266,2.2867,2.244,2.14,1.9807,1.5847,2.0493,2.8693,2.284,3.0107,3.586,3.4473,2.3673,1.6207,0.74533,0.768,0.48267,0.48533,1.7733,2.492,1.308,0.31267,-0.21066,2.6,2.9013,2.274,2.0027,2.4933,2.0573,0.696,0.496,1.6793,2.8387,2.004,2.3373,2.7887,2.2167,2.4573,2.076,2.0667,1.898,1.73,1.772,1.7,1.5707,1.85,1.936,2.2593,1.8313,1.3093,0.72733,0.76867,0.75533,0.688,1.3227,0.28067,-0.34467,-0.14,0.10467,2.6633,2.672,2.7993,1.364,0.46467,-0.55667,-0.856,-0.548,-0.16867,0.34,0.77334,1.6587,0.47467,0.978,2.3453,2.2587,2.15,1.7033,1.1533,0.6,0.72133,1.1767,1.0933,0.48667,-0.11533,-0.28467,-0.20133,-0.684,-0.90866,-0.42067,-0.414,0.090003,0.054001,0.10533,0.13067,-0.13933
-0.63067,-1.5587,-1.1013,-0.766,-1.006,-0.066664,0.0040039,0.75267,0.892,0.906,1.906,1.8733,3.29,2.4313,2.4073,1.616,1.4407,2.186,1.7887,2.0047,2.6107,2.466,2.8693,2.4373,2.2333,2.588,2.644,3.2213,4.104,3.796,4.024,3.9673,4.082,2.888,2.4113,0.93734,0.55267,-0.228,0.098,1.0887,1.7433,2.9367,1.696,1.5873,1.2727,1.9267,1.3453,-0.23133,0.79467,2.5767,1.9827,1.282,1.268,1.4373,1.3607,1.2667,1.7407,1.2053,0.79733,0.20467,1.082,0.934,1.234,1.476,1.5447,2.3273,1.5793,1.3253,1.5367,1.7293,2.034,2.2207,1.1607,1.3873,1.312,0.904,1.0933,0.28667,0.948,0.93067,1.3053,1.516,2.1813,2.786,2.8773,2.4493,2.5753,2.318,2.0907,1.8913,1.5647,1.5107,0.80933,0.958,0.015335,-1.6213,-1.868,0.051337,3.022,4.1773,2.294,2.16,1.4167,0.83134,1.3307,0.85533,1.0567,1.3093,1.6087,2.0447,1.3033,1.0007,1.018,0.89667,0.22733,-0.15267,-0.70867,-0.194,-0.38733,-0.053333,0.65,-0.162
-0.324,0.51,1.5433,1.5547,0.43134,0.95733,1.2653,2.0333,1.68,0.93867,-0.031332,-0.344,1.3393,1.2893,1.754,1.3147,1.4733,1.3647,1.5753,1.4213,1.7927,1.776,1.5147,0.68133,1.37,2.2733,1.484,1.1327,0.95,1.8813,2.0013,0.13867,1.3073,3.346,3.13,2.9573,2.7507,3.8507,3.8793,3.4613,2.3327,2.126,1.402,1.618,1.9013,2.2453,2.068,1.1227,0.55867,1.55,0.69267,1.7393,1.4127,2.8633,2.7933,0.49733,-1.7227,-0.67466,1.7773,1.814,1.2687,0.36134,-0.10667,0.26467,1.4347,1.8127,1.8807,2.2373,2.3813,1.6967,0.51067,0.54133,1.1087,2.136,2.4987,2.2047,2.0867,1.4973,1.3107,0.38,0.12734,1.7147,1.6073,1.2687,1.4947,2.0773,1.872,0.57,-0.87267,-1.4373,-1.0047,-0.98,-0.21666,0.25933,0.134,-0.19466,1.5033,2.978,2.3627,1.8607,1.6527,1.812,1.114,0.47333,0.44533,-0.14933,0.0080007,-0.096665,-0.71067,-0.34333,-0.61533,-0.17667,0.56667,0.099333,0.238,0.13067,-0.0026642,-1.066,-1.3067,-0.56667,-1.1173,0.26
-0.35067,0.82133,0.93667,0.032001,-0.506,-0.776,0.61667,0.594,0.82333,0.938,1.462,1.1273,0.84,1.3613,1.3667,2.2333,2.188,2.9973,3.182,2.676,2.9427,2.8827,2.5747,1.5167,0.452,0.031333,1.3273,1.5313,0.29267,-0.42866,-0.454,0.42667,1.3213,0.766,1.09,2.2907,2.944,2.7067,3.2467,3.448,3.1927,3.5073,3.5807,2.868,1.9987,1.5027,0.98,-0.17067,0.45734,1.728,2.002,1.998,1.5367,-0.025996,0.284,0.67334,0.98933,1.3507,-0.16333,-0.12533,1.568,2.508,2.5793,0.95333,-1.7207,-1.088,0.584,3.1233,2.6093,2.4753,2.4373,1.864,0.86,0.58267,0.51667,-0.25667,-0.176,0.696,1.5793,1.5827,1.4487,2.162,1.8393,1.2487,1.804,1.8427,1.6507,1.7307,1.8347,1.3653,0.61867,0.34267,0.20667,0.298,0.10933,0.268,0.504,0.41,0.18933,-0.80533,-0.566,-0.45933,-1.048,-2.432,-1.9627,-1.2253,-0.87,-1.252,-0.70533,-0.031331,0.52134,-0.174,0.084003,0.28933,0.866,1.228,0.39267,0.26267,-0.276,-0.108,-0.586,-0.57133
0.38734,-0.44333,-0.67867,-0.10333,0.62333,0.64134,1.684,1.8267,1.0567,1.3873,1.8847,0.39267,0.57467,-0.304,0.50467,0.57933,0.78867,1.2153,1.624,2.2553,2.7933,3.5867,2.3873,1.4767,1.1113,1.222,1.164,0.70267,-0.18533,0.22,-0.43333,-0.674,-0.42133,-0.15933,0.47667,0.92733,1.1047,1.8913,2.0793,1.5973,1.206,0.78334,1.232,1.3573,1.296,2.056,2.734,2.9853,1.916,1.012,1.0127,1.7867,1.126,0.342,0.79333,0.79733,0.99,1.1973,0.34134,-0.37067,-0.23067,0.81933,1.216,0.38933,1.28,1.9907,1.834,1.8593,2.0807,1.4973,1.4733,1.92,1.7413,1.2147,-0.50066,0.68067,2.506,3.4727,3.5247,3.0433,2.2407,1.874,0.92933,1.0547,1.092,1.29,1.4467,1.6287,1.7347,1.0373,1.0447,0.538,0.186,0.29933,0.34067,-0.42533,-0.95467,-1.148,-2.1707,-1.5207,-0.70333,-0.10733,1.054,1.122,1.6593,1.7707,1.1493,-0.92333,-1.264,-0.75933,-1.286,-2.2573,-1.8293,-0.63067,0.984,1.5973,-0.049996,-0.57733,-0.44467,-1.0667,-0.54333,0.36533
1.776,1.952,1.996,2.4973,1.9407,0.692,-0.25933,-0.59667,-1.172,-2.17,-1.0653,1.3267,1.848,0.894,-0.061331,0.037999,1.3927,1.5147,1.8947,1.2373,1.7433,1.9753,1.8667,1.9887,1.63,1.0387,1.2953,2.14,1.586,0.842,0.78933,1.5313,2.3513,2.5527,2.482,1.6307,0.89333,-0.22067,1.42,1.7813,2.1927,3.1673,3.3573,2.7333,3.554,3.112,2.7073,1.6313,1.4947,2.7193,3.4767,2.5127,2.1887,2.052,1.6227,2.706,1.7347,0.89533,1.318,2.4973,2.0007,1.244,1.682,1.358,1.714,1.7047,1.97,1.7793,2.2013,1.734,1.5253,1.7893,1.5007,1.0947,1.716,1.702,0.44267,-0.63067,-1.5573,-1.76,0.42,1.1533,-0.043331,-0.28266,0.95667,1.0787,0.51334,0.19267,0.042667,1.4773,1.8687,1.048,0.47933,-0.31666,-0.53066,-1.5833,-0.944,0.23333,2.2547,2.9227,0.23134,0.22867,-0.606,-0.53067,1.9893,1.054,1.496,1.1627,1.1973,1.404,0.844,-0.29666,-1.506,-1.2367,0.72,1.9407,1.024,0.84333,-0.19466,-0.40933,-0.38067,-0.70733
1.1307,1.7613,1.6353,1.2907,2.7567,2.5553,2.1393,1.9473,3.238,4.4147,3.4227,3.588,3.252,2.0593,1.9247,2.0487,0.724,1.1667,1.1547,1.4167,0.956,-0.10733,-0.37533,0.818,1.848,1.6373,2.488,3.242,3.002,3.4707,3.154,3.0607,2.1013,1.9093,0.97867,0.7,1.64,2.12,2.1327,2.636,2.544,1.8713,1.4073,-0.059996,0.010668,1.0993,1.0687,0.75267,0.015335,0.34934,1.4413,1.954,1.7127,1.298,1.5947,1.5093,0.5,1.094,2.4,3.3573,2.916,2.9953,2.4267,1.6493,1.726,2.0373,2.7613,2.4847,2.216,1.6827,1.4953,1.7547,1.2413,1.0893,1.2733,1.5493,2.014,2.472,2.4827,1.848,0.714,-0.43866,0.25467,-0.044665,0.69867,0.76534,0.58134,-1.012,-1.264,-1.626,-0.40733,-0.18333,0.29267,1.5793,1.1307,0.46133,0.38133,0.48934,0.366,1.236,1.698,1.9027,1.154,1.0867,0.93934,-0.37867,-0.14933,-0.31267,-0.13066,-0.39333,-0.58467,-0.86467,-1.436,-0.51,0.88934,1.0433,1.1127,0.28533,-0.384,-0.52733,-1.4707,-0.97867
-0.81267,0.042668,-0.326,0.10667,0.436,-0.61067,0.278,1.3727,0.50933,-0.67533,-0.080665,-0.13933,-0.45066,0.019334,0.76734,0.75467,1.044,2.1687,1.958,1.9287,1.9313,2.4453,2.854,3.0527,2.956,0.63267,0.368,1.1833,0.82267,0.966,-0.064664,1.838,2.3593,1.7307,0.674,-0.42067,-0.0053314,1.5893,2.2867,2.68,3.1327,1.806,1.2587,0.59533,0.798,1.6193,3.6107,3,3.1327,1.6913,1.154,2.108,2.1533,2.1813,3.1527,2.8593,2.9933,3.0747,2.858,2.446,2.054,0.50133,0.152,0.93933,1.33,1.3947,0.43733,0.78734,0.75,1.7353,2.1027,1.5833,0.77267,0.42,-0.45333,-0.212,0.67667,0.698,1.182,1.222,1.342,1.102,0.636,0.96733,1.0227,1.1707,1.2387,0.71533,0.45733,0.036002,1.008,1.2707,1.6213,2.578,2.464,2.6027,1.7867,1.4447,0.61534,-0.18,-1.298,-2.7607,-4.0213,-2.5153,-0.188,1.944,1.8707,0.90067,1.1373,1.41,0.65867,-1.5447,-2.5173,-3.088,-2.79,-2.2873,-0.904,0.22734,-0.424,-0.934,-0.59733,-0.44
-1.3907,-0.366,0.029333,1.6973,2.3147,0.70934,0.93133,2.4067,1.23,0.776,0.64533,1.0973,3.2007,3.9353,4.498,4.8867,3.9307,3.1873,2.6147,2.5607,2.1353,1.432,1.9553,1.4487,0.996,1.416,1.6927,1.3527,2.204,1.6227,0.91067,0.166,0.71867,1.0867,0.63467,-0.029999,-0.51933,-0.618,0.638,1.0427,0.93734,0.30933,-0.68733,0.022002,0.96667,0.34667,0.10867,0.89267,0.83733,0.20533,-0.904,1.884,2.2887,2.808,2.9733,2.8967,2.26,1.7573,1.656,1.5773,2.328,1.88,1.2253,0.60333,1.534,1.58,0.51133,0.98333,0.694,1.018,1.212,1.9413,1.6787,1.4927,1.692,2.18,1.9793,1.992,1.5653,-0.57067,-1.0307,-0.304,-0.96266,-0.33,-0.16333,0.238,-0.00066528,-0.74467,-0.71,0.196,1.3073,2.364,1.65,0.912,0.31,-0.31667,0.20334,0.59733,1.3267,1.2693,1.3567,1.3333,1.428,1.0093,0.38333,-0.0039988,-0.43,0.43134,0.26467,-0.17867,-0.9,-1.3413,-1.806,-1.5507,-1.032,-0.98133,-0.50733,0.22467,0.80733,0.15734,0.50667,0.38
1.83,2.1467,1.7433,1.1033,2.1233,2.7793,1.6633,1.7327,0.684,0.54267,-0.91,-1.4027,-1.0607,-0.94733,0.20867,0.068667,-0.036666,1.0267,2.422,2.7127,2.2713,2.6593,2.4593,1.4047,0.20933,-0.87267,-0.61866,0.73667,2.2573,2.4327,3.216,4.0573,3.3253,2.0287,0.52467,1.4853,2.6627,2.6773,1.852,1.094,1.144,1.2493,1.5407,2.0153,2.2107,2.4753,3.3067,3.938,3.3007,2.7933,2.4087,2.7187,2.828,3.402,3.2273,2.454,1.9113,1.746,2.2593,1.8253,1.172,1.924,0.95733,1.7987,2.0113,2.0127,1.726,1.1093,0.15933,0.70733,0.51733,0.39667,0.91534,1.7907,1.206,0.20067,-0.97733,-1.866,-0.846,0.98533,2.6687,2.4213,2.3533,1.6847,1.2427,1.632,1.4307,1.488,2.3227,1.7167,2.3333,2.1367,2.5073,2.088,1.8573,1.3867,0.68067,0.29,0.60667,-0.47733,-1.2113,-1.0487,-0.53267,-0.68133,-0.59067,-0.48266,0.55667,0.45067,0.25334,0.33,0.49333,0.91267,0.83134,0.716,0.5,0.62467,0.53734,0.62067,-0.093998,-0.90133,-1.276,-0.164
2.2387,1.1333,-0.878,-1.19,-1.0793,-0.558,0.57267,1.382,1.4627,0.61467,-0.802,-1.6547,-1.3733,-1.1647,-0.56133,0.172,0.17667,0.76467,0.374,0.85,1.182,1.59,1.5713,0.86267,1.3027,0.88867,0.033333,0.502,1.0373,1.4407,1.2413,0.504,0.56267,1.3693,0.63334,1.0227,1.5527,1.33,0.59867,0.34267,1.0373,1.2647,1.4813,2.1607,2.7547,2.5113,1.748,1.0227,0.878,2.7333,2.8713,3.2853,1.996,1.45,1.93,2.6867,3.6233,3.2473,1.784,0.04,0.29067,1.5033,1.674,1.4547,1.2713,0.95267,0.39067,0.536,1.044,0.14533,-0.25933,-0.065998,-0.488,-0.85333,0.054002,1.7193,2.274,1.374,0.468,1.1093,0.57267,0.70533,1.0873,2.148,1.4193,-0.081332,-1.2373,-1.3867,-0.298,0.27334,1.3027,0.091335,0.732,0.52467,0.64,0.69067,1.294,1.7733,1.594,-0.20933,-1.0793,-1.4647,-0.39333,1.266,2.5327,3.0767,2.4607,1.448,1.0907,1.102,1.2707,0.16134,-0.36333,-1.1007,-1.538,-1.0287,-1.9853,-2.1873,-1.4147,-1.3167,-1.6173,-0.36266
0.34067,1.5333,2.4787,4.2013,3.916,1.4133,0.624,1.4213,2.9413,2.8847,2.8033,3.1773,3.2787,3.322,2.5707,0.984,1.902,1.0333,0.28533,-0.40666,-0.57266,-0.88933,-1.5173,-1.5213,-1.0693,-0.724,1.248,2.3233,2.8967,3.5993,3.074,2.0653,2.46,1.5427,1.6727,1.5827,2.522,2.402,2.8093,3.3847,2.6127,2.0073,1.898,1.8673,2.2073,2.168,1.8033,1.9833,1.1247,-0.186,-0.72467,0.46734,1.9,1.5053,2.03,2.0753,1.2353,1.0173,0.055334,1.0533,1.6867,0.75,-1.382,-0.57667,0.58467,2.7033,4.19,2.816,1.7107,1.5907,1.8693,2.082,1.0473,-0.14266,0.49933,2.1347,2.2493,2.5333,2.6353,1.5667,0.50733,0.28,0.18733,0.144,0.25267,-0.47866,-0.84466,-1.0387,-0.492,1.032,0.722,0.32,-0.306,-0.358,-1.042,-0.014662,0.31067,0.50733,1.2667,1.0153,0.11,-0.0019989,-1.556,-2.1807,-1.1093,-0.024664,0.33734,0.55067,0.726,-0.067999,-0.68133,-0.91533,-0.396,0.086003,0.55067,0.17,0.81533,0.41467,0.054001,0.15,0.412,-0.095333
0.92267,0.73067,1.3467,0.89467,1.376,1.3273,1.8373,0.67067,0.25067,1.0447,1.382,0.79133,-0.37933,-0.065997,-1.0027,-0.88933,-0.14933,-0.936,-0.676,-0.19066,1.3927,1.718,1.108,0.30934,0.924,1.1853,1.362,1.3913,1.904,1.8373,2.3227,2.4073,1.892,1.3647,0.41534,1.1813,1.9033,2.3213,2.2553,2.116,2.2667,2.4493,1.952,2.848,1.8273,1.3147,1.938,1.3767,1.0233,1.0113,1.2893,1.3793,1.244,0.696,0.37667,1.0013,2.2973,2.206,1.918,1.9873,1.9193,1.7007,2.522,2.5673,2.154,0.778,0.158,-0.264,2.058,1.8727,0.23667,0.56467,0.86067,1.426,2.218,2.172,2.7153,2.3,1.8713,0.994,0.34667,0.24067,-0.424,-0.85533,-0.712,-0.71533,-0.26667,0.99934,1.342,1.1527,-0.35266,-1.2393,-0.5,-0.364,0.22067,1.162,1.9227,1.5553,1.4733,1.134,0.40867,-0.476,-1.2493,-1.354,-0.38933,1.38,2.6567,2.542,2.07,1.7787,1.3187,1.408,1.2033,1.4,0.46667,-1.174,-1.0867,-1.0693,-0.79933,-0.39066,-0.51,-0.35533
-0.634,-0.47867,1.0807,1.8127,2.0147,1.0567,1.0827,1.6013,2.4053,2.3047,0.854,1.1213,2.2273,1.9767,0.908,0.97,0.94467,1.004,1.7273,1.2913,1.1773,1.9013,2.7527,3.3307,3.8573,3.3653,1.9327,2.042,0.97267,-0.184,0.546,0.86467,1.704,0.69067,0.50867,0.52734,0.70067,0.76667,0.62733,0.92667,1.1613,-0.426,-0.206,2.3513,2.9027,3.3027,3.8027,3.5473,2.8733,3.044,2.3667,0.96933,0.656,0.70934,0.916,1.6413,1.9813,2.0133,1.6607,0.73867,1.3213,1.26,1.9867,1.8707,1.1787,0.90533,1.252,1.5347,1.4447,1.2347,0.69333,1.0413,1.3093,0.746,-0.264,-1.762,-0.66333,3.1693,2.058,-0.044662,-0.72133,-0.44733,-0.57733,-0.30333,-0.24733,-0.68133,-0.45333,-1.356,-2.4793,-0.61333,2.0593,1.858,1.3627,1.2247,0.604,1.628,1.518,1.6993,1.1307,1.0047,0.714,0.37467,-0.344,0.12067,0.50533,1.2227,-0.21,-1.6633,-1.3373,-1.1587,-0.26066,-0.77067,-0.51333,-0.60066,-1.0093,-0.86466,-0.46133,-0.688,-0.578,-1.6547,-1.3887,-1.2633
-1.1287,-3.012,-2.7467,-2.494,-0.87333,0.136,0.214,-0.58267,0.45134,1.666,1.314,1.5393,1.0647,0.174,-0.32533,-0.16933,0.796,2.884,2.5827,1.0533,1.4413,1.0667,1.4427,0.15133,-0.68,0.24067,2.092,2.8993,3.5487,4.0167,3.744,3.174,2.1213,1.9393,1.882,1.386,0.81334,0.234,0.54934,0.96067,1.64,2.2493,2.0287,2.2433,3.1987,3.242,3.3333,2.6467,2.4827,2.0627,2.0113,1.7713,1.8173,1.9413,1.6173,1.256,1.4233,1.3647,0.73534,0.031334,0.22133,0.214,-0.053333,-0.362,-0.053998,1.1867,0.75467,1.4347,-0.422,-0.56266,2.442,3.9187,3.5753,2.92,3.1447,2.8193,1.776,1.7313,2.358,2.8067,2.8653,2.786,1.6153,1.152,0.088669,0.17467,0.55334,0.76267,-0.248,-0.66466,0.308,1.4407,1.3347,2.0933,1.372,2.0067,2.1093,1.79,0.902,0.4,0.15667,0.27467,1.6507,1.46,1.4333,0.858,0.934,0.23934,-0.044663,-0.024666,-0.55933,-1.4193,-1.4447,-1.2913,-0.206,-0.059999,-0.15267,-1.9993,-2.0773,-1.8653,-2.006,-1.6473
0.52334,0.34,-0.73466,0.24,0.85334,1.5047,2.91,2.0673,2.1727,1.4233,0.94,1.3093,1.8887,1.3067,0.91267,1.062,1.066,0.72,0.70867,0.69867,0.86067,1.1707,1.8553,1.9887,1.2813,0.62467,0.83667,0.82934,1.3207,1.1167,0.68267,-0.16266,1.2793,3.2007,3.078,1.738,0.70667,1.7833,2.038,1.4293,1.7813,2.3287,1.8973,1.9087,1.9073,1.326,2.068,2.636,2.0773,2.4153,2.0993,1.4447,1.0373,0.29667,0.55467,1.202,1.038,1.7607,1.9133,1.288,1.6347,1.7773,0.686,-0.122,1.094,1.058,2.074,2.7353,2.0833,1.6553,0.942,0.852,0.454,0.21934,0.178,0.42934,0.29467,0.34067,0.037336,-0.636,-0.658,-0.23666,-0.027998,0.68667,0.962,1.704,1.386,0.75867,0.38733,0.298,1.0993,1.3753,0.79,-0.19067,-1.0233,-0.58267,-0.68266,-0.194,0.14067,0.57134,0.74934,0.39467,-0.015999,0.35,1.0967,0.49533,0.23,-0.58133,-1.6853,-1.5753,-1.3687,-0.67867,1.2867,-0.12133,0.292,0.14734,0.24267,0.682,1.4413,1.0047,0.81267,-0.062002
0.60134,0.42267,-0.20133,0.35467,0.99867,-0.316,0.22333,1.5353,1.3813,0.48133,-1.156,-1.9867,-1.372,-1.3153,-0.63267,-0.75333,0.17133,0.60467,1.034,0.19867,0.78667,0.22067,-0.244,1.3653,1.928,1.7827,2.2353,2.866,3.4333,4.1833,4.2593,3.4407,3.272,3.092,2.0307,0.52934,-0.030664,0.93467,0.704,1.798,1.7307,1.8773,2.354,2.5733,2.3947,2.8707,3.0293,2.9647,2.3407,1.3747,1.4367,0.72134,0.75067,1.6347,2.2447,1.3153,1.8093,2.4487,1.962,2.266,2.24,1.1747,0.20867,0.20067,-0.76267,0.064669,0.068669,-0.34267,-0.60533,-1.104,2.8567,3.912,2.8107,2.0927,0.15467,-1.0433,-0.518,1.3127,2.1053,2.4473,2.342,2.238,2.1867,1.744,1.7067,2.1473,2.1,1.4293,1.626,1.0927,1.058,0.39533,0.432,0.646,0.49867,0.39067,-0.099333,-0.077332,-0.324,-0.59933,0.27334,-0.14933,-0.091999,0.31734,1.016,1.2733,0.984,0.76867,0.45,0.016667,-0.57733,-1.364,-0.89667,-0.048664,0.246,0.23133,-0.84,-2.1467,-1.6047,0.26733,2.6567,1.9787
-1.2987,-1.8613,-2.4253,-2.36,-1.8953,0.26334,0.011335,-0.786,0.092,0.514,1.5133,1.562,1.858,2.1507,1.4993,1.9267,1.9727,1.9207,1.2987,1.1553,1.128,0.68267,0.96267,0.78467,1.9133,2.5347,2.8587,2.0767,1.636,1.6113,1.838,2.5853,1.7927,1.886,1.9207,1.332,1.0073,0.49133,1.3327,1.2973,0.87467,0.74667,1.5753,1.9693,2.6613,2.2513,2.0847,1.8653,0.982,0.306,1.5353,2.2047,2.2913,2.97,2.73,2.5793,2.602,1.26,1.408,2.2713,1.894,1.282,1.8747,2.49,2.1867,2.0673,1.3353,1.226,0.59067,1.0047,0.72667,0.29867,-0.0053324,-0.418,0.132,0.808,0.14933,0.55733,-0.096001,0.818,0.14933,-0.218,-0.28933,0.65333,1.8833,1.1787,0.454,0.11267,0.46734,0.36534,-0.034664,-0.76666,-0.88733,-0.338,0.047335,0.60733,0.27933,0.44733,0.30134,-0.33933,-1.6807,-2.1167,-1.1693,0.772,1.444,1.124,1.55,1.964,1.6927,1.1313,1.0227,1.7127,2.0553,2.03,1.304,-0.576,-1.1853,-0.52533,-0.33266,-0.012,0.81534,0.64867
-0.96533,-0.37533,-0.58466,-1.0347,-0.19333,0.34267,1.018,1.872,1.1273,0.776,-0.051334,-0.166,-0.96066,0.592,1.6647,1.1867,1.766,1.282,1.756,2.9113,2.4527,2.27,1.818,0.97733,-0.011334,-0.37267,-0.268,0.54333,1.312,1.9273,2.49,2.8833,2.5033,3.318,2.7033,1.6253,1.0447,0.968,0.528,-0.22867,-0.060001,-0.33333,1.002,1.3353,2.1127,1.3153,0.988,1.142,1.11,0.50867,1.192,2.1813,2.322,2.1073,1.9693,2.7673,3.0913,2.4667,2.3753,1.9013,1.4987,1.534,1.1287,1.482,1.8173,0.924,-0.33733,-1.606,0.10734,0.32333,-0.18,-0.20133,-0.69,-0.474,0.11667,0.36867,0.18067,0.44,0.99734,0.15134,1.2953,2.3733,1.9,2.46,2.646,2.9953,2.2513,1.6187,1.106,0.38333,0.306,0.148,0.16,0.73667,1.2167,1.2287,0.35333,0.068001,-0.67867,-0.18867,1.492,2.0707,1.992,0.74,0.92334,0.83267,0.658,-0.176,-1.044,0.15467,0.45267,0.01467,-0.47667,-0.26,-0.33733,-0.186,-0.75133,0.0066681,0.442,-0.818,-0.46467,-0.15467
0.204,0.55467,0.056002,-0.506,0.87267,0.82867,1.5433,0.858,1.4913,1.604,1.446,1.1953,1.592,1.526,2.2927,4.0193,4.3367,4.6613,4.9507,3.7187,3.216,1.882,1.8587,2.6247,2.956,2.5853,2.2027,2.4387,2.278,1.3947,0.68733,0.888,1.3573,1.6233,1.104,1.6,3.086,3.362,2.8107,2.0007,1.8707,1.4167,1.472,2.536,2.4047,0.97,-0.652,-0.526,1.6573,2.8027,1.7633,1.8847,2.0487,2.7373,2.146,2.2453,2.2667,2.1367,2.1887,0.65067,0.022,-0.40533,0.152,2.2407,3.7807,4.258,1.5307,0.11467,-0.368,-0.208,-0.628,1.5087,2.5733,1.7853,1.0767,0.26867,-0.604,0.12867,0.486,1.9473,2.5993,2.4693,2.06,1.0047,1.5287,2.1027,2.3413,1.922,1.572,1.71,1.8093,1.762,0.72267,0.77934,1.108,1.4567,2.596,2.6813,2.1193,1.4293,-0.84333,-1.3427,-1.186,-0.04,1.91,2.858,2.116,2.3227,2.8407,2.628,2.2287,0.31867,-0.244,-0.34,-0.18066,-0.126,-0.93067,-0.25667,-0.246,-0.782,-1.07,-0.622
1.218,1.0887,-0.071331,0.63,0.776,1.3047,2.4273,2.852,2.1013,2.8153,2.0973,1.11,-0.26733,0.304,1.0613,1.718,1.6147,1.7673,2.0487,1.382,1.382,0.57867,0.514,0.0073354,-0.48333,1.038,1.7373,2.2747,2.7427,2.3853,1.672,1.4447,1.5,1.7987,2.4173,2.4433,3.1813,3.364,2.7767,2.5233,1.7573,1.5733,2.04,2.0853,1.8853,1.548,1.7673,2.4433,2.7267,0.66534,0.96733,0.81867,1.4107,2.5387,2.5253,2.264,2.7467,2.468,1.904,1.316,0.98334,0.41333,-0.58067,1.9633,3.3667,2.366,1.3127,-0.20133,0.13733,1.3973,1.0653,1.352,1.156,0.71467,0.708,0.16467,0.24467,1.0533,1.086,1.8333,1.578,1.7187,1.4153,3.0593,2.0707,1.8987,1.376,1.0013,1.0933,0.972,0.45534,1.11,0.85934,1.038,2.0567,2.2387,2.3687,1.6287,1.116,1.1187,0.13,-0.998,-1.364,-1.6033,-0.296,-0.196,-0.18,-0.17733,0.48067,0.34733,0.37933,-0.866,-1.2247,-0.15067,0.97334,1.9653,1.528,0.41134,0.63467,0.79533,0.154,0.22934
-1.354,-1.1407,-0.0033325,-0.408,-1.04,-1.7993,-0.92467,-1.85,-1.9767,-0.046666,-0.031332,-0.53667,-0.24267,0.013336,0.48534,0.106,0.306,1.5727,2.4373,2.5493,1.8907,1.976,2.3887,2.47,2.9867,3.1007,3.1767,3.2247,2.952,2.0353,1.9333,1.1387,1.256,1.4213,2.4667,2.8053,2.216,1.7293,1.9987,3.1867,1.768,0.766,0.46133,-0.35933,0.87133,1.432,2.08,2.03,0.86867,0.70667,0.083999,-0.56267,-0.063332,1.148,2.424,2.9293,2.99,2.9493,3.0553,2.1107,1.3373,1.5207,1.438,1.852,1.1933,-0.37067,-1.6447,-1.3007,0.088667,1.436,1.164,0.34667,-0.46533,-0.87066,-0.512,0.16867,1.9193,1.8187,2.4647,1.4007,0.686,0.64667,1.77,2.0107,2.0533,2.1847,2.0507,2.2733,1.7347,1.3267,2.0607,2.0093,1.4007,1.2907,2.4773,2.5367,1.7033,0.806,0.16067,0.25067,0.474,-0.25,-0.29333,-0.49067,0.26,0.76667,-0.037333,-0.72533,-0.19667,0.097336,0.654,0.60867,0.164,-0.96466,-1.0833,-0.92867,-1.8353,-1.2887,-0.87333,-0.13933,0.054666,-0.079332
-0.83933,-0.33666,0.13267,-1.1827,0.38,1.6107,2.2887,1.902,2.156,1.214,0.70667,1.3853,0.752,1.2687,1.2313,1.0273,0.35267,0.692,0.43933,0.91,0.88134,0.82267,0.768,0.10467,-0.69466,-0.792,-0.638,-0.00066427,0.94667,1.038,1.6887,1.6633,2.4267,2.1827,1.6787,2.592,2.53,1.9907,2.3093,2.0413,1.8633,2.172,0.84933,1.9347,2.526,1.5033,1.8547,1.71,1.1033,1.1813,1.4693,2.234,2.68,2.526,2.8267,2.8413,1.432,1.236,1.6993,3.006,3.82,3.0093,2.6873,2.338,1.338,0.58734,0.36467,1.162,1.4327,1.5607,1.764,3.046,2.882,2.2147,0.85333,-0.14533,0.314,1.4673,1.7087,0.98667,1.6893,1.6653,1.4333,0.958,0.98133,2.22,1.886,1.4767,0.92267,1.268,1.8973,1.898,2.1,2.0627,1.8113,1.5173,0.85134,0.874,1.3027,1.114,1.2507,0.51067,-0.35933,-0.61466,-1.26,-1.0953,-1.1433,-1.41,-0.38067,-0.578,-0.077331,0.49,0.61933,0.432,0.134,-0.24067,1.2627,1.3433,1.7253,0.8,-0.39,0.15067
1.4413,1.7207,0.44467,1.322,0.67333,0.64867,-0.764,-0.982,-1.2393,-1.494,-0.81533,0.59867,2.118,1.9913,1.32,1.2273,1.5793,1.6007,1.6553,2.2527,1.69,1.802,2.3547,2.664,2.7427,2.8233,2.4927,1.442,1.6093,2.4427,2.3653,2.3647,2.902,3.6353,4.264,3.674,2.7347,2.164,2.5133,2.3173,1.816,2.0547,1.8967,2.2267,2.1,2.1173,1.4787,-0.44066,1.1207,1.8787,1.6353,0.79267,2.2393,1.9087,1.1847,0.722,1.5347,1.238,1.2173,1.378,2.3647,3.104,1.1693,-0.754,-0.50133,2.698,3.814,2.7753,2.4027,1.6887,1.8427,2.0713,2.076,2.8893,2.7273,2.388,1.58,0.47334,-0.55,0.25867,0.97467,1.2453,1.4493,1.3147,1.7133,2.12,1.8733,1.3873,1.1987,1.2187,1.2033,0.374,0.55133,0.388,0.97667,2.0493,1.9367,2.288,3.0167,2.3833,1.2453,0.12934,0.61267,1.11,1.2607,0.646,0.64934,-0.46133,-1.188,-2.146,-1.878,-1.348,-0.73533,-0.54533,0.054001,0.81133,1.5627,1.5013,0.71267,1.1953,0.89133,-0.88934
0.106,0.1,0.30867,0.81067,0.842,0.61067,1.044,1.1493,0.99067,0.97467,0.65867,-0.069999,0.706,2.4573,2.0713,3.0367,2.4587,1.2973,1.4313,0.156,-0.75933,-0.896,-0.025332,1.1033,1.5873,1.492,0.067999,-0.040667,0.592,1.5327,2.1273,2.1973,1.5647,1.526,0.91667,0.031334,1.2607,1.8293,2.5507,2.4453,2.4587,2.734,1.7647,2.0553,1.5653,1.2367,0.61867,1.8607,2.568,1.398,0.372,-0.452,-1.9813,-0.80267,3.512,3.354,2.3267,2.8773,3.55,4.7253,3.5533,3.08,1.3227,0.484,-0.16867,-1.1993,-1.416,0.252,0.606,1.068,0.55534,0.504,0.23067,0.278,1.0033,1.6947,1.1187,0.152,-0.63533,0.26733,1.4627,1.374,1.044,0.154,-0.53933,-0.078,0.4,1.9633,1.8927,0.58067,-0.82867,-1.5387,-0.106,1.046,1.2567,1.656,3.0053,2.6,1.2227,0.532,-0.326,-0.55067,-0.45533,-0.55733,-0.69533,-1.1187,-0.48866,-0.62133,0.216,0.384,0.598,0.24334,1.1027,1.2867,1.3533,0.91667,-0.36866,-0.96,-0.988,-0.71,0.162,0.12333
0.578,-0.011998,0.10733,0.47933,0.54933,0.60067,0.55534,0.30333,0.272,0.34934,1.0973,0.434,-0.19133,-1.2547,-1.0747,-0.99667,0.05,0.95067,1.2713,0.882,1.12,1.9087,2.7733,2.5753,3.0513,2.1073,1.8707,1.7447,3.204,2.7333,2.8573,1.6467,1.7547,3.202,4.06,3.6627,3.098,3.196,4.6167,3.776,2.264,2.176,1.6847,2.1493,0.99667,2.0627,2.098,2.322,1.9787,2.448,1.9033,0.58667,-0.40133,0.248,2.328,2.6747,3.454,2.78,1.872,2.3793,2.1,1.9447,1.0493,1.0193,1.438,2.0253,2.4627,1.344,1.07,0.43267,1.114,1.1153,2.018,2.0653,0.073336,-0.86533,-1.134,-0.13067,0.36867,0.12867,0.306,-0.61466,-0.74733,0.026003,2.6333,3.8007,2.4587,1.4733,0.17667,-0.63933,-1.3207,-0.35467,0.69,1.8493,1.5267,0.75734,-0.348,-0.35133,1.306,2.06,1.9733,1.3293,1.0213,0.72534,0.26267,-0.6,-0.49667,0.73667,1.4587,0.94733,0.57933,-0.60467,-0.74733,-0.43133,-0.32666,0.0053335,0.36333,-0.168,0.276,0.26,0.382,-0.138
-0.95467,-0.492,0.41,0.020001,0.064669,0.49734,1.388,1.51,2.154,2.0367,1.3633,-0.13867,0.37867,1.51,1.7627,2.6533,3.2013,4.396,2.9173,0.56933,0.38067,-0.636,0.038669,1.9453,2.0693,1.2307,0.96333,0.094002,-0.062001,1.0213,2.0653,1.3567,2.676,2.8453,2.5407,2.1353,1.466,1.234,0.80533,0.58334,0.774,0.858,1.7247,1.1993,1.374,1.6113,0.81933,1.8973,1.836,1.378,1.08,0.64467,1.0287,0.72467,0.87534,1.2727,1.4793,0.65867,-0.34067,0.87067,3.124,3.2933,2.8993,2.3247,2.2627,2.186,1.5473,0.876,1.1667,1.9947,1.406,0.82867,0.514,0.74333,1.136,0.40267,0.63067,0.362,0.61,1.1073,1.19,1.1867,-0.19533,-0.37733,0.95867,2.2113,2.0787,2.592,1.046,0.70934,0.73733,1.8453,2.0047,1.9827,2.1527,1.8627,1.3993,1.578,1.994,1.8747,2.2953,2.0573,0.95734,0.86867,0.638,0.45267,0.628,0.338,0.19733,0.352,0.13867,-1.198,-1.582,-1.566,-0.8,-0.31,0.526,0.66334,-0.21533,-1.214,-1.5253,-1.7
-2.0613,-1.1327,-1.43,-1.0047,-0.10133,-0.13466,0.93867,0.628,0.67733,0.41933,0.932,0.98733,0.39534,0.324,0.069336,-0.39467,-0.48533,-1.0693,-0.81267,0.65667,1.1427,0.64067,1.334,3.0027,2.8213,3.1487,4.096,2.97,1.1647,1.7273,1.538,1.8993,1.0827,0.942,1.306,1.342,2.094,1.7333,2.2667,0.81333,0.698,0.542,1.6873,1.5727,1.6273,1.5147,1.0327,1.4913,1.5167,2.2727,2.008,2.5953,3.3733,2.2567,2.0953,0.57,-0.90733,-0.42467,1.486,3.3513,2.6973,1.0027,0.48134,-0.065331,0.56,1.9687,1.7307,1.178,1.774,1.748,1.5613,0.58067,0.554,0.44733,0.344,0.17667,-0.0059967,0.72267,0.69733,0.258,0.37267,0.60667,0.68333,0.936,1.3267,2.2453,2.156,1.5207,0.862,-0.12933,0.14733,0.36733,-0.152,0.142,0.29333,0.74267,0.96,1.1647,1.2893,2.0533,1.1773,-0.222,-0.93066,0.74333,1.8633,1.766,1.6773,1.6573,1.37,0.95867,0.074668,-1.042,-1.3287,-1.3567,-0.60533,-1.4993,-1.846,-1.4787,-1.0107,-0.306,0.114,0.28667
0.50133,-0.39533,0.27733,-0.54066,-0.59,-0.126,0.56333,1.172,1.794,1.6293,2.3147,1.746,1.6333,1.202,0.254,0.072665,1.5233,2.2687,1.6727,2.0607,2.0593,3.1473,2.5213,2.9667,1.3347,1.0873,0.44867,1.1993,1.016,1.74,2.1707,0.5,0.806,1.6733,2.198,2.6027,2.4953,2.3287,2.5393,2.702,1.862,0.66334,0.28734,0.81467,-0.39,1.1307,3.836,4.0887,3.2667,3.3747,4.0247,4.0073,2.284,1.362,0.16867,-0.48867,-0.364,-0.37466,0.88,1.022,1.4833,1.722,0.534,0.27467,0.41667,1.1387,2.598,2.726,3.3313,3.9513,3.5547,2.2013,1.596,1.388,1.138,0.22867,0.17667,0.288,0.51933,1.446,1.5287,1.7573,2.7793,2.6887,1.82,2.232,1.444,1.148,1.5007,1.5247,1.198,0.92267,0.34667,0.68534,0.758,0.58933,0.20533,0.20934,-0.19333,-0.69267,-0.070667,1.312,2.38,2.826,1.2287,-0.764,-0.974,-0.572,0.14867,-0.294,-0.080665,0.414,-0.081331,-0.52867,-0.66933,-0.64933,-0.77,-0.66333,0.33133,1.1847,0.25133,-0.079335
-0.15733,0.458,0.658,0.51334,0.23467,1.082,2.1947,2.394,0.42333,0.84867,0.90733,0.66067,0.52933,0.82267,0.65667,0.24133,1.1373,1.2247,1.1633,1.4,1.8113,1.6793,2.4087,1.8633,2.032,1.9013,1.7213,1.7887,2.1333,1.872,3.108,2.6187,0.18267,0.0033356,2.43,3.0653,2.76,2.0787,1.6713,1.1513,0.956,0.39333,0.248,0.804,0.94533,1.2673,0.54334,1.0047,1.0447,0.648,1.112,1.5407,1.9387,2.0847,1.9547,2.408,2.1093,1.5873,1.8647,1.8227,0.66067,0.964,2.166,0.946,0.096667,0.73734,1.1733,1.204,1.438,2.3153,1.1513,0.81667,1.448,2.5967,2.402,2.524,1.6613,-0.32867,-1.374,0.37667,2.992,1.74,1.2427,1.3153,1.0973,0.40734,0.756,1.068,1.3313,-0.25467,-1.2147,-1.2773,-0.79333,0.33134,0.67933,-0.23666,-1.028,-0.092666,2.14,2.9353,3.1193,2.736,1.9013,1.2053,0.68534,-0.57133,-0.67933,-1.198,-1.146,-0.087999,0.90267,1.4313,1.058,-0.154,-1.0407,-0.894,-0.726,-0.588,-0.37733,-0.76333,-1.0913,-1.572
-1.7127,-1.1367,-2.0193,-2.0647,-1.6073,-0.37267,0.024669,0.50734,1.0367,1.5827,1.6647,1.9547,1.242,0.25733,0.72533,1.6613,2.806,2.9833,2.9167,2.4707,0.722,-0.41866,-0.82133,-0.94,-0.33733,-0.15266,0.27733,0.41733,1.1607,1.6993,2.2207,2.8667,2.776,3.0993,2.442,1.5153,1.886,1.416,1.5047,1.5693,1.8307,1.9007,2.314,1.9853,1.508,2.1453,2.3367,0.83267,1.24,1.472,1.6947,0.442,-0.64733,0.45734,3.386,4.0427,2.2367,1.008,0.60733,2.0247,1.844,1.7547,1.2693,1.7287,1.8993,1.7933,2.192,2.236,1.2693,0.76067,1.0913,1.9353,2.4747,3.7327,3.5333,2.4147,1.088,0.32134,0.58467,0.572,1.1033,0.24533,0.14867,-0.234,-0.118,0.069334,0.826,1.4327,1.1767,0.70533,0.37534,-1.5507,-2.526,-1.4053,0.13133,2.22,1.1073,0.23134,0.45,1.8427,1.1253,0.682,0.27733,-0.72066,-0.976,-0.61333,-1.0327,-1.7633,-2.244,-1.9967,-1.262,-0.978,0.084669,1.178,1.6993,0.46134,-0.47333,-1.1187,-0.85933,0.14934,0.18133,0.36134
0.60534,0.63267,0.482,0.92267,1.64,0.12933,0.25267,0.020002,0.30267,0.69867,0.276,1.076,0.38934,-0.16067,0.44334,0.33,0.13867,0.91333,1.382,2.92,2.4647,2.2313,2.694,2.0207,2.0853,1.9353,1.3207,2.0573,2.8387,2.246,1.7087,1.3933,1.5373,2.284,1.4893,1.29,0.144,0.356,1.88,2.5113,1.9433,2.8473,1.7187,1.7393,0.48267,0.21267,1.504,1.2827,1.9647,2.0447,0.93067,0.063333,0.50067,-0.31533,-0.43533,-0.11733,2.294,3.098,2.3373,1.8567,2.1387,0.868,1.228,0.84333,0.712,1.3273,2.098,2.424,2.076,1.318,0.65467,0.62333,0.55934,1.228,1.696,0.87,1.0267,1.1407,1.66,1.0913,0.55934,1.4033,2.1653,1.9747,0.012001,-0.782,-1.0493,-0.77533,-0.90866,0.33134,1.0633,1.2667,0.96067,1.1627,1.478,0.67667,0.69534,0.66667,1.264,1.4747,1.086,0.61533,0.69933,0.458,0.01667,0.36333,0.65733,-0.54333,-0.284,0.902,1.5427,1.4173,0.762,-0.40333,-0.86667,-0.93867,-1.1527,-0.15933,0.352,-0.93,-1.1447,-1.3547
0.87333,1.1527,1.5127,-0.204,-0.46533,-0.11,0.79534,0.96667,1.04,0.48867,1.0067,-0.282,-0.62067,-0.878,0.81,2.0127,2.0367,2.9047,2.7307,2.9027,1.8493,3.078,2.4607,1.798,2.2513,1.8933,1.106,1.274,1.3227,2.1187,1.2253,1.2793,1.0947,1.2327,2.1967,1.7047,2.4507,2.6987,3.754,4.3433,3.7307,2.724,2.9727,2.8387,1.9813,2.0027,1.7813,1.6413,1.7973,0.94067,1.0847,0.37467,-0.616,-0.186,0.338,1.428,2.2253,2.2987,1.078,0.058002,-0.654,1.094,2.5053,2.448,1.4947,0.73267,0.37867,2.684,2.4973,1.5813,1.85,2.7107,2.554,2.4067,1.04,0.62867,1.172,0.99333,1.2413,0.47467,0.094668,-1.2073,-1.4767,-0.28,1.594,2.28,1.8307,0.76334,-1.6453,-1.3947,-0.458,0.16267,1.0533,1.762,1.4513,1.7693,1.5613,1.3113,-0.12,-0.87933,0.39934,1.3047,2.19,1.8233,2.238,1.544,1.3067,0.694,-0.0059977,0.30867,0.674,0.58867,-0.16466,-0.70333,-0.69666,-0.39533,-0.508,0.67933,1.4007,1.6273,1.394,1.1267
-0.628,-0.75133,-0.188,-0.10133,0.43133,1.24,0.746,0.95733,3.038,2.3327,1.546,0.38867,-0.90933,-1.856,-2,1.5087,0.78067,0.95867,0.75667,1.7207,1.99,1.09,0.64333,1.0247,0.14667,1.3673,1.0553,0.50933,1.2267,1.8347,2.0107,1.5433,0.52867,2.0193,2.2547,2.6927,3.05,2.9393,1.9227,1.8227,1.484,2.054,1.9147,2.496,3.3707,3.2273,2.3287,2.542,2.8047,3.124,1.972,2.1907,2.916,2.7027,2.7727,1.8113,1.302,0.22267,-0.818,-0.396,1.15,1.836,1.86,2.0247,2.408,2.17,1.0233,0.146,0.824,0.70733,0.95333,1.5707,1.8393,2.2093,1.6327,1.9213,2.2807,2.8213,2.4367,1.9187,1.822,1.024,0.28667,0.494,0.59934,1.7033,1.5453,1.254,2.5307,2.3773,2.0113,1.5627,1.268,0.92733,0.65533,-0.52,-0.552,-0.42066,-0.964,-1.502,-0.92467,-1.076,-1.146,-1.9073,-1.3573,-0.61333,-0.74266,-0.23067,0.976,1.0913,1.6527,1.084,0.89733,0.74067,0.87867,0.056668,-0.764,-0.46,-0.41866,-0.041996,0.23934,0.44867
0.91867,1.1507,0.83867,0.132,-0.52933,-0.28333,-0.56733,0.27533,0.844,0.29467,-0.108,0.31067,0.77,-0.15733,0.48467,0.30667,0.060002,-1.142,0.624,1.6393,2.7487,2.5893,2.7647,3.234,3.1273,3.298,3.2933,2.9327,2.6887,3.262,3.7147,3.5893,3.4733,1.8973,0.99467,1.4933,1.2927,1.904,2.66,3.1993,3.4687,2.196,1.3147,1.2647,0.61134,0.98534,1.512,2.0727,2.3733,2.7653,2.052,1.408,1.512,1.872,1.564,1.7707,1.7307,1.34,1.0647,1.5713,1.1547,1.036,1.1453,0.54867,0.97267,1.1527,1.68,1.0773,1.0347,0.72667,1.9787,2.0107,2.9353,3.376,2.74,1.3573,1.2233,1.3933,1.1347,1.292,1.5133,1.3407,1.34,1.462,1.8373,2.0933,1.6467,0.984,0.876,-0.414,-0.14467,-0.82,0.16067,0.37667,0.0046672,-0.348,0.304,1.148,0.14333,-0.296,0.012001,-0.074664,0.52,0.077336,-0.52533,0.34933,0.66134,0.80467,0.622,0.706,-0.0079987,-0.47467,-0.085332,-0.158,-0.37133,-1.018,-0.11266,0.62333,-0.070663,0.048667,0.95534,0.24267
0.80134,0.696,0.024001,-1.1167,-1.674,-1.4147,0.32867,2.1767,1.864,1.472,0.44867,0.80267,1.5207,2.1587,2.8167,1.8693,1.3173,0.92667,-0.10733,0.322,0.906,1.6953,1.566,2.4187,2.4513,1.6413,1.6993,1.0493,0.047335,0.618,0.80267,1.5933,1.0973,0.55467,0.912,1.5433,1.8927,1.9,2.0167,1.728,0.42133,-0.516,0.26933,2.0327,2.3673,1.47,1.182,0.656,0.92467,1.92,2.7707,3.1387,2.778,2.912,1.9027,1.2613,1.2133,0.82467,1.3287,1.6973,2.822,3.1573,3.2513,2.4373,1.1847,0.99667,1.898,0.58467,0.52533,0.552,-0.27733,-0.59666,0.64734,1.1873,1.8987,2.2667,2.3727,1.4767,0.874,-0.30466,0.082669,0.12933,-0.53,-0.82467,-0.698,-0.35267,0.87533,0.976,1.3227,1.5613,2.74,1.8493,0.814,0.486,0.148,0.728,1.1013,1.5727,1.1167,1.2893,1.6607,1.764,1.086,0.35534,-0.488,-0.706,-0.58267,-0.274,-0.35467,-0.166,-0.55133,-1.112,-1.4927,-0.37733,0.47667,0.87333,1.326,0.75134,0.96,0.49267,0.30733,0.21133
1.3913,1.6073,2.22,1.836,1.5133,0.64667,0.75134,0.54933,1.2273,1.0753,1.2947,1.2293,0.62534,0.084669,1.7713,2.4587,2.3713,1.1173,0.99933,2.7593,2.6553,2.3373,1.9373,0.728,0.94334,0.66933,1.0053,1.6827,0.80467,0.76534,1.4153,1.9,2.1307,1.5653,1.0787,1.1747,1.3593,-0.206,-0.16333,0.78933,1.5647,2.3347,2.0027,2.0527,2.918,2.666,1.006,0.073335,0.89533,1.6507,2.4267,1.58,0.94467,1.6093,1.6713,1.202,1.6433,2.4713,3.0673,2.6907,1.6467,1.5147,1.636,-0.32066,-0.59,-0.15333,0.81334,0.76067,1.0387,0.45734,-0.079997,0.04267,1.0487,1.242,0.54533,0.54733,0.88134,1.744,1.5753,1.0987,0.498,-0.064666,0.35,0.806,0.396,0.69467,1.638,1.842,2.2907,2.0767,1.3087,0.099336,-0.29933,0.012003,0.596,1.186,1.63,1.1447,0.652,0.54667,0.832,1.5927,1.198,0.82934,0.60334,0.34,-0.91467,-0.562,0.078669,0.64,0.84734,1.0447,-0.49533,-0.778,-0.95133,0.42,0.60734,-0.32333,-0.64133,-0.556,-0.95533,-1.388
-0.14066,0.67067,0.31667,0.61,1.0427,1.668,1.414,0.61267,0.324,-0.92667,-0.616,-0.11733,0.33934,0.41534,1.6647,1.7427,2.3753,0.43333,1.0433,1.1413,1.4167,1.5227,1.396,-0.15533,-0.462,0.26267,1.312,2.0113,2.7387,2.296,2.6973,2.258,3.436,3.4913,2.9173,2.7153,1.89,1.8127,2.1853,1.938,1.9007,1.786,1.27,2.198,1.5287,1.2833,0.36334,0.47733,1.2267,2.5413,3.8153,3.8987,2.8247,2.2733,2.9227,2.554,2.2013,1.8493,1.6987,1.9153,1.372,-0.0033295,0.42934,0.678,1.0127,0.754,1.266,0.784,1.2467,1.0833,1.8,3.2493,3.412,1.124,1.326,0.196,-0.10333,0.31134,0.43,0.66467,1.3187,0.93933,-0.16133,-1.6067,-0.88533,2.0493,3.4893,2.126,0.574,-0.536,-0.65266,-0.938,-0.74867,-0.37133,0.26934,0.40934,-0.41733,-1.2,-0.56867,-0.52866,-0.602,-1.4967,-1.5893,0.011334,1.9993,1.04,1.488,1.7693,2.2847,1.2473,-0.41733,-1.18,-0.89666,-0.966,-1.0227,-0.56933,-0.884,-1.3967,-0.854,-0.452,-0.91,-0.67733
-1.0433,-0.88266,-0.51133,0.63467,1.162,1.9453,2.002,2.466,2.3347,1.53,2.4,1.8187,1.372,1.2307,1.7107,2.2153,1.8733,1.0487,0.68134,1.36,2.0153,1.2573,1.54,1.1287,1.4387,2.0427,2.7813,3.242,3.342,2.6033,1.5173,0.32467,1.1053,2.0573,1.54,0.82867,1.262,1.8627,2.41,1.878,1.4313,2.2493,1.5653,0.67,0.608,0.90334,1.0727,0.824,0.91667,1.4327,1.5953,0.84934,0.57067,1.3367,1.34,-0.432,-1.6427,2.226,2.9,2.4127,2.398,1.2867,1.3993,0.95,0.794,-0.14066,0.136,0.085335,0.60334,1.064,1.1213,1.0213,1.008,0.38667,0.45533,0.45867,0.79934,1.018,1.594,1.882,0.85867,0.18467,-1.0593,-2.1493,0.43933,2.0907,1.908,1.2827,0.53,0.37134,0.89333,1.0473,1.288,0.45934,0.67,0.792,0.34334,-0.382,-0.52933,-0.41066,-0.42266,0.39467,0.214,0.398,0.112,-0.35,-0.079331,0.482,0.21733,0.304,-0.79,-0.21333,0.35467,0.14534,0.59733,0.264,-0.28,-1.1053,-0.068664,0.52134,0.268,-0.23
-0.19133,-0.61533,0.41067,0.91467,0.83734,0.98067,1.1607,0.89534,0.089336,0.536,0.66667,0.28934,-0.44867,-0.67066,-0.26066,1.2833,2.272,2.9493,3.058,3.6473,3.104,2.766,2.742,2.826,1.4847,1.6113,0.89934,0.63,1.0333,1.6547,1.6613,2.0293,1.1187,0.42733,1.6487,2.6047,2.9253,3.7633,3.748,3.4813,2.7427,2.3593,1.578,1.3673,0.748,0.642,1.0767,1.8607,2.424,2.5267,1.894,1.8627,0.168,-0.093332,0.75134,1.2073,0.92734,0.57267,-0.284,0.089334,0.57534,1.0133,0.53667,-0.10867,-1.5667,-0.56467,1.362,1.0933,0.98934,0.99933,1.058,0.64333,0.002002,-0.48866,0.156,0.568,0.97867,1.108,1.1073,1.6727,0.64734,-1.0613,-0.87733,0.38133,1.5247,2.1447,2.144,2.3453,1.3747,1.6067,1.7047,1.5073,0.95934,0.466,0.132,0.61267,-0.24666,-1.1327,-0.328,0.95067,1.7087,1.6707,0.768,0.686,0.20933,0.65933,1.1373,0.316,-0.58333,-1.0133,-1.0333,-0.97067,-0.876,-0.21333,0.122,0.222,0.18267,-0.056664,-0.22667,0.83667,0.78267,0.43533
-2.2007,-0.95466,-0.49333,0.27067,0.83134,0.83467,0.83534,0.176,-0.876,-0.69733,-1.4533,-1.4693,-1.1893,-1.214,-1.316,-0.60466,-0.039999,0.49334,1.482,2.094,1.7527,2.0087,3.4533,3.782,3.2933,3.4327,2.28,1.6627,1.1847,1.1147,1.9687,2.2547,1.6667,1.8453,1.518,1.5627,0.99333,0.342,0.77334,1.658,1.8053,2.3653,2.3827,2.3413,2.344,2.8947,3.0753,2.5033,1.576,2.0307,2.134,1.9287,1.5913,0.77667,-0.03333,-0.25667,0.21134,1.1247,1.56,0.049338,-0.608,-0.059332,0.878,1.0273,1.2307,1.9187,2.75,2.904,1.734,0.74467,1.3687,1.558,1.36,0.996,0.96667,1.51,1.0147,0.90934,0.808,0.876,0.974,0.91134,1.38,1.3927,2.2373,1.45,1.7613,1.4247,0.83867,0.198,0.66867,0.22734,-0.87,-0.89266,-0.532,0.075336,1.0933,0.98134,0.22067,-0.22266,-0.226,-0.444,-1.2213,-1.4953,-1.288,-0.44733,0.572,2.006,2.5147,0.29,-2.062,-1.9527,-1.022,0.048668,1.3553,1.9127,1.784,1.094,0.39267,0.15867,0.42134,0.54267
1.0953,2.5893,1.046,2.296,0.53467,0.504,0.14667,0.087335,0.78734,1.3473,1.4047,1.652,0.702,0.57467,0.84134,1.19,0.097335,-0.31533,-0.808,-1.0107,-0.78666,-0.12,0.154,0.824,1.992,2.2507,1.8727,1.4013,1.1913,1.436,0.95934,0.75333,-1.5047,-0.79666,1.5173,3.3647,3.5047,3.5713,3.994,2.9367,2.58,2.4773,2.1733,1.366,1.222,0.44333,0.272,0.62467,1.6713,1.3587,0.80534,0.83467,2.1527,2.186,1.54,1.8387,1.916,1.9653,0.564,0.71,1.25,1.9953,1.2187,-0.762,-1.182,-0.16467,1.2507,2.3993,2.314,1.3913,0.34734,0.66534,0.99534,0.17467,0.22733,-0.09133,-0.49933,-0.726,-0.063996,2.9707,2.7233,2.324,1.614,1.236,1.3467,0.92134,1.5813,2.084,0.908,-0.642,-1.164,0.51733,2.798,2.1467,-0.78933,-1.664,-1.4293,0.528,2.3193,2.1507,1.256,0.942,1.3047,1.254,0.75067,-0.11067,-0.51933,-0.56866,-0.32067,0.17067,0.124,-0.79,-0.86667,-0.21933,-0.56533,-0.34,0.24133,-0.39667,-0.63266,-0.94733,-1.6493,-2.2373
-1.17,0.34933,0.398,-0.79266,-0.85733,-0.62467,-0.35,0.40933,0.96933,2.5607,3.5967,2.7667,3.07,3.678,3.366,2.856,2.534,2.428,1.4813,0.71,-0.33933,-0.73533,0.19267,2.1847,2.6087,1.21,1.2827,1.0813,-0.194,-0.594,0.58467,2.284,2.3953,2.3393,1.572,1.1213,0.49267,1.1473,1.2727,1.5487,2.2507,2.0927,2.248,1.3967,0.68467,0.17,0.92334,1.696,2.342,2.9167,2.9433,3.1053,2.5747,2.0273,2.758,3.2687,3.3347,3.054,2.698,2.1867,2.0473,2.3927,2.096,1.5753,1.228,0.918,-0.41066,-1.3113,0.77134,2.2827,2.1373,1.9747,2.1927,2.5227,3.1547,2.956,2.7953,2.2427,1.248,0.72733,-0.077331,0.47667,1.9653,1.764,0.994,0.63067,0.28733,0.044,0.19334,0.52867,0.95734,1.25,0.85934,0.82,1.112,1.194,1.52,1.6547,1.7993,1.3967,0.644,0.96467,1.2353,0.62734,0.69734,0.33267,-0.013995,0.33134,0.13134,-0.05333,-0.70933,-0.25,-0.30933,-0.77,-2.4947,-1.9593,-0.59933,1.1033,0.404,-0.11066,-0.42066,-1.58
0.84467,1.19,0.079335,-0.18733,1.9193,3.2107,2.924,2.818,2.3813,2.1593,2.0107,2.2967,3.1747,4.0187,4.38,3.134,3.6513,3.5247,3.9453,3.3247,2.7647,2.454,2.382,2.2433,2.0847,1.7087,2.3733,2.4247,2.0333,1.394,2.1567,2.4327,3.5567,4.3,3.9013,4.308,2.554,1.8067,0.77734,0.46267,2.5067,3.6107,3.6007,3.5093,2.8547,2.8533,2.192,1.904,1.9353,2.6227,1.6267,1.862,2.1953,1.83,1.7727,0.66067,0.01267,0.094002,-0.43,0.95467,1.6653,1.1713,0.726,0.69467,0.192,0.16534,0.68867,2.1593,1.8233,0.36934,-0.094665,0.636,1.9427,2.5167,2.3087,2.2313,1.4933,0.95333,1.0793,1.6967,1.4153,1.2587,1.4967,0.91867,0.69134,0.32867,1.1387,1.7713,1.9227,2.452,1.21,0.40267,0.26267,0.50667,1.048,1.5693,1.664,0.986,-0.31666,-1.2487,-1.1173,-1.3587,-1.1527,-0.672,0.156,0.152,0.322,-0.11533,-0.58933,-0.87933,0.508,2.196,0.18334,0.31934,-0.468,-0.604,-0.024664,0.44667,0.76933,1.1407,0.584,0.10734
0.064672,0.10533,0.20934,-0.19466,0.38867,0.394,-0.132,-0.25133,0.29067,0.052003,0.59667,0.43134,0.55334,1.0007,1.2707,0.068003,-0.59467,-1.046,-1.4713,-1.0827,-0.15,0.0093363,0.248,0.61667,0.18467,0.858,0.77334,1.1167,2.6027,3.7007,2.9507,2.7087,2.032,1.3607,1.1073,0.84267,1.4813,1.1047,1.2847,2.0553,2.4647,1.8313,1.342,0.27134,-0.31266,0.68734,2.1573,2.5947,2.2733,1.5987,-0.017331,0.076669,1.5333,2.796,3.0327,2.74,3.158,3.1193,2.774,2.604,2.444,2.0113,2.4013,2.3267,2.7613,2.7607,2.2933,2.326,1.836,1.6907,1.0987,0.43267,0.578,1.5287,1.6493,1.4887,2.464,2.338,2.092,1.7093,1.8293,1.6847,1.5073,1.456,0.67867,-0.15533,-1.0093,-0.748,-0.47333,0.60867,2.1287,1.3773,-0.055997,0.13267,0.47067,-0.44933,-1.4687,-1.6207,-2.8273,-2.0953,-1.0933,1.1047,1.2187,0.13,0.0026693,0.49867,1.106,0.55867,-0.562,-0.18666,0.45534,1.4373,0.65934,0.96934,0.45334,-0.22867,0.15533,-0.614,-1.63,-2.374,-1.9927,-1.894
0.646,0.42267,0.56667,1.366,0.94867,0.18734,1.0107,0.020001,-1,-0.78066,-0.636,-0.808,0.486,0.86067,1.0147,1.4047,0.38134,-0.248,0.372,1.4347,1.4087,2.1153,1.384,1.6827,0.83733,0.84467,1.4373,1.948,2.28,2.3313,1.8113,0.10467,0.013337,0.99067,1.8693,1.4947,0.67933,1.568,1.4867,2.0987,3.3547,3.8787,1.962,0.62667,0.36334,0.48867,1.962,2.4547,2.9333,2.2067,1.926,1.9813,0.87267,0.91267,-0.27133,0.878,1.528,1.7773,0.39067,0.094002,0.492,1.17,1.3347,1.2587,2.016,1.2027,-0.63333,0.54934,1.8013,1.84,1.4533,1.7567,0.74267,0.054001,1.1167,1.1147,1.1,1.676,1.8,1.534,1.7613,2.2713,2.158,1.798,1.4307,0.72334,-0.32,-0.68667,-0.032667,0.66,0.26134,0.62067,1.38,1.182,0.86067,0.89734,0.672,0.64133,-0.198,-0.42733,0.228,1.868,1.67,1.676,1.0687,-0.10533,-0.54733,-1.3893,-1.068,-1.4707,-2.2773,-0.33466,1.1647,1.82,0.994,0.38867,-0.48867,-0.84867,-0.82,-0.42333,-0.42666,-0.966
1.0353,-0.514,-1.4307,-0.81533,-0.095997,0.48267,1.1847,1.7447,1.5093,2.1267,2.4367,1.7993,1.5847,1.2053,1.656,2.0593,1.78,1.2693,0.972,1.1827,0.94667,1.3653,1.934,2.3327,2.2113,1.8607,1.6893,2.4687,1.888,2.8567,2.9687,1.8767,1.798,1.4513,0.29067,0.51467,1.3847,2.0153,1.9127,1.8667,1.1187,0.048669,0.348,0.764,1.526,0.12134,0.166,0.85934,1.6167,2.0147,1.5927,1.1793,0.748,0.57667,0.67667,1.0453,2.144,1.89,1.5967,0.876,1.3093,1.626,1.336,1.002,1.4273,1.406,1.1387,0.86,0.79534,0.93667,2.1327,2.052,0.574,-0.46066,1.264,2.7127,2.8653,1.5907,1.2087,0.29267,-0.382,0.74,1.054,1.4407,1.4907,0.832,0.284,-0.54266,-0.65133,-0.994,-0.584,-0.52133,-1.4027,-0.74533,-0.54666,0.594,0.952,1.4873,1.9307,1.978,1.046,-0.35467,0.308,1.2453,0.87667,0.083335,0.4,0.74734,0.854,1.2587,0.70334,-0.071998,-0.60133,-0.38533,-1.514,-0.39733,-0.025332,0.49467,0.354,0.57267,0.098003,-0.30467
0.376,0.22334,1.044,1.5,1.1387,1.2313,0.19533,-0.40133,-0.54266,0.684,0.40334,-0.96733,-0.041999,0.356,0.808,1.4227,2.328,2.2613,1.4913,1.46,1.9,2.1327,2.384,3.0547,3.076,2.83,2.402,1.818,0.754,0.29934,1.2013,1.03,1.0353,1.7533,2.1693,2.5073,2.4247,1.4913,0.326,1.912,2.8393,2.3047,2.4567,1.782,1.958,1.896,1.6853,2.52,3.4727,1.5913,0.086671,0.166,2.1013,3.2027,2.24,1.0233,0.49333,1.3307,1.596,1.7867,1.76,2.1213,2.402,2.9027,1.418,0.11867,-0.44533,0.056001,0.67,1.064,-0.122,-0.30866,1.374,2.6173,2.6613,2.09,1.3053,1.04,0.01867,-0.049333,0.64267,1.3553,2.8353,2.6227,2.0753,1.468,0.412,0.78267,0.12733,0.32667,0.47134,0.72133,0.63667,0.39933,-0.60333,-1.2987,-0.864,0.96134,1.8487,1.7307,0.87534,0.23467,0.41133,1.338,2.2673,2.542,1.6693,1.0167,1.4433,0.81334,-0.23,0.076667,0.49533,0.388,0.73467,0.30267,0.33267,-0.34733,-0.91066,-0.84066,-1.0167,-1.2933
-0.26266,-0.102,-0.016665,0.70867,1.0647,1.6433,1.4333,1.968,3.1227,2.674,2.5153,1.008,-0.442,-1.0807,0.11534,1.5753,2.2933,1.5333,0.79467,1.09,1.8233,1.87,1.1707,0.69267,0.54,1.24,2.986,2.9307,2.8147,2.1687,1.6713,1.4733,0.23667,1.7953,2.7547,2.3433,2.5713,1.996,2.354,1.7107,0.072668,-0.414,1.398,1.926,1.344,0.636,1.014,1.474,1.9213,1.5593,1.1573,0.20267,-0.36266,0.71134,1.5373,1.7327,2.0453,2.9613,1.8187,0.94467,-0.019998,0.36867,1.5407,2.5873,1.29,1.2033,0.57334,1.3713,1.8353,1.4607,2.6047,2.334,1.242,1.7313,2.2067,1.436,0.73,1.512,0.75334,0.43267,-0.15266,-0.70066,-1.248,-0.27666,0.71933,1.258,1.7513,2.0567,0.84867,0.614,1.1887,1.326,0.95667,1.0147,1.46,1.7387,1.7607,1.3693,1.126,0.3,-0.228,-0.28266,-0.102,0.15267,-0.38933,-0.019331,-0.047332,-0.041331,-0.99867,-0.51133,-2.438,-2.436,-1.6653,-0.40466,0.874,1.1827,1.734,2.5727,2.0873,1.3887,-0.013332,-0.62867
-1.042,-2.322,-1.9053,-0.74066,-0.69466,-0.71266,-0.67533,0.63067,0.35267,0.162,0.60134,0.90067,0.42267,2.3733,2.0507,1.7673,2.4367,2.3293,1.7827,2.8013,4.0453,2.7967,1.7447,1.8027,1.4527,0.90334,0.70067,1.5653,2.08,2.278,2.1593,1.4493,0.99267,1.4873,0.52534,0.39534,1.2693,1.4867,1.9373,1.3013,1.27,1.472,0.82134,0.242,0.42734,0.818,1.6953,2.722,1.2527,0.41933,-0.10067,0.45267,1.9667,3.7373,2.5793,1.2993,0.92,0.89067,1.1127,0.962,0.91467,1.618,1.6707,1.8467,0.58,-0.071334,1.7027,3.1487,2.54,1.938,1.408,1.44,1.8307,2.0313,3.1367,3.6573,2.16,0.764,0.594,0.188,1.4387,1.4707,0.992,0.94667,1.132,1.2487,1.296,0.64333,-1.2673,-1.346,-1.6347,-1.514,-1.782,0.047335,1.8227,2.8147,1.9507,-0.63266,-2.1427,-0.954,0.408,0.512,0.24933,0.10467,0.10267,-0.41266,-1.2887,-0.67733,-0.51933,-0.042665,-0.53,-0.82867,-0.66333,0.83934,1.016,0.99333,0.36733,0.74867,1.0187,0.774,1.298,1.1293
